<?xml version="1.0" encoding="UTF-8"?>
<rootTag>
<Award>
<AwardTitle>Modeling X-ray Transient Spectroscopy with Adaptive Wavefunction Methods</AwardTitle>
<AwardEffectiveDate>06/01/2019</AwardEffectiveDate>
<AwardExpirationDate>05/31/2022</AwardExpirationDate>
<AwardTotalIntnAmount>431437.00</AwardTotalIntnAmount>
<AwardAmount>431437</AwardAmount>
<AwardInstrument>
<Value>Standard Grant</Value>
</AwardInstrument>
<Organization>
<Code>03090000</Code>
<Directorate>
<Abbreviation>MPS</Abbreviation>
<LongName>Direct For Mathematical &amp; Physical Scien</LongName>
</Directorate>
<Division>
<Abbreviation>CHE</Abbreviation>
<LongName>Division Of Chemistry</LongName>
</Division>
</Organization>
<ProgramOfficer>
<SignBlockName>Evelyn Goldfield</SignBlockName>
</ProgramOfficer>
<AbstractNarration>Francesco Evangelista of Emory University is supported by an award from the Chemical Theory, Models and Computational Methods program in the Division of Chemistry to develop computational approaches to study   how molecules interact and change in response to exposure to X-ray radiation. X-rays can be used to probe the dynamics of electrons and nuclei during chemical reactions.  These experiments have   an unprecedented time resolution down to the attosecond scale (one quintillionth of a second). The interpretation of experiments that probe molecules via X-rays relies heavily on quantum mechanical simulations.  This involves solving the electronic Schrodinger equation for these systems.  Such calculations are challenging due to the combination of relativistic effects and the correlated motion of electrons. Evangelista and his coworkers develop efficient and accurate methods for such simulations.  They develop efficient adaptive algorithms that reduce the computational cost of simulating the structure and dynamics of electrons in molecules. They also develop   open-source software that implements the theories developed in this project.  This software is made available to the broader research community.  Evangelista also recruits undergraduates majoring in STEM fields to pursue summer research in his research group.  &lt;br/&gt;&lt;br/&gt;At a fundamental level, the project addresses the problem of computing transient core-excitations with important contributions from both weak and strong correlation. The strategy employed by Evangelista uses compact selected configuration interaction wave functions to describe strong correlation effects and efficient many-body correlation methods to treat weak correlations. The adaptive configuration interaction (ACI) scheme developed in this project is both adaptive and tunable and provides a systematic path to compute excited states with high accuracy. The ACI method is developed to address two challenging problems that require an explicit treatment of highly-excited electronic configurations: the simulation of transient X-ray spectroscopies and the decay of core-ionized and core-excited states&lt;br/&gt;&lt;br/&gt;This award reflects NSF's statutory mission and has been deemed worthy of support through evaluation using the Foundation's intellectual merit and broader impacts review criteria.</AbstractNarration>
<MinAmdLetterDate>07/09/2019</MinAmdLetterDate>
<MaxAmdLetterDate>07/09/2019</MaxAmdLetterDate>
<ARRAAmount/>
<AwardID>1900532</AwardID>
<Investigator>
<FirstName>Francesco</FirstName>
<LastName>Evangelista</LastName>
<EmailAddress>francesco.evangelista@emory.edu</EmailAddress>
<StartDate>07/09/2019</StartDate>
<EndDate/>
<RoleCode>Principal Investigator</RoleCode>
</Investigator>
<Institution>
<Name>Emory University</Name>
<CityName>Atlanta</CityName>
<ZipCode>303224250</ZipCode>
<PhoneNumber>4047272503</PhoneNumber>
<StreetAddress>1599 Clifton Rd NE, 4th Floor</StreetAddress>
<CountryName>United States</CountryName>
<StateName>Georgia</StateName>
<StateCode>GA</StateCode>
</Institution>
<ProgramElement>
<Code>6881</Code>
<Text>Chem Thry, Mdls &amp; Cmptnl Mthds</Text>
</ProgramElement>
<ProgramReference>
<Code>8084</Code>
<Text>CDS&amp;E</Text>
</ProgramReference>
<ProgramReference>
<Code>9216</Code>
<Text>ADVANCED SOFTWARE TECH &amp; ALGOR</Text>
</ProgramReference>
<ProgramReference>
<Code>9263</Code>
<Text>COMPUTATIONAL SCIENCE &amp; ENGING</Text>
</ProgramReference>
</Award>
</rootTag>
