<?xml version="1.0" encoding="UTF-8"?>
<rootTag>
<Award>
<AwardTitle>Design, Synthesis and Investigation of Substitution on Conformation Properties</AwardTitle>
<AwardEffectiveDate>09/01/2019</AwardEffectiveDate>
<AwardExpirationDate>08/31/2022</AwardExpirationDate>
<AwardTotalIntnAmount>399949.00</AwardTotalIntnAmount>
<AwardAmount>399949</AwardAmount>
<AwardInstrument>
<Value>Standard Grant</Value>
</AwardInstrument>
<Organization>
<Code>03090000</Code>
<Directorate>
<Abbreviation>MPS</Abbreviation>
<LongName>Direct For Mathematical &amp; Physical Scien</LongName>
</Directorate>
<Division>
<Abbreviation>CHE</Abbreviation>
<LongName>Division Of Chemistry</LongName>
</Division>
</Organization>
<ProgramOfficer>
<SignBlockName>Tingyu Li</SignBlockName>
</ProgramOfficer>
<AbstractNarration>In this project, funded by the Chemical Structure, Dynamics &amp; Mechanisms-B Program of the Chemistry Division, Professor Jennifer Lu at University of California, Merced, is developing a new class of molecular switches that can be triggered by low-energy stimuli. Inspired by long-lasting and precise changes in the shapes of biomolecules, Professor Lu designs and synthesizes a set of unique molecular structures and studies their changing structures. The multidisciplinary nature of this project employs fundamental knowledge from organic chemistry, physical chemistry and materials science and engineering, and provides a learning environment that is conducive to training and inspiring students at all levels. A key component of the education program involves outreach to encourage high school students to pursue college education in STEM fields. This research may help scientists understand the directional growth of a plant in response to sunlight and how to harvest waste energy. &lt;br/&gt;&lt;br/&gt;Professor Lu and her research group develope polymers that generate anomalously large thermal contractions (up to -2300 ppm/K).  These polymers contain a small amount of 1, 4, 7, 10 tetra-phenylamide substituted s-dibenzocyclooctadiene (DBCOD), a flexible cyclooctane group fused to one rigid phenyl ring at each end. The research group hypothesizes that this thermal contraction stems from DBCOD's conformational up-conversion from the global minimum to a local minimum.  The relative energies of these two conformers and the energy barriers of this conformational transition can be adjusted by the local environment (e.g., substitution type and pattern). To acquire a fundamental understanding of substituent effects on the thermodynamic and kinetic aspects of the DBCOD conformational change, they conduct a multidisciplinary investigation that involves computation-guided model system synthesis and atomic and molecular scale characterizations.  The goal of this project is to establish substitution design rules that correlate specific substituents to their effects on conformation properties.   To connect atomic-scale changes to macroscopic behavior and validate the design guideline, they use the DBCOD derivative that favors the twist-boat conformation at lower temperature and the chair conformation at higher temperature to make a linear polymer.&lt;br/&gt;&lt;br/&gt;This award reflects NSF's statutory mission and has been deemed worthy of support through evaluation using the Foundation's intellectual merit and broader impacts review criteria.</AbstractNarration>
<MinAmdLetterDate>08/06/2019</MinAmdLetterDate>
<MaxAmdLetterDate>08/06/2019</MaxAmdLetterDate>
<ARRAAmount/>
<AwardID>1900647</AwardID>
<Investigator>
<FirstName>Jennifer</FirstName>
<LastName>Lu</LastName>
<EmailAddress>jennifer.lu@ucmerced.edu</EmailAddress>
<StartDate>08/06/2019</StartDate>
<EndDate/>
<RoleCode>Principal Investigator</RoleCode>
</Investigator>
<Institution>
<Name>University of California - Merced</Name>
<CityName>Merced</CityName>
<ZipCode>953435001</ZipCode>
<PhoneNumber>2092598670</PhoneNumber>
<StreetAddress>5200 North Lake Road</StreetAddress>
<CountryName>United States</CountryName>
<StateName>California</StateName>
<StateCode>CA</StateCode>
</Institution>
<ProgramElement>
<Code>9102</Code>
<Text>Chem Struct,Dynmcs&amp;Mechansms B</Text>
</ProgramElement>
<ProgramReference>
<Code>9251</Code>
<Text>REU SUPP-Res Exp for Ugrd Supp</Text>
</ProgramReference>
</Award>
</rootTag>
