<?xml version="1.0" encoding="UTF-8"?>
<rootTag>
<Award>
<AwardTitle>Non-Archimedean Methods in Complex Analysis, Dynamics, and Geometry</AwardTitle>
<AwardEffectiveDate>07/01/2019</AwardEffectiveDate>
<AwardExpirationDate>06/30/2022</AwardExpirationDate>
<AwardTotalIntnAmount>240000.00</AwardTotalIntnAmount>
<AwardAmount>240000</AwardAmount>
<AwardInstrument>
<Value>Standard Grant</Value>
</AwardInstrument>
<Organization>
<Code>03040000</Code>
<Directorate>
<Abbreviation>MPS</Abbreviation>
<LongName>Direct For Mathematical &amp; Physical Scien</LongName>
</Directorate>
<Division>
<Abbreviation>DMS</Abbreviation>
<LongName>Division Of Mathematical Sciences</LongName>
</Division>
</Organization>
<ProgramOfficer>
<SignBlockName>Marian Bocea</SignBlockName>
</ProgramOfficer>
<AbstractNarration>Analysis, Geometry and Dynamics are areas of Mathematics, which since their discovery have been used in order to understand the world around us. They are crucial to other scientific fields, such as engineering, biology and economics. For example, the mathematical modeling of any phenomenon that undergoes change over time (such as the population of bacteria in a body, the stock market, etc.) can be viewed as a dynamical system. Similarly, geometry is the basis for many current industrial applications such as 3D printing. This research project will enhance the tools available in the aforementioned branches of mathematics. The development of geometry goes back to the ancient Greeks, who laid down axioms, or basic assumptions, from which all other reasonable properties could be logically deduced. The main focus of this project is a detailed study of certain phenomena that occur when the Archimedean Axiom, attributed to Archimedes of Syracuse, is no longer valid. The resulting mathematics turns out to be useful even when the primary object of study is of the usual, Archimedean, kind.&lt;br/&gt;&lt;br/&gt;This mathematics research project will employ methods from non-Archimedean analysis and geometry in order to study a range of problems in analysis, dynamics and geometry. The principal investigator will work with Berkovich spaces, non-Archimedean analogues of real and complex manifolds. Among many specific projects, one involves a detailed study of the space of metrics on an ample line bundle on a compact complex manifold. Geodesic rays inside this space can be studied using non-Archimedean means. The principal investigator will also continue his work with Boucksom on the Kontsevich-Soibelman conjecture that originally arose in the study of mirror symmetry. In analysis and dynamics, the principal investigator will try to use non-Archimedean techniques to construct invariant currents for quite general two-dimensional complex dynamical systems and study the growth of arithmetic complexity along orbits of certain arithmetic dynamical systems.&lt;br/&gt;&lt;br/&gt;This award reflects NSF's statutory mission and has been deemed worthy of support through evaluation using the Foundation's intellectual merit and broader impacts review criteria.</AbstractNarration>
<MinAmdLetterDate>05/30/2019</MinAmdLetterDate>
<MaxAmdLetterDate>05/30/2019</MaxAmdLetterDate>
<ARRAAmount/>
<AwardID>1900025</AwardID>
<Investigator>
<FirstName>Mattias</FirstName>
<LastName>Jonsson</LastName>
<EmailAddress>mattiasj@umich.edu</EmailAddress>
<StartDate>05/30/2019</StartDate>
<EndDate/>
<RoleCode>Principal Investigator</RoleCode>
</Investigator>
<Institution>
<Name>University of Michigan Ann Arbor</Name>
<CityName>Ann Arbor</CityName>
<ZipCode>481091274</ZipCode>
<PhoneNumber>7347636438</PhoneNumber>
<StreetAddress>3003 South State St. Room 1062</StreetAddress>
<CountryName>United States</CountryName>
<StateName>Michigan</StateName>
<StateCode>MI</StateCode>
</Institution>
<ProgramElement>
<Code>1281</Code>
<Text>ANALYSIS PROGRAM</Text>
</ProgramElement>
<ProgramReference>
<Code>9251</Code>
<Text>REU SUPP-Res Exp for Ugrd Supp</Text>
</ProgramReference>
</Award>
</rootTag>
