<?xml version="1.0" encoding="UTF-8"?>
<rootTag>
<Award>
<AwardTitle>Topics in protein and RNA folding and dynamics</AwardTitle>
<AwardEffectiveDate>07/01/2019</AwardEffectiveDate>
<AwardExpirationDate>06/30/2023</AwardExpirationDate>
<AwardTotalIntnAmount>1239688.00</AwardTotalIntnAmount>
<AwardAmount>1239688</AwardAmount>
<AwardInstrument>
<Value>Standard Grant</Value>
</AwardInstrument>
<Organization>
<Code>03090000</Code>
<Directorate>
<Abbreviation>MPS</Abbreviation>
<LongName>Direct For Mathematical &amp; Physical Scien</LongName>
</Directorate>
<Division>
<Abbreviation>CHE</Abbreviation>
<LongName>Division Of Chemistry</LongName>
</Division>
</Organization>
<ProgramOfficer>
<SignBlockName>Bruce Johnson</SignBlockName>
</ProgramOfficer>
<AbstractNarration>Professor Devarajan (Dave) Thirumalai at the University of Texas Austin is supported by an award from the Chemical Theory, Models and Computational Methods Program in the Chemistry Division and the Molecular Biophysics Cluster in the Division of Molecular and Cellular Biosciences. Professor Thirumalai creates novel, theoretical, computational models in order to address outstanding questions in biologically-related research. For example, there are many proteins that do not adopt well-defined structures, these are referred to as Intrinsically Disordered Proteins (IDPs). IDPs behave like synthetic polymers but still control many biological functions.  Professor Thirumalai uses computational models to predict the structure and reactions of IDPs with other IDPs as well as of IDPs with RNA (ribonucleic acid). The characteristics of RNA folding and interactions with unstructured proteins are of specific interest. Finally, the physical mechanisms by which molecular-sized motors, transport molecular "cargo" within cells are not well understood. Professor Thirumalai examines how these motors move and make their deliveries.  In addition to the potential for broad impact of this research in biotechnology, Professor Thirumalai is devoted to the training of new generations of students in interdisciplinary research.&lt;br/&gt;&lt;br/&gt;In the last twenty years, it has become increasingly clear that nearly 40% of the proteome consists of the so-called low complexity IDPs, which are involved in a number of still unknown functions. A major goal of Professor Thirumalai's research is to develop reliable models that can quantitatively predict the structural and dynamical properties of IDPs. This first step is needed in order to understand how they interact with RNA and themselves in producing liquid droplets, which are recognized to be important, but whose properties are largely unknown. Another aspect of Professor Thirumalai's research deals with how RNA molecules fold, especially with the focus on the difficult problem of the mechanisms by which metal cations drive their folding. In addition, Thirumalai is keenly interested in uncovering the principles of RNA-RNA interactions.  These structures also form droplets by themselves and in interactions with IDPs. Finally, two-headed molecular motors (Myosin, Dynein, and Kinesin) are largely responsible for transport of cargos in cells. They achieve this complex task by walking along actin and microtubules (MTs) in a preferred direction. One of Professor Thirumalai's major goals is to elucidate, using a combination of sophisticated theory and simulations, the structural basis by which the motors coordinate the two heads in a way such that one head steps forward while the other is bound to actin or MTs. Professor Thirumalai uses theoretical ideas to predict the outcomes of experiments, which include the distribution of motor velocities. These results are critically needed in order to redesign motors for synthetic purposes.&lt;br/&gt;&lt;br/&gt;This award reflects NSF's statutory mission and has been deemed worthy of support through evaluation using the Foundation's intellectual merit and broader impacts review criteria.</AbstractNarration>
<MinAmdLetterDate>06/17/2019</MinAmdLetterDate>
<MaxAmdLetterDate>06/17/2019</MaxAmdLetterDate>
<ARRAAmount/>
<AwardID>1900093</AwardID>
<Investigator>
<FirstName>Devarajan</FirstName>
<LastName>Thirumalai</LastName>
<EmailAddress>dave.thirumalai@gmail.com</EmailAddress>
<StartDate>06/17/2019</StartDate>
<EndDate/>
<RoleCode>Principal Investigator</RoleCode>
</Investigator>
<Institution>
<Name>University of Texas at Austin</Name>
<CityName>Austin</CityName>
<ZipCode>787595316</ZipCode>
<PhoneNumber>5124716424</PhoneNumber>
<StreetAddress>3925 W Braker Lane, Ste 3.340</StreetAddress>
<CountryName>United States</CountryName>
<StateName>Texas</StateName>
<StateCode>TX</StateCode>
</Institution>
<ProgramElement>
<Code>1144</Code>
<Text>Molecular Biophysics</Text>
</ProgramElement>
<ProgramElement>
<Code>1253</Code>
<Text>OFFICE OF MULTIDISCIPLINARY AC</Text>
</ProgramElement>
<ProgramElement>
<Code>6881</Code>
<Text>Chem Thry, Mdls &amp; Cmptnl Mthds</Text>
</ProgramElement>
<ProgramReference>
<Code>7465</Code>
<Text>NANOSCALE BIO CORE</Text>
</ProgramReference>
<ProgramReference>
<Code>9263</Code>
<Text>COMPUTATIONAL SCIENCE &amp; ENGING</Text>
</ProgramReference>
</Award>
</rootTag>
