<?xml version="1.0" encoding="UTF-8"?>
<rootTag>
<Award>
<AwardTitle>Asymptotic vs. Uniform Approximation in Dynamical Systems and Number Theory</AwardTitle>
<AwardEffectiveDate>07/01/2019</AwardEffectiveDate>
<AwardExpirationDate>06/30/2022</AwardExpirationDate>
<AwardTotalIntnAmount>223000.00</AwardTotalIntnAmount>
<AwardAmount>223000</AwardAmount>
<AwardInstrument>
<Value>Standard Grant</Value>
</AwardInstrument>
<Organization>
<Code>03040000</Code>
<Directorate>
<Abbreviation>MPS</Abbreviation>
<LongName>Direct For Mathematical &amp; Physical Scien</LongName>
</Directorate>
<Division>
<Abbreviation>DMS</Abbreviation>
<LongName>Division Of Mathematical Sciences</LongName>
</Division>
</Organization>
<ProgramOfficer>
<SignBlockName>Marian Bocea</SignBlockName>
</ProgramOfficer>
<AbstractNarration>This project deals with certain algebraic dynamical systems and their applications to number theory. A dynamical system here stands for an abstract set of points together with an evolution law that governs the way points move over time. Such abstract dynamical systems form the basis for models of a wide range of important phenomena in science and engineering. It turns out that also many problems in mathematics concerning simultaneous approximation of real numbers by rational numbers can be understood in terms of the behavior of dynamical systems. Furthermore, systems that arise in this context are of algebraic nature, which makes it possible to use a wide variety of sophisticated tools for their investigation. This research project aims to advance the framework of algebraic dynamical systems in approximation theory, develop new methods, and obtain far-reaching generalizations of results in the field. Graduate and undergraduate students will be involved in the project and introduced to new methods and techniques in number theory and dynamics. These students will also supervise research projects within the framework of the PRIMES program, an after-school research program for high school students. &lt;br/&gt;&lt;br/&gt;During recent years there has been an influx of new ideas concerning connections between Diophantine approximation and dynamical systems. This research project continues the study of phenomena in both homogeneous dynamics and number theory in two directions: related to so-called asymptotic and uniform approximation. Among mathematical tools to be employed are: quantitative non-divergence on the space of lattices, Schmidt games and their modifications, integral inequalities of Eskin-Margulis-Mozes, exponential mixing, equidistribution properties, and geometry of numbers.&lt;br/&gt;&lt;br/&gt;This award reflects NSF's statutory mission and has been deemed worthy of support through evaluation using the Foundation's intellectual merit and broader impacts review criteria.</AbstractNarration>
<MinAmdLetterDate>05/29/2019</MinAmdLetterDate>
<MaxAmdLetterDate>05/29/2019</MaxAmdLetterDate>
<ARRAAmount/>
<AwardID>1900560</AwardID>
<Investigator>
<FirstName>Dmitry</FirstName>
<LastName>Kleinbock</LastName>
<EmailAddress>kleinboc@brandeis.edu</EmailAddress>
<StartDate>05/29/2019</StartDate>
<EndDate/>
<RoleCode>Principal Investigator</RoleCode>
</Investigator>
<Institution>
<Name>Brandeis University</Name>
<CityName>WALTHAM</CityName>
<ZipCode>024532728</ZipCode>
<PhoneNumber>7817362121</PhoneNumber>
<StreetAddress>415 SOUTH ST MAILSTOP 116</StreetAddress>
<CountryName>United States</CountryName>
<StateName>Massachusetts</StateName>
<StateCode>MA</StateCode>
</Institution>
<ProgramElement>
<Code>1264</Code>
<Text>ALGEBRA,NUMBER THEORY,AND COM</Text>
</ProgramElement>
<ProgramElement>
<Code>1281</Code>
<Text>ANALYSIS PROGRAM</Text>
</ProgramElement>
</Award>
</rootTag>
