<?xml version="1.0" encoding="UTF-8"?>
<rootTag>
<Award>
<AwardTitle>RI: Medium: To Sense or Not to Sense: Energy Efficient Adaptive Sensing for Autonomous Systems</AwardTitle>
<AwardEffectiveDate>10/01/2019</AwardEffectiveDate>
<AwardExpirationDate>09/30/2022</AwardExpirationDate>
<AwardTotalIntnAmount>1199962.00</AwardTotalIntnAmount>
<AwardAmount>1199962</AwardAmount>
<AwardInstrument>
<Value>Standard Grant</Value>
</AwardInstrument>
<Organization>
<Code>05020000</Code>
<Directorate>
<Abbreviation>CSE</Abbreviation>
<LongName>Direct For Computer &amp; Info Scie &amp; Enginr</LongName>
</Directorate>
<Division>
<Abbreviation>IIS</Abbreviation>
<LongName>Div Of Information &amp; Intelligent Systems</LongName>
</Division>
</Organization>
<ProgramOfficer>
<SignBlockName>Jie Yang</SignBlockName>
</ProgramOfficer>
<AbstractNarration>Sensing and computation have been crucial to the significant progress in semi- and fully-autonomous vehicles and robots. Proliferation of many types of sensors (LIDARs, cameras, RADARs, etc.) and the advent of compute-heavy and data-hungry deep-learning approaches have increased the performance of autonomous systems by leaps and bounds. But the wide variety of sensors differ in terms of their performance, cost, and operational difficulty. Thus, specific sets of sensors are chosen for a particular task on a particular robot. This horses-for-courses approach often results in one-off systems that are incapable of adapting to many tasks or robots. Thus, to ensure safety and reliability, multi-tasking systems like autonomous vehicles have resorted to over-engineering, with upwards of 15 sensors and multiple GPUs/CPUs in any car. And, to make matters worse, many of the sensed data is eventually discarded as unwanted background. Thus, while the energy footprint of sensing and computations is increasing at an alarming rate, the flexibility or adaptability of these systems is still lacking. Much of this state of affairs can be attributed to the fact that sensors and algorithms face vastly different hardware and software challenges and are hence designed, developed, and manufactured in separate academic units or industries.  This project takes a different approach: adaptively sense mostly (if not only) quantities which help solve the task accurately and within the allotted time. In other words, this project advocates folding adaptive and flexible sensing within a learning framework for autonomous systems. This is achieved by co-design and co-execution of sensing and algorithms to maximize accuracy and flexibility while minimizing expended energy and cost. The approach is motivated by how humans decide what, where, when, and how to sense and apply that to a robot learning framework. Research and education are closely integrated in a diverse and inclusive environment.&lt;br/&gt;&lt;br/&gt;The project consists of three fundamental research thrusts.  Thrust 1: Development of highly novel and fully adaptive design and physical realization of 3D optical sensors. This thrust includes a fundamental mathematical framework that determines the optimal set of emitted and measured rays to achieve a particular task at hand. This is the mathematical foundation for developing a new class of sensors that detect and characterize obstacles---a time critical task of any autonomous system---with maximum energy efficiency, minimal latency (i.e., near-instantly) and with virtually no separate computation. Thrust 2: Novel decision-making framework that efficiently controls the adaptive sensors for the task at hand. This includes determining where and when to sense and adapting behavior policies accordingly. Thrust 3: Support the robot learning framework by learning and interacting with humans.  The project will demonstrate the generality of adaptive sensing using three disparate autonomous systems that have broad societal impact: a) autonomous vehicles, b) assistive robots, and c) robots in manufacturing.&lt;br/&gt;&lt;br/&gt;This award reflects NSF's statutory mission and has been deemed worthy of support through evaluation using the Foundation's intellectual merit and broader impacts review criteria.</AbstractNarration>
<MinAmdLetterDate>09/09/2019</MinAmdLetterDate>
<MaxAmdLetterDate>09/09/2019</MaxAmdLetterDate>
<ARRAAmount/>
<AwardID>1900821</AwardID>
<Investigator>
<FirstName>Srinivasa</FirstName>
<LastName>Narasimhan</LastName>
<EmailAddress>srinivas@cs.cmu.edu</EmailAddress>
<StartDate>09/09/2019</StartDate>
<EndDate/>
<RoleCode>Principal Investigator</RoleCode>
</Investigator>
<Investigator>
<FirstName>Henny</FirstName>
<LastName>Admoni</LastName>
<EmailAddress>hadmoni@andrew.cmu.edu</EmailAddress>
<StartDate>09/09/2019</StartDate>
<EndDate/>
<RoleCode>Co-Principal Investigator</RoleCode>
</Investigator>
<Investigator>
<FirstName>David</FirstName>
<LastName>Held</LastName>
<EmailAddress>dheld@andrew.cmu.edu</EmailAddress>
<StartDate>09/09/2019</StartDate>
<EndDate/>
<RoleCode>Co-Principal Investigator</RoleCode>
</Investigator>
<Investigator>
<FirstName>Matthew</FirstName>
<LastName>O'Toole</LastName>
<EmailAddress>motoole2@andrew.cmu.edu</EmailAddress>
<StartDate>09/09/2019</StartDate>
<EndDate/>
<RoleCode>Co-Principal Investigator</RoleCode>
</Investigator>
<Institution>
<Name>Carnegie-Mellon University</Name>
<CityName>PITTSBURGH</CityName>
<ZipCode>152133815</ZipCode>
<PhoneNumber>4122688746</PhoneNumber>
<StreetAddress>5000 Forbes Avenue</StreetAddress>
<CountryName>United States</CountryName>
<StateName>Pennsylvania</StateName>
<StateCode>PA</StateCode>
</Institution>
<ProgramElement>
<Code>7495</Code>
<Text>Robust Intelligence</Text>
</ProgramElement>
<ProgramElement>
<Code>8013</Code>
<Text>NRI-National Robotics Initiati</Text>
</ProgramElement>
<ProgramReference>
<Code>7495</Code>
<Text>ROBUST INTELLIGENCE</Text>
</ProgramReference>
<ProgramReference>
<Code>7924</Code>
<Text>MEDIUM PROJECT</Text>
</ProgramReference>
<ProgramReference>
<Code>8086</Code>
<Text>Natl Robotics Initiative (NRI)</Text>
</ProgramReference>
</Award>
</rootTag>
