<?xml version="1.0" encoding="UTF-8"?>
<rootTag>
<Award>
<AwardTitle>Photonic resonator hybrids for ultrasensitive biosensing</AwardTitle>
<AwardEffectiveDate>08/01/2019</AwardEffectiveDate>
<AwardExpirationDate>07/31/2022</AwardExpirationDate>
<AwardTotalIntnAmount>600000.00</AwardTotalIntnAmount>
<AwardAmount>600000</AwardAmount>
<AwardInstrument>
<Value>Standard Grant</Value>
</AwardInstrument>
<Organization>
<Code>07020000</Code>
<Directorate>
<Abbreviation>ENG</Abbreviation>
<LongName>Directorate For Engineering</LongName>
</Directorate>
<Division>
<Abbreviation>CBET</Abbreviation>
<LongName>Div Of Chem, Bioeng, Env, &amp; Transp Sys</LongName>
</Division>
</Organization>
<ProgramOfficer>
<SignBlockName>Leon Esterowitz</SignBlockName>
</ProgramOfficer>
<AbstractNarration>The aim of this application is to construct and test the performance of a new generation of light-controlling materials called photonic hypercrystals (PHC).   This project builds upon the initial success of the investigators toward developing a new generation of fluorescence sensors with a detection limit and high dynamic range that have not been demonstrated in the past. They demonstrated the feasibility of the proposed application as evidenced by the outstanding performance of the proposed optical hybrid materials for the detection of a fluorescence signal with a very high degree of sensitivity. This project will potentially lead to a new class of highly novel sensors that can significantly improve the limit of detection of biomarkers of diseases. This can lead to the availability of highly sensitive, compact and low-cost fluorescence sensors for low-cost integrated diagnostic tools for biomedical and clinical applications.&lt;br/&gt;&lt;br/&gt;Successful development of the proposed detection technique could have a significant impact on the development of highly sensitive detectors and instrumentation that could be used to develop novel biosensors and improve the performance an reduce the cost of existing bio-imaging and sensing platforms that detect and quantify fluorescence signals from biomolecules. The investigating team has outstanding records for teaching and training of students and research fellows in the fields of engineering, chemistry, biophotonics, biosensors, and nanotechnology.&lt;br/&gt;&lt;br/&gt;This award reflects NSF's statutory mission and has been deemed worthy of support through evaluation using the Foundation's intellectual merit and broader impacts review criteria.</AbstractNarration>
<MinAmdLetterDate>03/27/2019</MinAmdLetterDate>
<MaxAmdLetterDate>03/27/2019</MaxAmdLetterDate>
<ARRAAmount/>
<AwardID>1900277</AwardID>
<Investigator>
<FirstName>Brian</FirstName>
<LastName>Cunningham</LastName>
<EmailAddress>bcunning@illinois.edu</EmailAddress>
<StartDate>03/27/2019</StartDate>
<EndDate/>
<RoleCode>Principal Investigator</RoleCode>
</Investigator>
<Investigator>
<FirstName>Srikanth</FirstName>
<LastName>Singamaneni</LastName>
<EmailAddress>singamaneni@seas.wustl.edu</EmailAddress>
<StartDate>03/27/2019</StartDate>
<EndDate/>
<RoleCode>Co-Principal Investigator</RoleCode>
</Investigator>
<Institution>
<Name>University of Illinois at Urbana-Champaign</Name>
<CityName>Champaign</CityName>
<ZipCode>618207406</ZipCode>
<PhoneNumber>2173332187</PhoneNumber>
<StreetAddress>1901 South First Street</StreetAddress>
<CountryName>United States</CountryName>
<StateName>Illinois</StateName>
<StateCode>IL</StateCode>
</Institution>
<ProgramElement>
<Code>7236</Code>
<Text>BIOPHOTONICS, IMAGING &amp;SENSING</Text>
</ProgramElement>
<ProgramReference>
<Code>7236</Code>
<Text>BIOPHOTONICS, IMAGING &amp;SENSING</Text>
</ProgramReference>
</Award>
</rootTag>
