<?xml version="1.0" encoding="UTF-8"?>
<rootTag>
<Award>
<AwardTitle>Spectroscopic Studies of Single-Ion Magnets</AwardTitle>
<AwardEffectiveDate>08/01/2019</AwardEffectiveDate>
<AwardExpirationDate>07/31/2021</AwardExpirationDate>
<AwardTotalIntnAmount>300000.00</AwardTotalIntnAmount>
<AwardAmount>300000</AwardAmount>
<AwardInstrument>
<Value>Standard Grant</Value>
</AwardInstrument>
<Organization>
<Code>03090000</Code>
<Directorate>
<Abbreviation>MPS</Abbreviation>
<LongName>Direct For Mathematical &amp; Physical Scien</LongName>
</Directorate>
<Division>
<Abbreviation>CHE</Abbreviation>
<LongName>Division Of Chemistry</LongName>
</Division>
</Organization>
<ProgramOfficer>
<SignBlockName>Tingyu Li</SignBlockName>
</ProgramOfficer>
<AbstractNarration>In this project, funded by the Chemical Structure, Dynamic &amp; Mechanism B Program of the Chemistry Division, Professor Ziling B Xue of the Department of Chemistry at the University of Tennessee is studying molecular magnets for their potential applications as a new generation of materials for information storage and quantum computation.  Such materials could have a much larger storage capacity than the current storage materials with significant energy savings and reduced environmental impacts. The goal of the research is to use spectroscopies to probe properties of molecular magnets to help design better materials in the future. The project is interdisciplinary covering inorganic, physical, and materials chemistries. It will offer graduate and undergraduate students opportunities to conduct research at national laboratories and broaden their educational background and training. Professor Xue plans to attract high school students who are potential first-generation college students from low-income families to sciences.&lt;br/&gt;&lt;br/&gt;Molecular magnets demonstrate slow magnetic relaxations and quantum tunneling. Some such magnets have been shown to be candidates for chemical qubits. Research efforts have been mostly focused on design and preparation of the magnets with large anisotropies and slow relaxations. However, there has been relatively little understanding of the nature of certain critical properties of the magnets such as spin-lattice interactions, spin-spin interactions, and molecular dynamics. In this project, molecular magnets will be studied by several spectroscopic methods to answer the following questions: (1) Can variable-field and variable-temperature inelastic neutron scattering reveal magnetic transitions and spin-phonon couplings in molecular magnets? (2) Can the intermolecular interactions in the molecular magnets be probed by inelastic neutron scattering? (3) What properties in the molecular magnets can Raman and far-IR spectroscopies reveal? (4) How dynamics in the molecular magnets could be studied by quasielastic neutron scattering? The project could demonstrate that these spectroscopies could be developed into new methods to probe molecular magnetism.&lt;br/&gt;&lt;br/&gt;This award reflects NSF's statutory mission and has been deemed worthy of support through evaluation using the Foundation's intellectual merit and broader impacts review criteria.</AbstractNarration>
<MinAmdLetterDate>07/16/2019</MinAmdLetterDate>
<MaxAmdLetterDate>07/16/2019</MaxAmdLetterDate>
<ARRAAmount/>
<AwardID>1900296</AwardID>
<Investigator>
<FirstName>Ziling</FirstName>
<LastName>Xue</LastName>
<EmailAddress>xue@ion.chem.utk.edu</EmailAddress>
<StartDate>07/16/2019</StartDate>
<EndDate/>
<RoleCode>Principal Investigator</RoleCode>
</Investigator>
<Institution>
<Name>University of Tennessee Knoxville</Name>
<CityName>Knoxville</CityName>
<ZipCode>379163801</ZipCode>
<PhoneNumber>8659743466</PhoneNumber>
<StreetAddress>1331 CIR PARK DR</StreetAddress>
<CountryName>United States</CountryName>
<StateName>Tennessee</StateName>
<StateCode>TN</StateCode>
</Institution>
<ProgramElement>
<Code>9102</Code>
<Text>Chem Struct,Dynmcs&amp;Mechansms B</Text>
</ProgramElement>
<ProgramReference>
<Code>7203</Code>
<Text>QUANTUM INFORMATION SCIENCE</Text>
</ProgramReference>
</Award>
</rootTag>
