<?xml version="1.0" encoding="UTF-8"?>
<rootTag>
<Award>
<AwardTitle>FET: Medium: Collaborative Research: An Efficient Framework for the Stochastic Verification of Computation and Communication Systems Using Emerging Technologies</AwardTitle>
<AwardEffectiveDate>07/15/2019</AwardEffectiveDate>
<AwardExpirationDate>06/30/2023</AwardExpirationDate>
<AwardTotalIntnAmount>256955.00</AwardTotalIntnAmount>
<AwardAmount>256955</AwardAmount>
<AwardInstrument>
<Value>Continuing grant</Value>
</AwardInstrument>
<Organization>
<Code>05010000</Code>
<Directorate>
<Abbreviation>CSE</Abbreviation>
<LongName>Direct For Computer &amp; Info Scie &amp; Enginr</LongName>
</Directorate>
<Division>
<Abbreviation>CCF</Abbreviation>
<LongName>Division of Computing and Communication Foundations</LongName>
</Division>
</Organization>
<ProgramOfficer>
<SignBlockName>Mitra Basu</SignBlockName>
</ProgramOfficer>
<AbstractNarration>Synthetic biology and nanotechnology place increasing demands on design methodologies to ensure dependable and robust operation. Consisting of noisy and unreliable components, these complex systems have large and often infinite state spaces that include extremely rare error states. Stochastic model checking techniques have demonstrated significant potential in quantitatively analyzing such system models under extremely low probability. Unfortunately, they generally require enumerating the model's state space, which is computationally intractable or impossible. Therefore, addressing these design challenges in emerging technologies requires enhancing the applicability of stochastic model checking. Motivated by this problem, this project investigates an automated stochastic verification framework that integrates approximate stochastic model checking and counterexample-guided rare-event simulation to improve the analysis accuracy and efficiency.  &lt;br/&gt;&lt;br/&gt;&lt;br/&gt;This project focuses on verifying infinite-state continuous-time Markov chain models with rare-event properties. It addresses the scalability problem by first applying property-guided and on-the-fly state truncation techniques to prune unlikely states to obtain finite state representations that are amenable to stochastic model checking. In the case of false or indeterminate verification results, stochastic counterexamples are generated and utilized to improve the accuracy of the state reductions. Furthermore, it mines these critical counterexamples as automated guidance to improve the quality and efficiency for rare-event stochastic simulations. This verification framework will be integrated within existing state-of-the-art stochastic model checking tools, and benchmarked on a wide range of real-world case studies in synthetic biology and nanotechnology.&lt;br/&gt;&lt;br/&gt;This award reflects NSF's statutory mission and has been deemed worthy of support through evaluation using the Foundation's intellectual merit and broader impacts review criteria.</AbstractNarration>
<MinAmdLetterDate>07/11/2019</MinAmdLetterDate>
<MaxAmdLetterDate>09/08/2019</MaxAmdLetterDate>
<ARRAAmount/>
<AwardID>1900542</AwardID>
<Investigator>
<FirstName>Hao</FirstName>
<LastName>Zheng</LastName>
<EmailAddress>zheng@cse.usf.edu</EmailAddress>
<StartDate>07/11/2019</StartDate>
<EndDate/>
<RoleCode>Principal Investigator</RoleCode>
</Investigator>
<Institution>
<Name>University of South Florida</Name>
<CityName>Tampa</CityName>
<ZipCode>336172008</ZipCode>
<PhoneNumber>8139742897</PhoneNumber>
<StreetAddress>4019 E. Fowler Avenue</StreetAddress>
<CountryName>United States</CountryName>
<StateName>Florida</StateName>
<StateCode>FL</StateCode>
</Institution>
<ProgramElement>
<Code>089Y</Code>
<Text>FET-Fndtns of Emerging Tech</Text>
</ProgramElement>
<ProgramReference>
<Code>7924</Code>
<Text>MEDIUM PROJECT</Text>
</ProgramReference>
<ProgramReference>
<Code>7931</Code>
<Text>COMPUTATIONAL BIOLOGY</Text>
</ProgramReference>
</Award>
</rootTag>
