<?xml version="1.0" encoding="UTF-8"?>
<rootTag>
<Award>
<AwardTitle>Dynamics and Operator Algebras</AwardTitle>
<AwardEffectiveDate>06/01/2019</AwardEffectiveDate>
<AwardExpirationDate>05/31/2022</AwardExpirationDate>
<AwardTotalIntnAmount>224996.00</AwardTotalIntnAmount>
<AwardAmount>224996</AwardAmount>
<AwardInstrument>
<Value>Standard Grant</Value>
</AwardInstrument>
<Organization>
<Code>03040000</Code>
<Directorate>
<Abbreviation>MPS</Abbreviation>
<LongName>Direct For Mathematical &amp; Physical Scien</LongName>
</Directorate>
<Division>
<Abbreviation>DMS</Abbreviation>
<LongName>Division Of Mathematical Sciences</LongName>
</Division>
</Organization>
<ProgramOfficer>
<SignBlockName>Pamela Gorkin</SignBlockName>
</ProgramOfficer>
<AbstractNarration>This project is concerned with two mathematical fields. One of these studies various algebras in the analytic setting, which were originally invented by von Neumann to study quantum mechanics in physics. The other field studies the long time behavior of systems under evolution, such as the status of the solar system after one billion years and, more generally, symmetries of systems. Although these two fields look very different, in the last several years some surprising connections between them have been discovered, especially about infinite symmetries that can be approximated by finite symmetries. These connections have led to applications to both fields. &lt;br/&gt;&lt;br/&gt;The principal investigator aims to deepen the connections between operator algebras and dynamical systems. This includes the connection between the torsion-type invariant involving the first field and entropy invariant from the second field, and the study of Sylvester rank functions motivated by earlier investigations of connections between these two fields. The principal investigator will also study an embedding problem in the second field using mean dimension and Bernoulli actions. This project will help us understand the geometry and dynamics of various spaces and algebras. The newly-founded theory of invariants for sofic group actions, including both entropy and mean dimension, is developing rapidly. This research will give us a better understanding of this theory. Operator algebras have been found to be a powerful tool in the study of algebraic actions of non-abelian groups, replacing the commutative algebra tool in the study of algebraic actions of abelian groups. The project on the connection between the torsion-type invariant and entropy already has applications to the first theory and the entropy theory of such actions. Discoveries made under this project would lead to more applications and strengthen our understanding of a variety of mathematical phenomena.&lt;br/&gt;&lt;br/&gt;This award reflects NSF's statutory mission and has been deemed worthy of support through evaluation using the Foundation's intellectual merit and broader impacts review criteria.</AbstractNarration>
<MinAmdLetterDate>05/03/2019</MinAmdLetterDate>
<MaxAmdLetterDate>05/03/2019</MaxAmdLetterDate>
<ARRAAmount/>
<AwardID>1900746</AwardID>
<Investigator>
<FirstName>HanFeng</FirstName>
<LastName>Li</LastName>
<EmailAddress>hfli@math.buffalo.edu</EmailAddress>
<StartDate>05/03/2019</StartDate>
<EndDate/>
<RoleCode>Principal Investigator</RoleCode>
</Investigator>
<Institution>
<Name>SUNY at Buffalo</Name>
<CityName>Buffalo</CityName>
<ZipCode>142282567</ZipCode>
<PhoneNumber>7166452634</PhoneNumber>
<StreetAddress>520 Lee Entrance</StreetAddress>
<CountryName>United States</CountryName>
<StateName>New York</StateName>
<StateCode>NY</StateCode>
</Institution>
<ProgramElement>
<Code>1281</Code>
<Text>ANALYSIS PROGRAM</Text>
</ProgramElement>
</Award>
</rootTag>
