<?xml version="1.0" encoding="UTF-8"?>
<rootTag>
<Award>
<AwardTitle>Interactions between Reversible and Irreversible Operator Algebras</AwardTitle>
<AwardEffectiveDate>05/01/2019</AwardEffectiveDate>
<AwardExpirationDate>04/30/2022</AwardExpirationDate>
<AwardTotalIntnAmount>108672.00</AwardTotalIntnAmount>
<AwardAmount>35439</AwardAmount>
<AwardInstrument>
<Value>Continuing grant</Value>
</AwardInstrument>
<Organization>
<Code>03040000</Code>
<Directorate>
<Abbreviation>MPS</Abbreviation>
<LongName>Direct For Mathematical &amp; Physical Scien</LongName>
</Directorate>
<Division>
<Abbreviation>DMS</Abbreviation>
<LongName>Division Of Mathematical Sciences</LongName>
</Division>
</Organization>
<ProgramOfficer>
<SignBlockName>Pamela Gorkin</SignBlockName>
</ProgramOfficer>
<AbstractNarration>Originally a branch of functional analysis, the field of operator algebras has grown to stand on its own and influence diverse areas in mathematics and physics including dynamical systems, group theory, geometry, quantum mechanics and quantum information theory. The study was initiated by von-Neumann in the 30s, motivated by mathematics related to quantum mechanics, and originates from single operator theory and complex analysis. These days, operator algebras are successfully used to provide novel perspectives for classical mathematical theories and to lay the foundations for physical theories. The main overarching goal of this project is to create and expand upon existing interaction between the seemingly separate theories of "irreversible" and "reversible" operator algebras. Such interactions have led to substantial breakthroughs in the field, with impact to the aforementioned areas of mathematics and physics.&lt;br/&gt;&lt;br/&gt;More specifically, the project aims to bring together techniques from non-self-adjoint operator algebras, Arveson's non-commutative boundary theory and C*-algebras to bear on semigroup and group theories, dilation theory, non-commutative dynamical systems and classification of representations of C*-algebras up to unitary equivalence. The project has three main goals. The first goal, inspired by work of Kalantar and Kennedy, is to find characterizations of nuclearity, simplicity and other C*-algebraic properties of boundary quotient C*-algebras of semigroups using Hamana's injective envelope theory. The second goal is to import ideas of Exel on graded and coaction C*-algebras to extend work of the PI with Katsoulis on characterizations of the C*-envelope in the context of product systems to the non-abelian case. The third goal is to continue the investigation initiated by Davidson, B. Li and the PI where non-self-adjoint operator algebras are used to distinguish representations of C*-algebras associated to directed graphs. Progress on the above-mentioned goals will enhance the two-way interaction between the reversible and irreversible theories and will lead to new approaches for resolving several open problems in the field.&lt;br/&gt;&lt;br/&gt;This award reflects NSF's statutory mission and has been deemed worthy of support through evaluation using the Foundation's intellectual merit and broader impacts review criteria.</AbstractNarration>
<MinAmdLetterDate>04/15/2019</MinAmdLetterDate>
<MaxAmdLetterDate>04/15/2019</MaxAmdLetterDate>
<ARRAAmount/>
<AwardID>1900916</AwardID>
<Investigator>
<FirstName>Adam</FirstName>
<LastName>Dor-On</LastName>
<EmailAddress>adoron@illinois.edu</EmailAddress>
<StartDate>04/15/2019</StartDate>
<EndDate/>
<RoleCode>Principal Investigator</RoleCode>
</Investigator>
<Institution>
<Name>University of Illinois at Urbana-Champaign</Name>
<CityName>Champaign</CityName>
<ZipCode>618207406</ZipCode>
<PhoneNumber>2173332187</PhoneNumber>
<StreetAddress>1901 South First Street</StreetAddress>
<CountryName>United States</CountryName>
<StateName>Illinois</StateName>
<StateCode>IL</StateCode>
</Institution>
<ProgramElement>
<Code>1281</Code>
<Text>ANALYSIS PROGRAM</Text>
</ProgramElement>
</Award>
</rootTag>
