<?xml version="1.0" encoding="UTF-8"?>
<rootTag>
<Award>
<AwardTitle>Young Mathematicians in C*-Algebras</AwardTitle>
<AwardEffectiveDate>06/01/2019</AwardEffectiveDate>
<AwardExpirationDate>05/31/2020</AwardExpirationDate>
<AwardTotalIntnAmount>41012.00</AwardTotalIntnAmount>
<AwardAmount>41012</AwardAmount>
<AwardInstrument>
<Value>Standard Grant</Value>
</AwardInstrument>
<Organization>
<Code>03040000</Code>
<Directorate>
<Abbreviation>MPS</Abbreviation>
<LongName>Direct For Mathematical &amp; Physical Scien</LongName>
</Directorate>
<Division>
<Abbreviation>DMS</Abbreviation>
<LongName>Division Of Mathematical Sciences</LongName>
</Division>
</Organization>
<ProgramOfficer>
<SignBlockName>Pamela Gorkin</SignBlockName>
</ProgramOfficer>
<AbstractNarration>This award provides funding for US participation in the joint conferences "Young Mathematicians in C*-Algebras" and "Young Women in C*-Algebras" that will be held August 5-10, 2019 at the University of Copenhagen. This joint conference focuses on recent developments in operator algebras (both von Neumann and C*-algebras), noncommutative geometry, and related areas of mathematical analysis, with a particular emphasis on the interplay between operator algebras and the fields of geometric group theory, logic, and dynamical systems.&lt;br/&gt;&lt;br/&gt;Young Mathematicians in C*-Algebras and Young Women in C*-Algebras are organized for and by master/Ph.D.-students and postdocs in operator algebras and related areas, with the goal of fostering scientific and social interaction between young researchers. The conference will feature three mini-courses by established researchers (Cornelia Drutu, Ilijas Farah, and Ian Putnam) alongside many contributed talks by participants, as well as mentoring activities designed to increase retention of underrepresented groups in operator algebras. This award gives US-based early career researchers and members of underrepresented groups an opportunity to attend and participate in this conference.   The organizing committee will strive to make this funding opportunity known to target groups via advertising in a variety of venues. More information will be made available at: https://www.math.ku.dk/english/research/conferences/2019/ymcstara2019/.&lt;br/&gt;&lt;br/&gt;This award reflects NSF's statutory mission and has been deemed worthy of support through evaluation using the Foundation's intellectual merit and broader impacts review criteria.</AbstractNarration>
<MinAmdLetterDate>12/21/2018</MinAmdLetterDate>
<MaxAmdLetterDate>12/21/2018</MaxAmdLetterDate>
<ARRAAmount/>
<AwardID>1900134</AwardID>
<Investigator>
<FirstName>Elizabeth</FirstName>
<LastName>Gillaspy</LastName>
<EmailAddress>elizabeth.gillaspy@mso.umt.edu</EmailAddress>
<StartDate>12/21/2018</StartDate>
<EndDate/>
<RoleCode>Principal Investigator</RoleCode>
</Investigator>
<Investigator>
<FirstName>Kathryn</FirstName>
<LastName>McCormick</LastName>
<EmailAddress>kamccorm@umn.edu</EmailAddress>
<StartDate>12/21/2018</StartDate>
<EndDate/>
<RoleCode>Co-Principal Investigator</RoleCode>
</Investigator>
<Institution>
<Name>University of Montana</Name>
<CityName>Missoula</CityName>
<ZipCode>598120001</ZipCode>
<PhoneNumber>4062436670</PhoneNumber>
<StreetAddress>32 CAMPUS DRIVE</StreetAddress>
<CountryName>United States</CountryName>
<StateName>Montana</StateName>
<StateCode>MT</StateCode>
</Institution>
<ProgramElement>
<Code>1281</Code>
<Text>ANALYSIS PROGRAM</Text>
</ProgramElement>
<ProgramReference>
<Code>7556</Code>
<Text>CONFERENCE AND WORKSHOPS</Text>
</ProgramReference>
<ProgramReference>
<Code>9150</Code>
<Text>EXP PROG TO STIM COMP RES</Text>
</ProgramReference>
</Award>
</rootTag>
