<?xml version="1.0" encoding="UTF-8"?>
<rootTag>
<Award>
<AwardTitle>Collaborative Research: Microlocal Concentration and Propagation in Spectral Theory</AwardTitle>
<AwardEffectiveDate>08/15/2019</AwardEffectiveDate>
<AwardExpirationDate>09/30/2019</AwardExpirationDate>
<AwardTotalIntnAmount>79178.00</AwardTotalIntnAmount>
<AwardAmount>0</AwardAmount>
<AwardInstrument>
<Value>Standard Grant</Value>
</AwardInstrument>
<Organization>
<Code>03040000</Code>
<Directorate>
<Abbreviation>MPS</Abbreviation>
<LongName>Direct For Mathematical &amp; Physical Scien</LongName>
</Directorate>
<Division>
<Abbreviation>DMS</Abbreviation>
<LongName>Division Of Mathematical Sciences</LongName>
</Division>
</Organization>
<ProgramOfficer>
<SignBlockName>Marian Bocea</SignBlockName>
</ProgramOfficer>
<AbstractNarration>In nature, solutions of wave-type equations appear in phenomena as far reaching as wave functions of quantum particles, the acoustics of concert halls, and scattering of gravitational waves.  In these situations, there are certain fundamental frequencies and vibrational modes associated to the underlying geometry of the space.  These frequencies and modes play an essential role in the understanding of the behavior of wave phenomena. They appear, for example, in the acoustical design of concert halls and the vibration of instruments.  This project develops tools, based on propagation phenomena, to study the delicate relationship between the geometry of the space and behavior of the corresponding modes. &lt;br/&gt;&lt;br/&gt;This research will provide new insight into the structure of vibrational modes for general spaces.  Many quantitative regularity results (as measured by L^p norms) are already known for spaces with non-positive curvature.  However, these types of estimates are unavailable under less restrictive geometric assumptions.  The main goals of this project are two fold: (1) to describe the concentration phenomena that result in L^p norm growth for individual modes, and (2) to use this understanding to produce estimates for modes and frequencies based solely on dynamical properties of the underlying manifold.&lt;br/&gt;&lt;br/&gt;This award reflects NSF's statutory mission and has been deemed worthy of support through evaluation using the Foundation's intellectual merit and broader impacts review criteria.</AbstractNarration>
<MinAmdLetterDate>08/03/2019</MinAmdLetterDate>
<MaxAmdLetterDate>10/18/2019</MaxAmdLetterDate>
<ARRAAmount/>
<AwardID>1900434</AwardID>
<Investigator>
<FirstName>Jeffrey</FirstName>
<LastName>Galkowski</LastName>
<EmailAddress>jeffrey.galkowski@northeastern.edu</EmailAddress>
<StartDate>08/03/2019</StartDate>
<EndDate/>
<RoleCode>Principal Investigator</RoleCode>
</Investigator>
<Institution>
<Name>Northeastern University</Name>
<CityName>BOSTON</CityName>
<ZipCode>021155005</ZipCode>
<PhoneNumber>6173733004</PhoneNumber>
<StreetAddress>360 HUNTINGTON AVE</StreetAddress>
<CountryName>United States</CountryName>
<StateName>Massachusetts</StateName>
<StateCode>MA</StateCode>
</Institution>
<ProgramElement>
<Code>1281</Code>
<Text>ANALYSIS PROGRAM</Text>
</ProgramElement>
</Award>
</rootTag>
