<?xml version="1.0" encoding="UTF-8"?>
<rootTag>
<Award>
<AwardTitle>SHF: Medium: Rearchitecting Neural Networks for Verification</AwardTitle>
<AwardEffectiveDate>07/01/2019</AwardEffectiveDate>
<AwardExpirationDate>06/30/2023</AwardExpirationDate>
<AwardTotalIntnAmount>1255494.00</AwardTotalIntnAmount>
<AwardAmount>923635</AwardAmount>
<AwardInstrument>
<Value>Continuing grant</Value>
</AwardInstrument>
<Organization>
<Code>05010000</Code>
<Directorate>
<Abbreviation>CSE</Abbreviation>
<LongName>Direct For Computer &amp; Info Scie &amp; Enginr</LongName>
</Directorate>
<Division>
<Abbreviation>CCF</Abbreviation>
<LongName>Division of Computing and Communication Foundations</LongName>
</Division>
</Organization>
<ProgramOfficer>
<SignBlockName>Nina Amla</SignBlockName>
</ProgramOfficer>
<AbstractNarration>Machine learning has the potential to positively impact systems across society, for example, in agriculture, transportation, medicine, energy, and education.  To realize that potential, however, methods for assuring the safe operation of those systems are needed. This project addresses this pressing need. Consider the increasing presence of self-driving capabilities in automobiles.  They issue warnings when the car drifts outside of the lane and can initiate corrective steering actions.  To do this, they employ a neural network to analyze images from a forward-facing camera to detect, for example, the lines that demark lane boundaries.  A flaw in this neural network might, for instance, initiate a steering action in the wrong direction and thereby lead to vehicle damage or passenger injury.  This project develops techniques for assuring that machine learning produces neural networks that come with guarantees about their behavior.  Those guarantees can, in turn, be relied upon when determining that the overall system will operate safely.  &lt;br/&gt;&lt;br/&gt;To achieve verifiably safe machine learning, this project leverages the growing body of work on symbolic verification algorithms for neural networks.  These algorithms are cost-prohibitive when applied to existing neural networks. The approach taken in this project searches for and automatically generates an alternative neural network architecture that allows for an appropriate balance between the accuracy of the network and the tractability of verification.  Once it finds such an architecture, it employs an iterative counterexample guided refinement approach to training the architecture which results in neural networks that meet essential safety guarantees. The project will organize an annual day-long "Rising Stars" forum for under-represented scholars working in formal methods, software engineering and machine learning.&lt;br/&gt;&lt;br/&gt;This award reflects NSF's statutory mission and has been deemed worthy of support through evaluation using the Foundation's intellectual merit and broader impacts review criteria.</AbstractNarration>
<MinAmdLetterDate>05/31/2019</MinAmdLetterDate>
<MaxAmdLetterDate>05/31/2019</MaxAmdLetterDate>
<ARRAAmount/>
<AwardID>1900676</AwardID>
<Investigator>
<FirstName>Matthew</FirstName>
<LastName>Dwyer</LastName>
<EmailAddress>md3cn@virginia.edu</EmailAddress>
<StartDate>05/31/2019</StartDate>
<EndDate/>
<RoleCode>Principal Investigator</RoleCode>
</Investigator>
<Investigator>
<FirstName>Sebastian</FirstName>
<LastName>Elbaum</LastName>
<EmailAddress>selbaum@virginia.edu</EmailAddress>
<StartDate>05/31/2019</StartDate>
<EndDate/>
<RoleCode>Co-Principal Investigator</RoleCode>
</Investigator>
<Investigator>
<FirstName>Yanjun</FirstName>
<LastName>Qi</LastName>
<EmailAddress>yq2h@virginia.edu</EmailAddress>
<StartDate>05/31/2019</StartDate>
<EndDate/>
<RoleCode>Co-Principal Investigator</RoleCode>
</Investigator>
<Institution>
<Name>University of Virginia Main Campus</Name>
<CityName>CHARLOTTESVILLE</CityName>
<ZipCode>229044195</ZipCode>
<PhoneNumber>4349244270</PhoneNumber>
<StreetAddress>P.O.  BOX 400195</StreetAddress>
<CountryName>United States</CountryName>
<StateName>Virginia</StateName>
<StateCode>VA</StateCode>
</Institution>
<ProgramElement>
<Code>2878</Code>
<Text>Special Projects - CCF</Text>
</ProgramElement>
<ProgramElement>
<Code>7798</Code>
<Text>Software &amp; Hardware Foundation</Text>
</ProgramElement>
<ProgramReference>
<Code>075Z</Code>
<Text>Artificial Intelligence (AI)</Text>
</ProgramReference>
<ProgramReference>
<Code>7924</Code>
<Text>MEDIUM PROJECT</Text>
</ProgramReference>
<ProgramReference>
<Code>8206</Code>
<Text>Formal Methods and Verification</Text>
</ProgramReference>
</Award>
</rootTag>
