<?xml version="1.0" encoding="UTF-8"?>
<rootTag>
<Award>
<AwardTitle>III: Medium: Collaborative Research: Towards Effective Interpretation of Deep Learning: Prediction, Representation, Modeling and Utilization</AwardTitle>
<AwardEffectiveDate>08/15/2019</AwardEffectiveDate>
<AwardExpirationDate>07/31/2023</AwardExpirationDate>
<AwardTotalIntnAmount>200000.00</AwardTotalIntnAmount>
<AwardAmount>118562</AwardAmount>
<AwardInstrument>
<Value>Continuing grant</Value>
</AwardInstrument>
<Organization>
<Code>05020000</Code>
<Directorate>
<Abbreviation>CSE</Abbreviation>
<LongName>Direct For Computer &amp; Info Scie &amp; Enginr</LongName>
</Directorate>
<Division>
<Abbreviation>IIS</Abbreviation>
<LongName>Div Of Information &amp; Intelligent Systems</LongName>
</Division>
</Organization>
<ProgramOfficer>
<SignBlockName>Wei Ding</SignBlockName>
</ProgramOfficer>
<AbstractNarration>While deep learning has achieved unprecedented prediction capabilities, it is often criticized as a black box because of lacking interpretability, which is very important in real-world applications such as healthcare and cybersecurity. For example, healthcare professionals would appropriately trust and effectively manage prediction results only if they can understand why and how a patient is diagnosed with prediabetes. The project is to investigate the interpretability of deep learning by following the fundamental elements in a data mining practice from representation, modeling to prediction. The results of the project are expected to improve the usability of deep learning in important applications, positively boosting the overall value of the deep learning based information systems. The education program that integrates data science, industrial engineering, and visualization is to train students with data analytics technologies in industrial systems, to attract and mentor members of underrepresented groups pursuing careers in STEM.&lt;br/&gt;&lt;br/&gt;The research goal of this project is to systematically explore interpretability of deep learning from a machine learning life cycle, i.e., representation, modeling and prediction, as well as the deployment of interpretability in various tasks. Specifically, this project aims to achieve the research goal by developing a series of interpretation algorithms and methods from the following aspects. It explores post-hoc interpretation methods to shed light on how deep learning models produce a specific prediction and generate a representation. It also investigates designing interpretable models from scratch, which aims to construct self-explanatory models and incorporate interpretability directly into the structure of a deep learning model. The aforementioned interpretation derived from a deep learning model is employed to promote the model performance. In addition, the applications of interpretability are utilized to debug model behaviors so as to ensure the model decision making process is consistent with human expert knowledge, as well as to promote model robustness when handling adversarial attacks.&lt;br/&gt;&lt;br/&gt;This award reflects NSF's statutory mission and has been deemed worthy of support through evaluation using the Foundation's intellectual merit and broader impacts review criteria.</AbstractNarration>
<MinAmdLetterDate>08/15/2019</MinAmdLetterDate>
<MaxAmdLetterDate>09/18/2019</MaxAmdLetterDate>
<ARRAAmount/>
<AwardID>1900767</AwardID>
<Investigator>
<FirstName>Eric</FirstName>
<LastName>Ragan</LastName>
<EmailAddress>eragan@ufl.edu</EmailAddress>
<StartDate>08/15/2019</StartDate>
<EndDate/>
<RoleCode>Principal Investigator</RoleCode>
</Investigator>
<Institution>
<Name>University of Florida</Name>
<CityName>GAINESVILLE</CityName>
<ZipCode>326112002</ZipCode>
<PhoneNumber>3523923516</PhoneNumber>
<StreetAddress>1 UNIVERSITY OF FLORIDA</StreetAddress>
<CountryName>United States</CountryName>
<StateName>Florida</StateName>
<StateCode>FL</StateCode>
</Institution>
<ProgramElement>
<Code>7364</Code>
<Text>Info Integration &amp; Informatics</Text>
</ProgramElement>
<ProgramReference>
<Code>7364</Code>
<Text>INFO INTEGRATION &amp; INFORMATICS</Text>
</ProgramReference>
<ProgramReference>
<Code>7924</Code>
<Text>MEDIUM PROJECT</Text>
</ProgramReference>
</Award>
</rootTag>
