<?xml version="1.0" encoding="UTF-8"?>
<rootTag>
<Award>
<AwardTitle>New Developments in Free Probability and Applications</AwardTitle>
<AwardEffectiveDate>02/15/2019</AwardEffectiveDate>
<AwardExpirationDate>01/31/2020</AwardExpirationDate>
<AwardTotalIntnAmount>25000.00</AwardTotalIntnAmount>
<AwardAmount>25000</AwardAmount>
<AwardInstrument>
<Value>Standard Grant</Value>
</AwardInstrument>
<Organization>
<Code>03040000</Code>
<Directorate>
<Abbreviation>MPS</Abbreviation>
<LongName>Direct For Mathematical &amp; Physical Scien</LongName>
</Directorate>
<Division>
<Abbreviation>DMS</Abbreviation>
<LongName>Division Of Mathematical Sciences</LongName>
</Division>
</Organization>
<ProgramOfficer>
<SignBlockName>Pamela Gorkin</SignBlockName>
</ProgramOfficer>
<AbstractNarration>This award provides funding for US participation in the conference that will be held during the entire month of March 2019, at the Centre de Recherches Mathematiques(CRM) in Montreal, Canada.  The conference focuses on recent developments in Free Probability Theory, which is deeply related to topics in several areas of Analysis, including Operator Algebras and Random Matrices, and also to other areas of mathematics such as Combinatorics.  Free Probability was created in the 1980s by Dan Voiculescu.  His fundamental insight was to treat phenomenon in operator algebras related to free groups in a noncommutative probabilistic framework, with his notion of freeness taking the place of independence. Free Probability Theory has developed extensively; the parallels with usual probability theory are quite far reaching.  This has led to fundamental insights and far reaching developments in diverse areas, including Operator Algebras and Random Matrices.  The program at CRM includes two workshops, one on theoretical aspects and another on applied aspects of Free Probability.&lt;br/&gt;    &lt;br/&gt;A number of distinguished mathematicians have agreed to attend and speak at this conference.  This award gives early career researchers, members of underrepresented groups, researchers not funded by NSF and the like an opportunity to attend and participate in this conference.  The organizing committee will strive to make this funding opportunity known to target groups through a number of different activities.  More information is available at: http://www.crm.math.ca/crm50/en/march-1-31-2019-new-developments-in-free-probability-and-applications/.&lt;br/&gt;&lt;br/&gt;This award reflects NSF's statutory mission and has been deemed worthy of support through evaluation using the Foundation's intellectual merit and broader impacts review criteria.</AbstractNarration>
<MinAmdLetterDate>12/21/2018</MinAmdLetterDate>
<MaxAmdLetterDate>12/21/2018</MaxAmdLetterDate>
<ARRAAmount/>
<AwardID>1900856</AwardID>
<Investigator>
<FirstName>Kenneth</FirstName>
<LastName>Dykema</LastName>
<EmailAddress>ken.dykema@math.tamu.edu</EmailAddress>
<StartDate>12/21/2018</StartDate>
<EndDate/>
<RoleCode>Principal Investigator</RoleCode>
</Investigator>
<Institution>
<Name>Texas A&amp;M University Main Campus</Name>
<CityName>College Station</CityName>
<ZipCode>778454375</ZipCode>
<PhoneNumber>9798626777</PhoneNumber>
<StreetAddress>400 Harvey Mitchell Pkwy South</StreetAddress>
<CountryName>United States</CountryName>
<StateName>Texas</StateName>
<StateCode>TX</StateCode>
</Institution>
<ProgramElement>
<Code>1281</Code>
<Text>ANALYSIS PROGRAM</Text>
</ProgramElement>
<ProgramReference>
<Code>7556</Code>
<Text>CONFERENCE AND WORKSHOPS</Text>
</ProgramReference>
</Award>
</rootTag>
