<?xml version="1.0" encoding="UTF-8"?>
<rootTag>
<Award>
<AwardTitle>Singularities and Black Holes in General Relativity</AwardTitle>
<AwardEffectiveDate>07/01/2019</AwardEffectiveDate>
<AwardExpirationDate>06/30/2022</AwardExpirationDate>
<AwardTotalIntnAmount>190174.00</AwardTotalIntnAmount>
<AwardAmount>61301</AwardAmount>
<AwardInstrument>
<Value>Continuing grant</Value>
</AwardInstrument>
<Organization>
<Code>03040000</Code>
<Directorate>
<Abbreviation>MPS</Abbreviation>
<LongName>Direct For Mathematical &amp; Physical Scien</LongName>
</Directorate>
<Division>
<Abbreviation>DMS</Abbreviation>
<LongName>Division Of Mathematical Sciences</LongName>
</Division>
</Organization>
<ProgramOfficer>
<SignBlockName>Tomek Bartoszynski</SignBlockName>
</ProgramOfficer>
<AbstractNarration>One of the most shocking predictions of general relativity is the existence of black holes; regions of spacetime so dense that nothing, not even light, can escape. In addition to possessing fascinating physical properties, black holes play an essential role in our modern understanding of astrophysics. For example, it is expected that any object undergoing gravitational collapse eventually settles down to a black hole, and also, it is thought that black holes serve to shield us from potentially dangerous gravitational singularities. However, both of these expectations, so fundamental to our view of the universe, lack a definitive mathematical understanding. This project aims to advance our understanding of both the problems of black hole stability and the potential existence of "naked singularities", singular solutions which are not hidden away behind a black hole.&lt;br/&gt;&lt;br/&gt;In the last decade there has been a tremendous progress in establishing stability results for model equations on general black hole backgrounds. At the same time, there has been much progress in understanding the true stability problem for the special class of non-rotating black holes. One part of our research plan is to combine these two research directions and to eventually establish a definitive stability theory for rotating black holes. Another part of our research plan is to show that there do in fact exist singular spacetimes which are not hidden behind black holes; however, we will also show that upon a slight perturbation, these particular spacetimes become unstable and develop a black hole.&lt;br/&gt;&lt;br/&gt;This award reflects NSF's statutory mission and has been deemed worthy of support through evaluation using the Foundation's intellectual merit and broader impacts review criteria.</AbstractNarration>
<MinAmdLetterDate>06/27/2019</MinAmdLetterDate>
<MaxAmdLetterDate>06/27/2019</MaxAmdLetterDate>
<ARRAAmount/>
<AwardID>1900288</AwardID>
<Investigator>
<FirstName>Yakov</FirstName>
<LastName>Shlapentokh-Rothman</LastName>
<EmailAddress>yshlapen@math.princeton.edu</EmailAddress>
<StartDate>06/27/2019</StartDate>
<EndDate/>
<RoleCode>Principal Investigator</RoleCode>
</Investigator>
<Institution>
<Name>Princeton University</Name>
<CityName>Princeton</CityName>
<ZipCode>085442020</ZipCode>
<PhoneNumber>6092583090</PhoneNumber>
<StreetAddress>Off. of Research &amp; Proj. Admin.</StreetAddress>
<CountryName>United States</CountryName>
<StateName>New Jersey</StateName>
<StateCode>NJ</StateCode>
</Institution>
<ProgramElement>
<Code>1281</Code>
<Text>ANALYSIS PROGRAM</Text>
</ProgramElement>
</Award>
</rootTag>
