<?xml version="1.0" encoding="UTF-8"?>
<rootTag>
<Award>
<AwardTitle>RUI: Switchable Molecules and Materials Through Coordination of Verdazyl Radicals</AwardTitle>
<AwardEffectiveDate>07/01/2019</AwardEffectiveDate>
<AwardExpirationDate>06/30/2022</AwardExpirationDate>
<AwardTotalIntnAmount>310000.00</AwardTotalIntnAmount>
<AwardAmount>310000</AwardAmount>
<AwardInstrument>
<Value>Standard Grant</Value>
</AwardInstrument>
<Organization>
<Code>03090000</Code>
<Directorate>
<Abbreviation>MPS</Abbreviation>
<LongName>Direct For Mathematical &amp; Physical Scien</LongName>
</Directorate>
<Division>
<Abbreviation>CHE</Abbreviation>
<LongName>Division Of Chemistry</LongName>
</Division>
</Organization>
<ProgramOfficer>
<SignBlockName>Tingyu Li</SignBlockName>
</ProgramOfficer>
<AbstractNarration>In this Research at Undergraduate Institution (RUI) project funded by the Chemical Structure, Dynamics and Mechanisms-B program of the Chemistry Division, Professor David Brook of the Department of Chemistry at San Jose State University is studying a series of transition metal-containing molecules and materials with switchable magnetic structures. By switching between different magnetic states as a result of external influences such as temperature, light and electrical potential, these molecules and materials may have applications as sensors, and in information storage and molecular computing.  High school students, undergraduate students, and master's level graduate students will play a role in the research. They will gain broad experience in experimental chemistry, from organic and inorganic synthesis to the use of numerous analytical techniques including spectroscopy, mass spectrometry, electrochemistry, magnetochemistry, and X-ray crystallography. Students will participate in national and international research collaborations and will have the opportunity to make measurements at major user facilities in the US and Spain.&lt;br/&gt;&lt;br/&gt;Transition metal and f-block element coordination compounds of verdazyl radical ligands have the potential to form molecules with labile electronic structures (i.e. the molecule can switch between electronic states that differ in magnetic or other properties). The research involves the exploration and exploitation of this unusual property with several goals in mind.  The first goals it o understand the factors in the metal-ligand interaction that give rise to electronic lability, while the second goals is to electronically couple  labile ions with conducting counterions to form new materials with novel magnetoresistive behavior. The team will study verdazyl complexes of f block elements (both lanthanides and actinides) in order to develop new single molecule magnets and using principles of self assembly to synthesize and study extended clusters of electronically labile metal centers, exploring the interactions between neighboring metal ions.&lt;br/&gt;&lt;br/&gt;This award reflects NSF's statutory mission and has been deemed worthy of support through evaluation using the Foundation's intellectual merit and broader impacts review criteria.</AbstractNarration>
<MinAmdLetterDate>06/28/2019</MinAmdLetterDate>
<MaxAmdLetterDate>06/28/2019</MaxAmdLetterDate>
<ARRAAmount/>
<AwardID>1900491</AwardID>
<Investigator>
<FirstName>David</FirstName>
<LastName>Brook</LastName>
<EmailAddress>david.brook@sjsu.edu</EmailAddress>
<StartDate>06/28/2019</StartDate>
<EndDate/>
<RoleCode>Principal Investigator</RoleCode>
</Investigator>
<Institution>
<Name>San Jose State University Foundation</Name>
<CityName>San Jose</CityName>
<ZipCode>951125569</ZipCode>
<PhoneNumber>4089241400</PhoneNumber>
<StreetAddress>210 North Fourth Street</StreetAddress>
<CountryName>United States</CountryName>
<StateName>California</StateName>
<StateCode>CA</StateCode>
</Institution>
<ProgramElement>
<Code>9102</Code>
<Text>Chem Struct,Dynmcs&amp;Mechansms B</Text>
</ProgramElement>
<ProgramReference>
<Code>7203</Code>
<Text>QUANTUM INFORMATION SCIENCE</Text>
</ProgramReference>
<ProgramReference>
<Code>9229</Code>
<Text>RES IN UNDERGRAD INST-RESEARCH</Text>
</ProgramReference>
</Award>
</rootTag>
