<?xml version="1.0" encoding="UTF-8"?>
<rootTag>
<Award>
<AwardTitle>Methods for the Chemical Synthesis of Complex Molecules</AwardTitle>
<AwardEffectiveDate>07/15/2019</AwardEffectiveDate>
<AwardExpirationDate>06/30/2022</AwardExpirationDate>
<AwardTotalIntnAmount>485000.00</AwardTotalIntnAmount>
<AwardAmount>485000</AwardAmount>
<AwardInstrument>
<Value>Standard Grant</Value>
</AwardInstrument>
<Organization>
<Code>03090000</Code>
<Directorate>
<Abbreviation>MPS</Abbreviation>
<LongName>Direct For Mathematical &amp; Physical Scien</LongName>
</Directorate>
<Division>
<Abbreviation>CHE</Abbreviation>
<LongName>Division Of Chemistry</LongName>
</Division>
</Organization>
<ProgramOfficer>
<SignBlockName>Jin Cha</SignBlockName>
</ProgramOfficer>
<AbstractNarration>With this award, funded by the Chemical Synthesis Program of the Chemistry Division, Professor Viresh Rawal of the University of Chicago is developing new methods for the chemical synthesis of complex molecules. New synthetic methods and strategies enable the construction of compounds that are essential for advancements in many scientific disciplines, including chemical biology and materials science. Such synthesis opens access to diverse compounds that help us understand biological processes.  New synthetic methods also help chemists prepare large quantities of drugs more cheaply. The Rawal lab examines cycloaddition reactions, which are reactions wherein two molecules are brought together to form a ring. These are one of the most important families of reactions for the synthesis of intricate molecules.  The methods allow for the creation of new compounds and provide students with a rigorous training in reaction development, and the design and synthesis of molecules, thereby preparing them for careers in academics or industry. Undergraduate students and high school students from the Chicago Public School system are also gaining exposure to scientific research through this award.  They learn about the many opportunities and careers available to them in STEM fields.&lt;br/&gt;&lt;br/&gt;Professor Rawal is developing new cycloaddition methodologies for the synthesis of complex molecules. He and his students are designing novel substrates for the Diels-Alder (DA) reaction, particularly the meta-selective DA reaction, for the construction of substituted cyclohexanones that are key building blocks to many complex natural products. Given the tremendous need for single enantiomer compounds, with estimated global sales topping $1.3 trillion in 2018, the Rawal lab is examining chiral catalysts to render meta-selective DA reactions enantioselective. This work is providing ready access to important compounds, particularly compounds containing all-carbon quaternary chiral centers, that previously were difficult to synthesize. To demonstrate the unique power of the new chemistry, the Rawal lab is carrying out the chemical synthesis of selected, intricate natural products. This research program is also helping to develop human resources in science and technology through the education and training of graduate, undergraduate, and high school students.  Importantly, this project is exposing undergraduate students and high school students in the University of Chicago Collegiate Scholars Program to career opportunities in scientific research.&lt;br/&gt;&lt;br/&gt;This award reflects NSF's statutory mission and has been deemed worthy of support through evaluation using the Foundation's intellectual merit and broader impacts review criteria.</AbstractNarration>
<MinAmdLetterDate>06/19/2019</MinAmdLetterDate>
<MaxAmdLetterDate>06/19/2019</MaxAmdLetterDate>
<ARRAAmount/>
<AwardID>1900594</AwardID>
<Investigator>
<FirstName>Viresh</FirstName>
<LastName>Rawal</LastName>
<EmailAddress>vrawal@uchicago.edu</EmailAddress>
<StartDate>06/19/2019</StartDate>
<EndDate/>
<RoleCode>Principal Investigator</RoleCode>
</Investigator>
<Institution>
<Name>University of Chicago</Name>
<CityName>Chicago</CityName>
<ZipCode>606372612</ZipCode>
<PhoneNumber>7737028669</PhoneNumber>
<StreetAddress>6054 South Drexel Avenue</StreetAddress>
<CountryName>United States</CountryName>
<StateName>Illinois</StateName>
<StateCode>IL</StateCode>
</Institution>
<ProgramElement>
<Code>6878</Code>
<Text>Chemical Synthesis</Text>
</ProgramElement>
<ProgramReference>
<Code>8037</Code>
<Text>Advanced Manufacturing</Text>
</ProgramReference>
</Award>
</rootTag>
