<?xml version="1.0" encoding="UTF-8"?>
<rootTag>
<Award>
<AwardTitle>Mechanism-based development of new nickel-catalyzed stereospecific cross-electrophile coupling reactions of sulfonamides</AwardTitle>
<AwardEffectiveDate>08/01/2019</AwardEffectiveDate>
<AwardExpirationDate>07/31/2022</AwardExpirationDate>
<AwardTotalIntnAmount>485000.00</AwardTotalIntnAmount>
<AwardAmount>161667</AwardAmount>
<AwardInstrument>
<Value>Continuing grant</Value>
</AwardInstrument>
<Organization>
<Code>03090000</Code>
<Directorate>
<Abbreviation>MPS</Abbreviation>
<LongName>Direct For Mathematical &amp; Physical Scien</LongName>
</Directorate>
<Division>
<Abbreviation>CHE</Abbreviation>
<LongName>Division Of Chemistry</LongName>
</Division>
</Organization>
<ProgramOfficer>
<SignBlockName>Thomas Rauchfuss</SignBlockName>
</ProgramOfficer>
<AbstractNarration>With this award, the Chemical Synthesis Program of the Division of Chemistry supports the research of Professor Elizabeth Jarvo in the Department of Chemistry of the University of California, Irvine.  Professor Jarvo is developing new ways to make carbon-containing molecules used in agriculture, pharmaceuticals, polymers and other materials.  Traditional methods of making these molecules rely on precious metals that are limited in supply and thus, expensive and sometimes hard to obtain.  Dr. Jarvo is trying to replace those metals with more earth abundant nickel-based reagents that would be more environmentally sustainable.  With a focus on how the reaction occurs, the Jarvo laboratory is gaining new insight into carbon-carbon bond forming reactions that are important industrially. This project provides hands-on training to graduate and undergraduate students.  Professor Jarvo also organizes career-development workshops that target female and underrepresented faculty and graduate students.  She co-organizes a day-long research symposium for Southern California undergraduate students and participates in outreach programs that connect the UC Irvine campus to nearby underserved middle schools.&lt;br/&gt;&lt;br/&gt;Professor Elizabeth Jarvo is developing stereospecific cross-coupling and cross-electrophile coupling reactions of benzylic sulfonamides using nickel catalysts.  These new, catalytic methods enable the synthesis of complex biologically active molecules. For example, the work is defining stereoselective strategies for the synthesis of cyclopropanes, a privileged moiety in medicinal chemistry.  Importantly, mechanistic experiments clarify the factors that govern reactivity of organonickel complexes to favor two-electron reactions versus single-electron reactions, a long-standing challenge in development of nickel-catalyzed reactions. Structural characterization of organonickel intermediates provides experimental evidence for the oxidation state of key catalytic intermediates and facilitates the design of new catalysts.&lt;br/&gt;&lt;br/&gt;This award reflects NSF's statutory mission and has been deemed worthy of support through evaluation using the Foundation's intellectual merit and broader impacts review criteria.</AbstractNarration>
<MinAmdLetterDate>07/29/2019</MinAmdLetterDate>
<MaxAmdLetterDate>07/29/2019</MaxAmdLetterDate>
<ARRAAmount/>
<AwardID>1900340</AwardID>
<Investigator>
<FirstName>Elizabeth</FirstName>
<LastName>Jarvo</LastName>
<EmailAddress>erjarvo@uci.edu</EmailAddress>
<StartDate>07/29/2019</StartDate>
<EndDate/>
<RoleCode>Principal Investigator</RoleCode>
</Investigator>
<Institution>
<Name>University of California-Irvine</Name>
<CityName>Irvine</CityName>
<ZipCode>926173213</ZipCode>
<PhoneNumber>9498247295</PhoneNumber>
<StreetAddress>141 Innovation Drive, Ste 250</StreetAddress>
<CountryName>United States</CountryName>
<StateName>California</StateName>
<StateCode>CA</StateCode>
</Institution>
<ProgramElement>
<Code>6878</Code>
<Text>Chemical Synthesis</Text>
</ProgramElement>
<ProgramReference>
<Code>8091</Code>
<Text>BRAIN Initiative Res Support</Text>
</ProgramReference>
</Award>
</rootTag>
