<?xml version="1.0" encoding="UTF-8"?>
<rootTag>
<Award>
<AwardTitle>Catalyst Project: Diversity of ecosystem services provisioning in coastal socio-ecological systems</AwardTitle>
<AwardEffectiveDate>06/15/2019</AwardEffectiveDate>
<AwardExpirationDate>05/31/2022</AwardExpirationDate>
<AwardTotalIntnAmount>199835.00</AwardTotalIntnAmount>
<AwardAmount>199835</AwardAmount>
<AwardInstrument>
<Value>Standard Grant</Value>
</AwardInstrument>
<Organization>
<Code>11060000</Code>
<Directorate>
<Abbreviation>EHR</Abbreviation>
<LongName>Direct For Education and Human Resources</LongName>
</Directorate>
<Division>
<Abbreviation>HRD</Abbreviation>
<LongName>Division Of Human Resource Development</LongName>
</Division>
</Organization>
<ProgramOfficer>
<SignBlockName>Claudia Rankins</SignBlockName>
</ProgramOfficer>
<AbstractNarration>Catalyst Projects provide support for Historically Black Colleges and Universities to work towards establishing research capacity of faculty to strengthen science, technology, engineering and mathematics undergraduate education and research. It is expected that the award will further the faculty member's research capability, and improve research and teaching at the institution. This project at Delaware State University will study ecosystem services for coastal ecosystems. Undergraduate students participate in this project as researchers.&lt;br/&gt; &lt;br/&gt;Ecosystem services, or the benefits that humans receive from ecosystems, are an important justification for conservation and restoration investments.  However, past studies are conflicted regarding how to assess and when to expect synergies and tradeoffs among services.  Further, few studies have examined these relationships in coastal socioecological systems.  This project aims to quantitatively map a broad suite of services provided by Delaware's coastal ecosystems, including cultural services such as birding use, beach use, park use, boating; provisioning services, such as fisheries; and regulating and supporting services such as flood mitigation and biodiversity preservation.  Spatial models for the total service delivery and diversity of service delivery will be developed based on biodiversity indices and compared at multiple spatial scales.  In addition, service bundles or distinct groups of co-occurring services will be identified and examined across spatial scales and with different land uses using multivariate statistics.  The project will contribute a general framework to evaluate the co-delivery of ecosystem services, and the project will provide an assessment of the delivery of services in highly valued coastal ecosystems.&lt;br/&gt;&lt;br/&gt;This award reflects NSF's statutory mission and has been deemed worthy of support through evaluation using the Foundation's intellectual merit and broader impacts review criteria.</AbstractNarration>
<MinAmdLetterDate>05/22/2019</MinAmdLetterDate>
<MaxAmdLetterDate>05/22/2019</MaxAmdLetterDate>
<ARRAAmount/>
<AwardID>1900819</AwardID>
<Investigator>
<FirstName>Sigrid</FirstName>
<LastName>Smith</LastName>
<EmailAddress>ssmith@desu.edu</EmailAddress>
<StartDate>05/22/2019</StartDate>
<EndDate/>
<RoleCode>Principal Investigator</RoleCode>
</Investigator>
<Institution>
<Name>Delaware State University</Name>
<CityName>Dover</CityName>
<ZipCode>199012277</ZipCode>
<PhoneNumber>3028576001</PhoneNumber>
<StreetAddress>1200 N. Dupont Highway</StreetAddress>
<CountryName>United States</CountryName>
<StateName>Delaware</StateName>
<StateCode>DE</StateCode>
</Institution>
<ProgramElement>
<Code>1594</Code>
<Text>Hist Black Colleges and Univ</Text>
</ProgramElement>
<ProgramReference>
<Code>9150</Code>
<Text>EXP PROG TO STIM COMP RES</Text>
</ProgramReference>
<ProgramReference>
<Code>9178</Code>
<Text>UNDERGRADUATE EDUCATION</Text>
</ProgramReference>
</Award>
</rootTag>
