<?xml version="1.0" encoding="UTF-8"?>
<rootTag>
<Award>
<AwardTitle>Active Learning Modules to Support Problem-Based Learning: Effects on Engineering Retention and Academic Outcomes of At-Risk Students</AwardTitle>
<AwardEffectiveDate>09/01/2018</AwardEffectiveDate>
<AwardExpirationDate>07/31/2020</AwardExpirationDate>
<AwardTotalIntnAmount>474798.00</AwardTotalIntnAmount>
<AwardAmount>474798</AwardAmount>
<AwardInstrument>
<Value>Standard Grant</Value>
</AwardInstrument>
<Organization>
<Code>11040000</Code>
<Directorate>
<Abbreviation>EHR</Abbreviation>
<LongName>Direct For Education and Human Resources</LongName>
</Directorate>
<Division>
<Abbreviation>DUE</Abbreviation>
<LongName>Division Of Undergraduate Education</LongName>
</Division>
</Organization>
<ProgramOfficer>
<SignBlockName>Alexandra Medina-Borja</SignBlockName>
</ProgramOfficer>
<AbstractNarration>In response to the Nation's need to improve the preparation of undergraduate students so they can succeed as productive members of the future STEM workforce, this project expands and explores an instructional approach that has shown promising results in increasing the success of undergraduate engineering students in an introductory course - engineering design graphics. The overarching purpose of the project is to refine a transferable active learning framework and the associated instructional resources to promote engineering persistence, academic success, and engagement. Such an instructional approach is critical and has strong implications for student persistence in engineering degree programs. The impacts of this project will include: (a) promoting the design and development of effective STEM learning and teaching knowledge and practice; (b) broadening the implementation of effective instructional practices and innovations; (c) enhancing retention of STEM students by addressing high failure rates in introductory classes; and (d) increasing the persistence of all demographic groups in the first two years of college. &lt;br/&gt;&lt;br/&gt;More specifically, the project's approach will involve the use of active performance learning modules. The investigative team will explore the factors that affect program persistence in order to create a curricular approach that will improve the student experience, particularly for at-risk students, such as female students, underrepresented minorities, and first-generation college students. The instructional approach of this project will be disseminated to other two- and four-year institutions and will include recommendations for identifying at-risk students and for improving student engagement and retention. A mixed-methods design will enable the investigative team to collect and analyze information from students related to: program persistence, self-efficacy, academic success, and engagement. The project will have implications not only for effectiveness of student learning, but also for the retention of students in engineering.</AbstractNarration>
<MinAmdLetterDate>11/19/2018</MinAmdLetterDate>
<MaxAmdLetterDate>11/19/2018</MaxAmdLetterDate>
<ARRAAmount/>
<AwardID>1900348</AwardID>
<Investigator>
<FirstName>Jeremy</FirstName>
<LastName>Ernst</LastName>
<EmailAddress>ernstj1@erau.edu</EmailAddress>
<StartDate>11/19/2018</StartDate>
<EndDate/>
<RoleCode>Principal Investigator</RoleCode>
</Investigator>
<Institution>
<Name>Embry-Riddle Aeronautical University</Name>
<CityName>Daytona Beach</CityName>
<ZipCode>321143966</ZipCode>
<PhoneNumber>3862267695</PhoneNumber>
<StreetAddress>Sponsored Research Adm</StreetAddress>
<CountryName>United States</CountryName>
<StateName>Florida</StateName>
<StateCode>FL</StateCode>
</Institution>
<ProgramElement>
<Code>1998</Code>
<Text>IUSE</Text>
</ProgramElement>
<ProgramReference>
<Code>8209</Code>
<Text>Improv Undergrad STEM Ed(IUSE)</Text>
</ProgramReference>
<ProgramReference>
<Code>8244</Code>
<Text>EHR CL Opportunities (NSF 14-302)</Text>
</ProgramReference>
<ProgramReference>
<Code>9178</Code>
<Text>UNDERGRADUATE EDUCATION</Text>
</ProgramReference>
</Award>
</rootTag>
