<?xml version="1.0" encoding="UTF-8"?>
<rootTag>
<Award>
<AwardTitle>Nonlinear Geometric Flows: Ancient Solutions, Non-Compact Surfaces, and Regularity</AwardTitle>
<AwardEffectiveDate>08/01/2019</AwardEffectiveDate>
<AwardExpirationDate>07/31/2024</AwardExpirationDate>
<AwardTotalIntnAmount>549942.00</AwardTotalIntnAmount>
<AwardAmount>217984</AwardAmount>
<AwardInstrument>
<Value>Continuing grant</Value>
</AwardInstrument>
<Organization>
<Code>03040000</Code>
<Directorate>
<Abbreviation>MPS</Abbreviation>
<LongName>Direct For Mathematical &amp; Physical Scien</LongName>
</Directorate>
<Division>
<Abbreviation>DMS</Abbreviation>
<LongName>Division Of Mathematical Sciences</LongName>
</Division>
</Organization>
<ProgramOfficer>
<SignBlockName>Marian Bocea</SignBlockName>
</ProgramOfficer>
<AbstractNarration>Some of the most important problems in mathematics and physics are related to the understanding of singularities. These are anomalies in the behavior of a physical quantity where the mathematical expressions that are used to measure such quantities break down. It may be related to the understanding of black holes or turbulence to the accumulation of cancer cells. These physical phenomena are often described via a differential equation which involves time and space.  Studying the qualitative behavior of the solutions of such equations often results in a better understanding of the related physical problem. To capture a singularity one uses a blow up procedure which allows one to focus near the potential singularity and use the scaling properties of the differential equation involved.  Because of the change in the scaling of space and time, the new solution after the blow up is defined for all space and time -- in other words it is a "global solution".  The classification of such solutions, when possible, sheds new insight into the singularity analysis and the related physical problem.&lt;br/&gt;&lt;br/&gt;This project addresses the questions of existence, uniqueness and qualitative behavior of global solutions to nonlinear geometric elliptic and parabolic partial differential equations. Emphasis is given to the classification of ancient solutions and the study of singularities. The interplay between analytical and geometric techniques will be crucial for the resolution of the proposed research activities. The project links a wide range of active fields of mathematics, in particular nonlinear partial differential equations, geometry and classical analysis. The PI intends to study the applications of the mathematical problems to other disciplines such as quantum field theory and image processing. Results will be disseminated to the research community at various meetings and by publication of research articles.  Special emphasis will be given to the training of PhD students and the encouragement of minorities and women to pursue a successful career in mathematics.&lt;br/&gt;&lt;br/&gt;This award reflects NSF's statutory mission and has been deemed worthy of support through evaluation using the Foundation's intellectual merit and broader impacts review criteria.</AbstractNarration>
<MinAmdLetterDate>07/29/2019</MinAmdLetterDate>
<MaxAmdLetterDate>07/29/2019</MaxAmdLetterDate>
<ARRAAmount/>
<AwardID>1900702</AwardID>
<Investigator>
<FirstName>Panagiota</FirstName>
<LastName>Daskalopoulos</LastName>
<EmailAddress>pdaskalo@math.columbia.edu</EmailAddress>
<StartDate>07/29/2019</StartDate>
<EndDate/>
<RoleCode>Principal Investigator</RoleCode>
</Investigator>
<Institution>
<Name>Columbia University</Name>
<CityName>NEW YORK</CityName>
<ZipCode>100276902</ZipCode>
<PhoneNumber>2128546851</PhoneNumber>
<StreetAddress>2960 Broadway</StreetAddress>
<CountryName>United States</CountryName>
<StateName>New York</StateName>
<StateCode>NY</StateCode>
</Institution>
<ProgramElement>
<Code>1265</Code>
<Text>GEOMETRIC ANALYSIS</Text>
</ProgramElement>
<ProgramElement>
<Code>1281</Code>
<Text>ANALYSIS PROGRAM</Text>
</ProgramElement>
</Award>
</rootTag>
