<?xml version="1.0" encoding="UTF-8"?>
<rootTag>
<Award>
<AwardTitle>Development of Computational Methods and their Applications to Studying Nuclear Quantum Dynamics of Complex Molecular Systems</AwardTitle>
<AwardEffectiveDate>07/01/2019</AwardEffectiveDate>
<AwardExpirationDate>06/30/2022</AwardExpirationDate>
<AwardTotalIntnAmount>479884.00</AwardTotalIntnAmount>
<AwardAmount>315806</AwardAmount>
<AwardInstrument>
<Value>Continuing grant</Value>
</AwardInstrument>
<Organization>
<Code>03090000</Code>
<Directorate>
<Abbreviation>MPS</Abbreviation>
<LongName>Direct For Mathematical &amp; Physical Scien</LongName>
</Directorate>
<Division>
<Abbreviation>CHE</Abbreviation>
<LongName>Division Of Chemistry</LongName>
</Division>
</Organization>
<ProgramOfficer>
<SignBlockName>Evelyn Goldfield</SignBlockName>
</ProgramOfficer>
<AbstractNarration>Vladimir Mandelshtam of the University of California, Irvine, is supported by the by the Chemical Theory, Models and Computational Methods program in the division of chemistry  to conduct research in the area of theoretical chemistry. He and his research group develop new computational methods that take advantage of advances in high-performance computers.  They use these new methods to study  important and interesting properties of complex molecular systems at the atomic level, for example large molecular clusters.   Currently they are applying these new approaches to learn about the structure, dynamics, and spectroscopy  of water clusters, ion-water clusters, and hydrogen clusters .  The computer programs resulting from this project are made available free of charge to the scientific community.&lt;br/&gt;&lt;br/&gt;Professor Mandelshtam's research in Quantum Dynamics is concerned with the development of a novel approach under the general title "Quasirandom Distributed Gaussian Basis" (QDGB) and its applications to computations of vibrational spectra of molecules and clusters.  QDGB combines the relatively old idea of using a Gaussian basis with the new ways of distributing this basis by using a quasirandom sequence that samples a particular distribution function optimized for the system in question.  Another important aspect of the approach involves the new ways of computing the required multidimensional integrals involving the potential energy matrix elements using quasi-Monte Carlo (QMC). QMC is also based on quasirandom sequences. Unlike the standard MC it has superior convergence properties. QDGB is then used to study vibrational spectra of polyatomic molecules and clusters. In addition, Mandelshtam's research in Statistical Mechanics is concerned with applications of the Diffusion Monte Carlo (DMC) method to study energetics, structure, and nuclear quantum and isotope effects in molecular clusters.&lt;br/&gt;&lt;br/&gt;This award reflects NSF's statutory mission and has been deemed worthy of support through evaluation using the Foundation's intellectual merit and broader impacts review criteria.</AbstractNarration>
<MinAmdLetterDate>06/27/2019</MinAmdLetterDate>
<MaxAmdLetterDate>06/27/2019</MaxAmdLetterDate>
<ARRAAmount/>
<AwardID>1900295</AwardID>
<Investigator>
<FirstName>Vladimir</FirstName>
<LastName>Mandelshtam</LastName>
<EmailAddress>mandelsh@uci.edu</EmailAddress>
<StartDate>06/27/2019</StartDate>
<EndDate/>
<RoleCode>Principal Investigator</RoleCode>
</Investigator>
<Institution>
<Name>University of California-Irvine</Name>
<CityName>Irvine</CityName>
<ZipCode>926173213</ZipCode>
<PhoneNumber>9498247295</PhoneNumber>
<StreetAddress>141 Innovation Drive, Ste 250</StreetAddress>
<CountryName>United States</CountryName>
<StateName>California</StateName>
<StateCode>CA</StateCode>
</Institution>
<ProgramElement>
<Code>6881</Code>
<Text>Chem Thry, Mdls &amp; Cmptnl Mthds</Text>
</ProgramElement>
<ProgramReference>
<Code>026Z</Code>
<Text>NSCI: National Strategic Computing Initi</Text>
</ProgramReference>
<ProgramReference>
<Code>9216</Code>
<Text>ADVANCED SOFTWARE TECH &amp; ALGOR</Text>
</ProgramReference>
<ProgramReference>
<Code>9263</Code>
<Text>COMPUTATIONAL SCIENCE &amp; ENGING</Text>
</ProgramReference>
</Award>
</rootTag>
