<?xml version="1.0" encoding="UTF-8"?>
<rootTag>
<Award>
<AwardTitle>FET: Medium: Design for Dependability in Systems of Molecular Programs</AwardTitle>
<AwardEffectiveDate>08/01/2019</AwardEffectiveDate>
<AwardExpirationDate>07/31/2023</AwardExpirationDate>
<AwardTotalIntnAmount>800000.00</AwardTotalIntnAmount>
<AwardAmount>463362</AwardAmount>
<AwardInstrument>
<Value>Continuing grant</Value>
</AwardInstrument>
<Organization>
<Code>05010000</Code>
<Directorate>
<Abbreviation>CSE</Abbreviation>
<LongName>Direct For Computer &amp; Info Scie &amp; Enginr</LongName>
</Directorate>
<Division>
<Abbreviation>CCF</Abbreviation>
<LongName>Division of Computing and Communication Foundations</LongName>
</Division>
</Organization>
<ProgramOfficer>
<SignBlockName>Mitra Basu</SignBlockName>
</ProgramOfficer>
<AbstractNarration>Molecular programming is an emerging nanotechnology that uses the information-processing capabilities of DNA and other biomolecules to create and control very small devices.  Scientists in this area are developing more complex and sophisticated devices every year.  Molecular programming will soon move beyond basic science to promising real-world applications ranging from targeted drug-delivery in humans to smart materials that are compatible with living tissue.  This project is developing new methods for designing dependability into systems of molecular programs and reasoning about their behavior.  This research will make molecular programming more productive, dependable, and safe.  The investigators are training a diverse and successful group of researchers and educators in molecular programming, and the project will develop methods for constructing assurance cases that future applications will need in order to be certified for real-world use.  &lt;br/&gt;&lt;br/&gt;The design and verification of molecular programs face three major challenges.  These are the complexity and randomness of the programs themselves, the complexity and randomness of the environments in which they will operate, and the safety-critical nature of many of their envisioned applications.  This project is addressing these challenges by building complex molecular programs as systems of simpler molecular programs that use biochemical signals to communicate with one another and by adapting dependability methods from software engineering to the design and verification of these systems.  Most of the project's fundamental science lies in this adaption to a chemical world that is far more capricious than the highly engineered silicon platforms on which traditional software operates.&lt;br/&gt;&lt;br/&gt;This award reflects NSF's statutory mission and has been deemed worthy of support through evaluation using the Foundation's intellectual merit and broader impacts review criteria.</AbstractNarration>
<MinAmdLetterDate>07/26/2019</MinAmdLetterDate>
<MaxAmdLetterDate>07/26/2019</MaxAmdLetterDate>
<ARRAAmount/>
<AwardID>1900716</AwardID>
<Investigator>
<FirstName>Jack</FirstName>
<LastName>Lutz</LastName>
<EmailAddress>lutz@cs.iastate.edu</EmailAddress>
<StartDate>07/26/2019</StartDate>
<EndDate/>
<RoleCode>Co-Principal Investigator</RoleCode>
</Investigator>
<Investigator>
<FirstName>Robyn</FirstName>
<LastName>Lutz</LastName>
<EmailAddress>rlutz@iastate.edu</EmailAddress>
<StartDate>07/26/2019</StartDate>
<EndDate/>
<RoleCode>Principal Investigator</RoleCode>
</Investigator>
<Investigator>
<FirstName>James</FirstName>
<LastName>Lathrop</LastName>
<EmailAddress>jil@cs.iastate.edu</EmailAddress>
<StartDate>07/26/2019</StartDate>
<EndDate/>
<RoleCode>Co-Principal Investigator</RoleCode>
</Investigator>
<Institution>
<Name>Iowa State University</Name>
<CityName>AMES</CityName>
<ZipCode>500112207</ZipCode>
<PhoneNumber>5152945225</PhoneNumber>
<StreetAddress>1138 Pearson</StreetAddress>
<CountryName>United States</CountryName>
<StateName>Iowa</StateName>
<StateCode>IA</StateCode>
</Institution>
<ProgramElement>
<Code>089Y</Code>
<Text>FET-Fndtns of Emerging Tech</Text>
</ProgramElement>
<ProgramElement>
<Code>7798</Code>
<Text>Software &amp; Hardware Foundation</Text>
</ProgramElement>
<ProgramReference>
<Code>7924</Code>
<Text>MEDIUM PROJECT</Text>
</ProgramReference>
<ProgramReference>
<Code>7931</Code>
<Text>COMPUTATIONAL BIOLOGY</Text>
</ProgramReference>
<ProgramReference>
<Code>7944</Code>
<Text>SOFTWARE ENG &amp; FORMAL METHODS</Text>
</ProgramReference>
</Award>
</rootTag>
