<?xml version="1.0" encoding="UTF-8"?>
<rootTag>
<Award>
<AwardTitle>Research Initiation Award: Investigation on Tribo-charging Behavior of Agricultural Particles in the Development of Water-free Bio-separation Approach for Biomass Residues</AwardTitle>
<AwardEffectiveDate>05/01/2019</AwardEffectiveDate>
<AwardExpirationDate>04/30/2022</AwardExpirationDate>
<AwardTotalIntnAmount>299811.00</AwardTotalIntnAmount>
<AwardAmount>299811</AwardAmount>
<AwardInstrument>
<Value>Standard Grant</Value>
</AwardInstrument>
<Organization>
<Code>11060000</Code>
<Directorate>
<Abbreviation>EHR</Abbreviation>
<LongName>Direct For Education and Human Resources</LongName>
</Directorate>
<Division>
<Abbreviation>HRD</Abbreviation>
<LongName>Division Of Human Resource Development</LongName>
</Division>
</Organization>
<ProgramOfficer>
<SignBlockName>Claudia Rankins</SignBlockName>
</ProgramOfficer>
<AbstractNarration>Research Initiation Awards provide support for junior and mid-career faculty at Historically Black Colleges and Universities who are building new research programs or redirecting and rebuilding existing programs. It is expected that the award helps to further the faculty member's research capability and effectiveness, improves research and teaching at the home institution, and involves undergraduate students in research experiences. The project seeks to develop a new method of separating agriculture biomass residues based on their electrostatic properties rather than size and density. &lt;br/&gt;&lt;br/&gt;Conventional wet processes to the purification of protein-rich biomass residues require large amounts of water and energy and the native functionality of the proteins is lost due to pH changes and temperature effects required for dehydration. This project will employ a tribo-electrostatic technique to pneumatically transfer milled agricultural residues into a fluidized bed reservoir where protein and fiber particles in the flour will be charged to different levels through collisions with the wall of the bed and/or interparticle contact, before being separated under the influence of an electric field. The long-term research goals are to expand the application of tribo-electrostatic separation (TES) technology to fractionate lignocellulosic biomass residues to further evaluate their tribo-charging behavior and to investigate the quality of the produced fractions for biofuel production. Moreover, these principles can be potentially used for food powder coating as well as coating solid pharmaceutical dosage forms to eliminate the use of organic solvents during conventional liquid coating technologies.&lt;br/&gt;&lt;br/&gt;This award reflects NSF's statutory mission and has been deemed worthy of support through evaluation using the Foundation's intellectual merit and broader impacts review criteria.</AbstractNarration>
<MinAmdLetterDate>04/02/2019</MinAmdLetterDate>
<MaxAmdLetterDate>04/02/2019</MaxAmdLetterDate>
<ARRAAmount/>
<AwardID>1900894</AwardID>
<Investigator>
<FirstName>Solmaz</FirstName>
<LastName>Tabtabaei</LastName>
<EmailAddress>solmaz.tabtabaei@howard.edu</EmailAddress>
<StartDate>04/02/2019</StartDate>
<EndDate/>
<RoleCode>Principal Investigator</RoleCode>
</Investigator>
<Institution>
<Name>Howard University</Name>
<CityName>Washington</CityName>
<ZipCode>200599000</ZipCode>
<PhoneNumber>2028064759</PhoneNumber>
<StreetAddress>2400 Sixth Street N W</StreetAddress>
<CountryName>United States</CountryName>
<StateName>District of Columbia</StateName>
<StateCode>DC</StateCode>
</Institution>
<ProgramElement>
<Code>1594</Code>
<Text>HIST BLACK COLLEGES AND UNIV</Text>
</ProgramElement>
<ProgramReference>
<Code>9178</Code>
<Text>UNDERGRADUATE EDUCATION</Text>
</ProgramReference>
</Award>
</rootTag>
