<?xml version="1.0" encoding="UTF-8"?>
<rootTag>
<Award>
<AwardTitle>Using Solvent-Free Mechanochemistry to Improve the Selectivity of Traditional Solution Based Chemical Reactions</AwardTitle>
<AwardEffectiveDate>08/01/2019</AwardEffectiveDate>
<AwardExpirationDate>07/31/2022</AwardExpirationDate>
<AwardTotalIntnAmount>485000.00</AwardTotalIntnAmount>
<AwardAmount>485000</AwardAmount>
<AwardInstrument>
<Value>Standard Grant</Value>
</AwardInstrument>
<Organization>
<Code>03090000</Code>
<Directorate>
<Abbreviation>MPS</Abbreviation>
<LongName>Direct For Mathematical &amp; Physical Scien</LongName>
</Directorate>
<Division>
<Abbreviation>CHE</Abbreviation>
<LongName>Division Of Chemistry</LongName>
</Division>
</Organization>
<ProgramOfficer>
<SignBlockName>Tingyu Li</SignBlockName>
</ProgramOfficer>
<AbstractNarration>In this project, funded by the Chemical Synthesis Program of the Chemistry Division, Professor James Mack II of the Department of Chemistry at the University of Cincinnati is developing environmentally benign ways to conduct organic synthesis.  Solvents, typically volatile organic compounds, represent roughly 85% of the total mass used in pharmaceutical manufacturing.  As a result, many companies have developed guidelines to ensure the utilization of environmentally benign solvents in the synthesis of drugs.  In addition to the amount of waste produced using solvents, solvents themselves are costly to acquire.  The goal of this project is to understand how to conduct chemical reactions in the absence of such solvents in order to significantly reduce the total amount of harmful waste produced during a chemical reaction.  The method of mechanochemistry used in this project can be performed by scientists at various levels, making it a useful tool to introduce the concepts of green chemistry to a broad audience. Professor Mack II has an excellent history of mentoring students from underrepresented minority groups and is continuously reaching out to the community and the students with the support of this grant. &lt;br/&gt;&lt;br/&gt;In addition to environmental concerns, there are other significant benefits of performing solvent free mechanochemistry.  In solution, the rate and selectivity of a reaction are both tied to temperature; however, under solvent-free mechanochemical conditions the rate and temperature can be independent of each another.  In this project, increased selectivity of chemical reactions will be performed through unique control over the temperature, mixing, and redox potential of reagents.   In solution, there is limited control on the mixing rate of reagents which can have a significant effect on the overall kinetics and selectivity of a chemical reaction.  This project seeks to understand how greater control over mixing in a solvent-free system can affect the kinetics and selectivity of various chemical reactions.  Using examples of enantioselective versions of the Morita-Baylis Hillman reactions, a three-component coupling reaction and a Diels-Alder reaction, new methods of selectivity are expected to be observed under mechanochemical conditions that are not available to synthetic chemists in solution.&lt;br/&gt;&lt;br/&gt;This award reflects NSF's statutory mission and has been deemed worthy of support through evaluation using the Foundation's intellectual merit and broader impacts review criteria.</AbstractNarration>
<MinAmdLetterDate>07/10/2019</MinAmdLetterDate>
<MaxAmdLetterDate>07/10/2019</MaxAmdLetterDate>
<ARRAAmount/>
<AwardID>1900097</AwardID>
<Investigator>
<FirstName>James</FirstName>
<LastName>Mack II</LastName>
<EmailAddress>james.mack@uc.edu</EmailAddress>
<StartDate>07/10/2019</StartDate>
<EndDate/>
<RoleCode>Principal Investigator</RoleCode>
</Investigator>
<Institution>
<Name>University of Cincinnati Main Campus</Name>
<CityName>Cincinnati</CityName>
<ZipCode>452210222</ZipCode>
<PhoneNumber>5135564358</PhoneNumber>
<StreetAddress>University Hall, Suite 530</StreetAddress>
<CountryName>United States</CountryName>
<StateName>Ohio</StateName>
<StateCode>OH</StateCode>
</Institution>
<ProgramElement>
<Code>6878</Code>
<Text>Chemical Synthesis</Text>
</ProgramElement>
<ProgramReference>
<Code>8037</Code>
<Text>Advanced Manufacturing</Text>
</ProgramReference>
<ProgramReference>
<Code>8650</Code>
<Text>Sustainable Chemistry</Text>
</ProgramReference>
</Award>
</rootTag>
