<?xml version="1.0" encoding="UTF-8"?>
<rootTag>
<Award>
<AwardTitle>FET: Medium: Collaborative Research: Engineerable Molecular Computing: Flying like an Airplane, not like a Bird</AwardTitle>
<AwardEffectiveDate>07/15/2019</AwardEffectiveDate>
<AwardExpirationDate>06/30/2023</AwardExpirationDate>
<AwardTotalIntnAmount>400000.00</AwardTotalIntnAmount>
<AwardAmount>221962</AwardAmount>
<AwardInstrument>
<Value>Continuing grant</Value>
</AwardInstrument>
<Organization>
<Code>05010000</Code>
<Directorate>
<Abbreviation>CSE</Abbreviation>
<LongName>Direct For Computer &amp; Info Scie &amp; Enginr</LongName>
</Directorate>
<Division>
<Abbreviation>CCF</Abbreviation>
<LongName>Division of Computing and Communication Foundations</LongName>
</Division>
</Organization>
<ProgramOfficer>
<SignBlockName>Mitra Basu</SignBlockName>
</ProgramOfficer>
<AbstractNarration>Computation via chemical reactions is prevalent in biology as every cell performs sophisticated information processing on internal and external chemical signals. Engineering synthetic biochemical pathways that are likewise capable of decision-making will impact a range of applications in manufacturing, chemical sensing, and medicine. Work funded by this project constructs smart molecular systems using two novel paradigms that, although inspired by biology, are very different from evolved biological systems (analogously to how airplanes do not fly by flapping their wings). The success of this project will lead to a new understanding of how chemical reactions can perform information processing, and to a new generation of functional molecular devices. The educational and outreach activities funded by this project, in collaboration with the Association for Women in Mathematics, also address the serious problem of the low percentage of women in computer science research.&lt;br/&gt;&lt;br/&gt;Direct analysis and manipulation of molecular information (e.g., the information encoded in the concentrations of various molecules) is where molecular computing outcompetes its electronic counterparts. The project advances the computer science theory and experimental capability to engineer chemical information processing with nucleic acids (DNA) by two new paradigms: (1) molecular computation programmed by the stoichiometry of reactions (independent of reaction rates); (2) molecular computation programmed by a simple combinatorial model of thermodynamics. The new paradigms result in greater robustness and easier programmability than existing approaches. Also, in contrast to existing methods, this proposal will yield reusable molecular computation, whereby switching the input results in dynamically updating output.&lt;br/&gt;&lt;br/&gt;This award reflects NSF's statutory mission and has been deemed worthy of support through evaluation using the Foundation's intellectual merit and broader impacts review criteria.</AbstractNarration>
<MinAmdLetterDate>07/08/2019</MinAmdLetterDate>
<MaxAmdLetterDate>07/08/2019</MaxAmdLetterDate>
<ARRAAmount/>
<AwardID>1900931</AwardID>
<Investigator>
<FirstName>David</FirstName>
<LastName>Doty</LastName>
<EmailAddress>doty@ucdavis.edu</EmailAddress>
<StartDate>07/08/2019</StartDate>
<EndDate/>
<RoleCode>Principal Investigator</RoleCode>
</Investigator>
<Institution>
<Name>University of California-Davis</Name>
<CityName>Davis</CityName>
<ZipCode>956186134</ZipCode>
<PhoneNumber>5307547700</PhoneNumber>
<StreetAddress>OR/Sponsored Programs</StreetAddress>
<CountryName>United States</CountryName>
<StateName>California</StateName>
<StateCode>CA</StateCode>
</Institution>
<ProgramElement>
<Code>089Y</Code>
<Text>FET-Fndtns of Emerging Tech</Text>
</ProgramElement>
<ProgramReference>
<Code>7924</Code>
<Text>MEDIUM PROJECT</Text>
</ProgramReference>
<ProgramReference>
<Code>7931</Code>
<Text>COMPUTATIONAL BIOLOGY</Text>
</ProgramReference>
</Award>
</rootTag>
