<?xml version="1.0" encoding="UTF-8"?>
<rootTag>
<Award>
<AwardTitle>Research Initiation Award: Metagenomic Approach to Assess Water Quality and Microbial Load Variability of an Urban Watershed</AwardTitle>
<AwardEffectiveDate>05/01/2019</AwardEffectiveDate>
<AwardExpirationDate>04/30/2022</AwardExpirationDate>
<AwardTotalIntnAmount>300000.00</AwardTotalIntnAmount>
<AwardAmount>300000</AwardAmount>
<AwardInstrument>
<Value>Standard Grant</Value>
</AwardInstrument>
<Organization>
<Code>11060000</Code>
<Directorate>
<Abbreviation>EHR</Abbreviation>
<LongName>Direct For Education and Human Resources</LongName>
</Directorate>
<Division>
<Abbreviation>HRD</Abbreviation>
<LongName>Division Of Human Resource Development</LongName>
</Division>
</Organization>
<ProgramOfficer>
<SignBlockName>Claudia Rankins</SignBlockName>
</ProgramOfficer>
<AbstractNarration>Research Initiation Awards provide support for junior and mid-career faculty at Historically Black Colleges and Universities who are building new research programs or redirecting and rebuilding existing programs. It is expected that the award helps to further the faculty member's research capability and effectiveness, improves research and teaching at the home institution, and involves undergraduate students in research experiences. The study will enhance the understanding of the composition, diversity, and richness of bacterial communities by evaluating the microbial community, characterize variability in time and space and compare microbial community between an urban watershed and an unimpacted watershed.&lt;br/&gt;&lt;br/&gt;The development of microbiome studies based on DNA sequencing has led to more thorough investigations of the effect of environmental conditions on microbial community composition. Despite recent advances in sequencing technologies, identifying the ecological mechanisms that underlie microbial community structure and functional diversity remains a major challenge. This challenge is particularly important for highly dynamic ecosystems such as flowing-waters of urban systems. This project will provide new information on how microbial communities persist and change within an urban watershed using metagenomic techniques. It is expected that temporally, the microbial community in the fall and winter months will be distinct from the microbial community in the spring and summer months, while spatially, the microbial community immediately downstream from anthropogenic inputs will be distinct from natural systems. The findings from this study will improve our understanding of the way urbanization shapes stream microbial communities and provide insight of how microbial communities persist and change within an urban watershed.&lt;br/&gt;&lt;br/&gt;This award reflects NSF's statutory mission and has been deemed worthy of support through evaluation using the Foundation's intellectual merit and broader impacts review criteria.</AbstractNarration>
<MinAmdLetterDate>04/02/2019</MinAmdLetterDate>
<MaxAmdLetterDate>04/02/2019</MaxAmdLetterDate>
<ARRAAmount/>
<AwardID>1900701</AwardID>
<Investigator>
<FirstName>Ethell</FirstName>
<LastName>Vereen</LastName>
<EmailAddress>Ethell.Vereen@morehouse.edu</EmailAddress>
<StartDate>04/02/2019</StartDate>
<EndDate/>
<RoleCode>Principal Investigator</RoleCode>
</Investigator>
<Institution>
<Name>Morehouse College</Name>
<CityName>Atlanta</CityName>
<ZipCode>303143773</ZipCode>
<PhoneNumber>4706390221</PhoneNumber>
<StreetAddress>830 Westview Drive S W</StreetAddress>
<CountryName>United States</CountryName>
<StateName>Georgia</StateName>
<StateCode>GA</StateCode>
</Institution>
<ProgramElement>
<Code>1594</Code>
<Text>HIST BLACK COLLEGES AND UNIV</Text>
</ProgramElement>
<ProgramReference>
<Code>9178</Code>
<Text>UNDERGRADUATE EDUCATION</Text>
</ProgramReference>
</Award>
</rootTag>
