<?xml version="1.0" encoding="UTF-8"?>
<rootTag>
<Award>
<AwardTitle>RI: Medium: Collaborative Research:Algorithmic High-Dimensional Statistics: Optimality, Computtional Barriers, and High-Dimensional Corrections</AwardTitle>
<AwardEffectiveDate>08/01/2019</AwardEffectiveDate>
<AwardExpirationDate>07/31/2023</AwardExpirationDate>
<AwardTotalIntnAmount>385000.00</AwardTotalIntnAmount>
<AwardAmount>385000</AwardAmount>
<AwardInstrument>
<Value>Standard Grant</Value>
</AwardInstrument>
<Organization>
<Code>05020000</Code>
<Directorate>
<Abbreviation>CSE</Abbreviation>
<LongName>Direct For Computer &amp; Info Scie &amp; Enginr</LongName>
</Directorate>
<Division>
<Abbreviation>IIS</Abbreviation>
<LongName>Div Of Information &amp; Intelligent Systems</LongName>
</Division>
</Organization>
<ProgramOfficer>
<SignBlockName>James Donlon</SignBlockName>
</ProgramOfficer>
<AbstractNarration>This research aims to address the pressing challenges on learning and inference from large-dimensional data. Contemporary sensing and data acquisition technologies produce data at an unprecedented rate. A ubiquitous challenge in modern data applications is thus to efficiently and reliably extract relevant information and associated insights from a deluge of data. In the meantime, this challenge is exacerbated by the unprecedented growth of relevant features one needs to reason about, which oftentimes even outpaces the growth of data samples. Classical statistical inference paradigms, which either only work in the presence of an enormous number of data samples, or ignore the computational cost of the estimators at all, become highly insufficient, or even unreliable, for many emerging applications of machine learning and big-data analytics. &lt;br/&gt;&lt;br/&gt;To address the above pressing issues in high dimensions, novel theoretical tools need to be brought in the picture in order to provide a comprehensive understanding of the performance limits of various algorithms and tasks. The goal of this project is four-fold: First, to develop a modern theory to characterize precise performance of classical statistical algorithms in high dimensions. Second, to suggest proper corrections of classical statistical inference procedures to accommodate the sample-starved regime. Third, to develop computationally efficient algorithms that can provably attain the fundamental statistical limits, if possible. Finally, forth, to identify potential computational barriers if the fundamental statistical limits cannot be met. The transformative potential of the proposed research program is in the development of foundational statistical data analytics theory through a novel combination of statistics, approximation theory, statistical physics, mathematical optimization, and information theory, offering scalable statistical inference and learning algorithms.  The theory and algorithms developed within this project will have direct impact on various engineering and science applications such as large-scale machine learning, DNA sequencing, genetic disease analysis, and natural language processing. This collaborative program provides cross-university opportunities for students training, and we are committed to engaging and helping underrepresented and women students in STEM through long-term mentorships and outreach activities.This research aims to address the pressing challenges on learning and inference from large-dimensional data. Contemporary sensing and data acquisition technologies produce data at an unprecedented rate. A ubiquitous challenge in modern data applications is thus to efficiently and reliably extract relevant information and associated insights from a deluge of data. In the meantime, this challenge is exacerbated by the unprecedented growth of relevant features one needs to reason about, which oftentimes even outpaces the growth of data samples. Classical statistical inference paradigms, which either only work in the presence of an enormous number of data samples, or ignore the computational cost of the estimators at all, become highly insufficient, or even unreliable, for many emerging applications of machine learning and big-data analytics. &lt;br/&gt;&lt;br/&gt;To address the above pressing issues in high dimensions, novel theoretical tools need to be brought in the picture in order to provide a comprehensive understanding of the performance limits of various algorithms and tasks. The goal of this project is four-fold: First, to develop a modern theory to characterize precise performance of classical statistical algorithms in high dimensions. Second, to suggest proper corrections of classical statistical inference procedures to accommodate the sample-starved regime. Third, to develop computationally efficient algorithms that can provably attain the fundamental statistical limits, if possible. Finally, forth, to identify potential computational barriers if the fundamental statistical limits cannot be met. The transformative potential of the proposed research program is in the development of foundational statistical data analytics theory through a novel combination of statistics, approximation theory, statistical physics, mathematical optimization, and information theory, offering scalable statistical inference and learning algorithms.  The theory and algorithms developed within this project will have direct impact on various engineering and science applications such as large-scale machine learning, DNA sequencing, genetic disease analysis, and natural language processing. This collaborative program provides cross-university opportunities for students training, and we are committed to engaging and helping underrepresented and women students in STEM through long-term mentorships and outreach activities.&lt;br/&gt;&lt;br/&gt;This award reflects NSF's statutory mission and has been deemed worthy of support through evaluation using the Foundation's intellectual merit and broader impacts review criteria.</AbstractNarration>
<MinAmdLetterDate>07/29/2019</MinAmdLetterDate>
<MaxAmdLetterDate>07/29/2019</MaxAmdLetterDate>
<ARRAAmount/>
<AwardID>1900140</AwardID>
<Investigator>
<FirstName>Yuxin</FirstName>
<LastName>Chen</LastName>
<EmailAddress>yuxin.chen@princeton.edu</EmailAddress>
<StartDate>07/29/2019</StartDate>
<EndDate/>
<RoleCode>Principal Investigator</RoleCode>
</Investigator>
<Institution>
<Name>Princeton University</Name>
<CityName>Princeton</CityName>
<ZipCode>085442020</ZipCode>
<PhoneNumber>6092583090</PhoneNumber>
<StreetAddress>Off. of Research &amp; Proj. Admin.</StreetAddress>
<CountryName>United States</CountryName>
<StateName>New Jersey</StateName>
<StateCode>NJ</StateCode>
</Institution>
<ProgramElement>
<Code>7495</Code>
<Text>Robust Intelligence</Text>
</ProgramElement>
<ProgramReference>
<Code>7495</Code>
<Text>ROBUST INTELLIGENCE</Text>
</ProgramReference>
<ProgramReference>
<Code>7924</Code>
<Text>MEDIUM PROJECT</Text>
</ProgramReference>
</Award>
</rootTag>
