<?xml version="1.0" encoding="UTF-8"?>
<rootTag>
<Award>
<AwardTitle>Excited and Ground State Hydrogen Migration</AwardTitle>
<AwardEffectiveDate>06/01/2019</AwardEffectiveDate>
<AwardExpirationDate>05/31/2022</AwardExpirationDate>
<AwardTotalIntnAmount>393775.00</AwardTotalIntnAmount>
<AwardAmount>393775</AwardAmount>
<AwardInstrument>
<Value>Standard Grant</Value>
</AwardInstrument>
<Organization>
<Code>03090000</Code>
<Directorate>
<Abbreviation>MPS</Abbreviation>
<LongName>Direct For Mathematical &amp; Physical Scien</LongName>
</Directorate>
<Division>
<Abbreviation>CHE</Abbreviation>
<LongName>Division Of Chemistry</LongName>
</Division>
</Organization>
<ProgramOfficer>
<SignBlockName>Richard Johnson</SignBlockName>
</ProgramOfficer>
<AbstractNarration>In this project, funded by the Chemical Structure, Dynamic and Mechanism B Program of the Chemistry Division and directed by Professor Matthew Platz, NSF funds are used to support undergraduate research at the University of Hawaii-Hilo (UHH).  The research incorporates synthetic organic chemistry, photochemistry, chemical analysis of reaction mixtures and chemical computations. This research tests the predictions of advanced theoretical methods in the description of a new photochemical reaction mechanism. The University of Hawaii Hilo (UH Hilo) consistently ranks among the most diverse four-year campuses in the nation.  This project provides a modern research experience to economically-challenged undergraduate students from historically underrepresented populations.  Through a collaborative relationship, UH Hilo undergraduates spend summer months at the Ohio State University developing skills in computational chemistry under the tutelage of Professor Christopher Hadad, an expert in the field of time-resolved, femtosecond measurements.&lt;br/&gt;&lt;br/&gt;In Hilo, Hawaii, undergraduate students synthesize diazirines, diazo compounds and oxadiazolines, expose these compounds to monochromatic ultraviolet-visible radiation to generate carbene intermediates, and analyze the ratio of alkene products so produced as a function of excitation wavelength. The predictions of theory are confirmed if the ratio of alkene stereoisomers changes dramatically after a critical energy of exciting photons is realized. Through a collaborative relationship, UH Hilo undergraduates spend summer months at the Ohio State University developing skills in computational chemistry under the tutelage of Professor Christopher Hadad, an expert in the field. The students also participate in femtosecond time-resolved infrared experiments which measure the lifetimes and reactivities of carbenes.&lt;br/&gt;&lt;br/&gt;This award reflects NSF's statutory mission and has been deemed worthy of support through evaluation using the Foundation's intellectual merit and broader impacts review criteria.</AbstractNarration>
<MinAmdLetterDate>05/22/2019</MinAmdLetterDate>
<MaxAmdLetterDate>05/22/2019</MaxAmdLetterDate>
<ARRAAmount/>
<AwardID>1900643</AwardID>
<Investigator>
<FirstName>Matthew</FirstName>
<LastName>Platz</LastName>
<EmailAddress>mplatz@hawaii.edu</EmailAddress>
<StartDate>05/22/2019</StartDate>
<EndDate/>
<RoleCode>Principal Investigator</RoleCode>
</Investigator>
<Institution>
<Name>University of Hawaii</Name>
<CityName>HONOLULU</CityName>
<ZipCode>968222234</ZipCode>
<PhoneNumber>8089567800</PhoneNumber>
<StreetAddress>2440 Campus Road, Box 368</StreetAddress>
<CountryName>United States</CountryName>
<StateName>Hawaii</StateName>
<StateCode>HI</StateCode>
</Institution>
<ProgramElement>
<Code>9102</Code>
<Text>Chem Struct,Dynmcs&amp;Mechansms B</Text>
</ProgramElement>
<ProgramReference>
<Code>8990</Code>
<Text>Optics and Photonics</Text>
</ProgramReference>
<ProgramReference>
<Code>9150</Code>
<Text>EXP PROG TO STIM COMP RES</Text>
</ProgramReference>
<ProgramReference>
<Code>9251</Code>
<Text>REU SUPP-Res Exp for Ugrd Supp</Text>
</ProgramReference>
<ProgramReference>
<Code>9263</Code>
<Text>COMPUTATIONAL SCIENCE &amp; ENGING</Text>
</ProgramReference>
</Award>
</rootTag>
