<?xml version="1.0" encoding="UTF-8"?>
<rootTag>
<Award>
<AwardTitle>Collaborative Research: Investigating Photoinduced Charge Transfer Dynamics Across Molecule-Nanocrystal Interfaces</AwardTitle>
<AwardEffectiveDate>08/15/2019</AwardEffectiveDate>
<AwardExpirationDate>07/31/2022</AwardExpirationDate>
<AwardTotalIntnAmount>384000.00</AwardTotalIntnAmount>
<AwardAmount>384000</AwardAmount>
<AwardInstrument>
<Value>Standard Grant</Value>
</AwardInstrument>
<Organization>
<Code>03090000</Code>
<Directorate>
<Abbreviation>MPS</Abbreviation>
<LongName>Direct For Mathematical &amp; Physical Scien</LongName>
</Directorate>
<Division>
<Abbreviation>CHE</Abbreviation>
<LongName>Division Of Chemistry</LongName>
</Division>
</Organization>
<ProgramOfficer>
<SignBlockName>Colby Foss</SignBlockName>
</ProgramOfficer>
<AbstractNarration>Plants use sunlight to convert carbon dioxide into energy rich sugar molecules, in a process known as photosynthesis. The development of artificial photosynthetic systems that could use sunlight to make fuels such as alcohol from carbon dioxide and hydrogen from water would have enormous societal benefit. However, the chemical reactions are complicated and involve multiple electron transfer steps and connecting these steps with the absorption of light remains a challenge. With support from the Chemical Structure, Dynamics and Mechanisms A and Macromolecular, Supramolecular and Nanochemistry programs in the Division of Chemistry, Professors David McCamant, Pengfei Huo, and Kathryn Knowles at University of Rochester are teaming up with Professors Luis Velarde and David Watson at the University at Buffalo, State University of New York and Kacie Liwosz at D'Youville College to study light-induced electron transfer reactions between dye molecules and semiconductor nanoparticles. Working with their students, they grow nanoparticles composed of common minerals such as titanium dioxide and iron oxide and coat them with organic dyes. They then combine sophisticated laser spectroscopies with computer modeling to characterize the electron transfer process that occur when the dye molecules absorb light.  In addition to training the next generation of scientists, the team is also running educational workshops in Upward Bound summer schools for high-school students with disadvantaged backgrounds.  The summer workshops inspire students' curiosity and enthusiasm about renewable energy and chemistry, as well as encourage them to pursue higher education in STEM fields. &lt;br/&gt;&lt;br/&gt;Photoinduced interfacial charge transfer is a fundamental process underlying the conversion of solar energy to chemical energy and is particularly important in photocatalytic fuel-forming reactions. Detailed knowledge of the conformation and electronic structure of the ground, photoexcited, and charge separated states of molecular species bound to semiconductor surfaces is critical to a mechanistic understanding of the dynamics of such charge transfer reactions. The project combines interdisciplinary expertise in time-resolved electronic and vibrational spectroscopy, sum-frequency generation spectroscopy, quantum dynamics simulation, and the fabrication and characterization of nanostructured semiconductors. These tools are being applied to three important areas relating to interfacial charge transfer: (i) the role of molecular structure in mediating relaxation and energy transfer pathways that precede interfacial charge transfer, (ii) structure-function relationships between the morphology of wide band-gap p-type semiconductors and hole injection from surface-bound molecular sensitizers, and (iii) structure-function relationships between the morphology of narrow band gap semiconductors and charge transfer to surface-bound molecular hole and electron acceptors, such as catalysts for fuel production. Fundamental mechanistic insights generated by this work could enable the rational design of semiconductor/molecule partner systems with improved performance in photocatalytic generation of fuels from sunlight.&lt;br/&gt;&lt;br/&gt;This award reflects NSF's statutory mission and has been deemed worthy of support through evaluation using the Foundation's intellectual merit and broader impacts review criteria.</AbstractNarration>
<MinAmdLetterDate>07/09/2019</MinAmdLetterDate>
<MaxAmdLetterDate>07/09/2019</MaxAmdLetterDate>
<ARRAAmount/>
<AwardID>1900272</AwardID>
<Investigator>
<FirstName>David</FirstName>
<LastName>Watson</LastName>
<EmailAddress>dwatson3@buffalo.edu</EmailAddress>
<StartDate>07/09/2019</StartDate>
<EndDate/>
<RoleCode>Co-Principal Investigator</RoleCode>
</Investigator>
<Investigator>
<FirstName>Luis</FirstName>
<LastName>Velarde</LastName>
<EmailAddress>lvelarde@buffalo.edu</EmailAddress>
<StartDate>07/09/2019</StartDate>
<EndDate/>
<RoleCode>Principal Investigator</RoleCode>
</Investigator>
<Institution>
<Name>SUNY at Buffalo</Name>
<CityName>Buffalo</CityName>
<ZipCode>142282567</ZipCode>
<PhoneNumber>7166452634</PhoneNumber>
<StreetAddress>520 Lee Entrance</StreetAddress>
<CountryName>United States</CountryName>
<StateName>New York</StateName>
<StateCode>NY</StateCode>
</Institution>
<ProgramElement>
<Code>6885</Code>
<Text>Macromolec/Supramolec/Nano</Text>
</ProgramElement>
<ProgramElement>
<Code>9101</Code>
<Text>Chem Struct,Dynmcs&amp;Mechansms A</Text>
</ProgramElement>
<ProgramReference>
<Code>7237</Code>
<Text>NANO NON-SOLIC SCI &amp; ENG AWD</Text>
</ProgramReference>
<ProgramReference>
<Code>8396</Code>
<Text>Clean Energy Technology</Text>
</ProgramReference>
<ProgramReference>
<Code>8607</Code>
<Text>Solar Energy Capture&amp;Conver</Text>
</ProgramReference>
<ProgramReference>
<Code>9263</Code>
<Text>COMPUTATIONAL SCIENCE &amp; ENGING</Text>
</ProgramReference>
</Award>
</rootTag>
