<?xml version="1.0" encoding="UTF-8"?>
<rootTag>
<Award>
<AwardTitle>2020 Vision for Dynamics International Conference</AwardTitle>
<AwardEffectiveDate>08/01/2019</AwardEffectiveDate>
<AwardExpirationDate>01/31/2020</AwardExpirationDate>
<AwardTotalIntnAmount>24992.00</AwardTotalIntnAmount>
<AwardAmount>24992</AwardAmount>
<AwardInstrument>
<Value>Standard Grant</Value>
</AwardInstrument>
<Organization>
<Code>03040000</Code>
<Directorate>
<Abbreviation>MPS</Abbreviation>
<LongName>Direct For Mathematical &amp; Physical Scien</LongName>
</Directorate>
<Division>
<Abbreviation>DMS</Abbreviation>
<LongName>Division Of Mathematical Sciences</LongName>
</Division>
</Organization>
<ProgramOfficer>
<SignBlockName>Marian Bocea</SignBlockName>
</ProgramOfficer>
<AbstractNarration>2020 Vision for Dynamics will be held in the Mathematical Research and Conference Center Bedlewo of the Institute of Mathematics at the Academy of Sciences of Poland from August 11 to 16, 2019. The conference will focus on topics related to elliptic, parabolic and hyperbolic dynamical systems and smooth ergodic theory that have seen much progress, but where significant problems vital to the field remain open. Based on forward-looking presentations of recent developments, the conference will set a broad and concrete agenda for further research on several fronts and bring together senior, mid-career and young practitioners for discussions of open problems in these research areas.  More information can be found at: https://www.impan.pl/en/activities/banach-center/conferences/19-vision2020&lt;br/&gt;&lt;br/&gt;This award reflects NSF's statutory mission and has been deemed worthy of support through evaluation using the Foundation's intellectual merit and broader impacts review criteria.</AbstractNarration>
<MinAmdLetterDate>02/15/2019</MinAmdLetterDate>
<MaxAmdLetterDate>02/15/2019</MaxAmdLetterDate>
<ARRAAmount/>
<AwardID>1900171</AwardID>
<Investigator>
<FirstName>Boris</FirstName>
<LastName>Hasselblatt</LastName>
<EmailAddress>BHasselb@Tufts.edu</EmailAddress>
<StartDate>02/15/2019</StartDate>
<EndDate/>
<RoleCode>Principal Investigator</RoleCode>
</Investigator>
<Investigator>
<FirstName>Yakov</FirstName>
<LastName>Pesin</LastName>
<EmailAddress>pesin@math.psu.edu</EmailAddress>
<StartDate>02/15/2019</StartDate>
<EndDate/>
<RoleCode>Co-Principal Investigator</RoleCode>
</Investigator>
<Investigator>
<FirstName>Giovanni</FirstName>
<LastName>Forni</LastName>
<EmailAddress>gforni@math.umd.edu</EmailAddress>
<StartDate>02/15/2019</StartDate>
<EndDate/>
<RoleCode>Co-Principal Investigator</RoleCode>
</Investigator>
<Institution>
<Name>Tufts University</Name>
<CityName>Boston</CityName>
<ZipCode>021111817</ZipCode>
<PhoneNumber>6176273696</PhoneNumber>
<StreetAddress>136 Harrison Ave</StreetAddress>
<CountryName>United States</CountryName>
<StateName>Massachusetts</StateName>
<StateCode>MA</StateCode>
</Institution>
<ProgramElement>
<Code>1281</Code>
<Text>ANALYSIS PROGRAM</Text>
</ProgramElement>
<ProgramReference>
<Code>7556</Code>
<Text>CONFERENCE AND WORKSHOPS</Text>
</ProgramReference>
</Award>
</rootTag>
