<?xml version="1.0" encoding="UTF-8"?>
<rootTag>
<Award>
<AwardTitle>CNS Core: Medium: Collaborative Research: Scalable Dissemination and Navigation of Video 360 Content for Personalized Viewing</AwardTitle>
<AwardEffectiveDate>10/01/2019</AwardEffectiveDate>
<AwardExpirationDate>09/30/2023</AwardExpirationDate>
<AwardTotalIntnAmount>400000.00</AwardTotalIntnAmount>
<AwardAmount>100000</AwardAmount>
<AwardInstrument>
<Value>Continuing grant</Value>
</AwardInstrument>
<Organization>
<Code>05050000</Code>
<Directorate>
<Abbreviation>CSE</Abbreviation>
<LongName>Direct For Computer &amp; Info Scie &amp; Enginr</LongName>
</Directorate>
<Division>
<Abbreviation>CNS</Abbreviation>
<LongName>Division Of Computer and Network Systems</LongName>
</Division>
</Organization>
<ProgramOfficer>
<SignBlockName>Ann Von Lehmen</SignBlockName>
</ProgramOfficer>
<AbstractNarration>360 video is a form of virtual reality (VR) that allows the viewer to experience media content in an immersive fashion. In contrast to traditional video, 360 video is recorded with a special camera that captures the complete surroundings from almost all directions. Viewers consuming such a video can select the direction they are looking at by using a pointing device on a regular display or through head movement using a head-mounted device. This new format allows a viewer to change their viewing direction when watching the video, e.g., a viewer can watch a sporting event from multiple perspectives on the field.   However, creating, storing, and disseminating 360 videos at a large scale over the Internet poses significant challenges.  These challenges are the focus of this project, which will develop a new system and framework, called mi360World, to enable smooth delivery of and interaction with 360 video by any user on the Internet.  This project, if successful, will significantly improve 360 video delivery, and will enable new and much richer educational, training and entertainment experiences.  It will also help train a new class of multimedia systems researchers and practitioners. &lt;br/&gt;&lt;br/&gt;The mechanisms for delivering a high-quality, personalized 360 video over the Internet to a globally distributed set of users is an unsolved scientific problem that entails the following challenges: 1) Ultra-high Bandwidth; 2) Ultra-low Delay; 3) View Adaptation (to user head movement); 4) Complex video metadata and delivery; 5) Video Quality of Experience (QoE). Traditional video QoE has seen extensive research over the years; however, what contributes to 360 video QoE is much less understood and will require conceiving of and measuring new metrics.   The proposed mi360World system incorporates three major research thrusts to address the above challenges: A video creation thrust that enables personalized viewing by generating navigation graphs and cinematographic rules, while maintaining a high QoE and reducing cybersickness. The construction of navigation graphs and inclusion of cinematographic rules represent the main innovations of this project, and are encapsulated in a three-layered metadata representation of the 360 video: a transport layer, a semantic layer, and an interactive story-telling layer. The second thrust focuses on scalable distribution of 360 videos to a global set of diverse viewers, utilizing navigation graphs and cinematographic rules for highly efficient transition-predictive prefetching and caching. The third thrust focuses on QoE and has the goal of devising novel QoE metrics and evaluation methods to assess cybersickness. System architectures and algorithms will be extensively evaluated through simulation, emulation, and benchmarking using testbeds to assess the success of the proposed research.&lt;br/&gt;&lt;br/&gt;This award reflects NSF's statutory mission and has been deemed worthy of support through evaluation using the Foundation's intellectual merit and broader impacts review criteria.</AbstractNarration>
<MinAmdLetterDate>08/08/2019</MinAmdLetterDate>
<MaxAmdLetterDate>08/08/2019</MaxAmdLetterDate>
<ARRAAmount/>
<AwardID>1900875</AwardID>
<Investigator>
<FirstName>Klara</FirstName>
<LastName>Nahrstedt</LastName>
<EmailAddress>klara@cs.uiuc.edu</EmailAddress>
<StartDate>08/08/2019</StartDate>
<EndDate/>
<RoleCode>Principal Investigator</RoleCode>
</Investigator>
<Institution>
<Name>University of Illinois at Urbana-Champaign</Name>
<CityName>Champaign</CityName>
<ZipCode>618207406</ZipCode>
<PhoneNumber>2173332187</PhoneNumber>
<StreetAddress>1901 South First Street</StreetAddress>
<CountryName>United States</CountryName>
<StateName>Illinois</StateName>
<StateCode>IL</StateCode>
</Institution>
<ProgramElement>
<Code>7363</Code>
<Text>Networking Technology and Syst</Text>
</ProgramElement>
<ProgramReference>
<Code>7924</Code>
<Text>MEDIUM PROJECT</Text>
</ProgramReference>
<ProgramReference>
<Code>9102</Code>
<Text>WOMEN, MINORITY, DISABLED, NEC</Text>
</ProgramReference>
</Award>
</rootTag>
