<?xml version="1.0" encoding="UTF-8"?>
<rootTag>
<Award>
<AwardTitle>Excellence in Research: Co-axial Flow Mixing and Control using Ultra-High Frequency Actuators</AwardTitle>
<AwardEffectiveDate>08/01/2019</AwardEffectiveDate>
<AwardExpirationDate>07/31/2022</AwardExpirationDate>
<AwardTotalIntnAmount>500000.00</AwardTotalIntnAmount>
<AwardAmount>500000</AwardAmount>
<AwardInstrument>
<Value>Standard Grant</Value>
</AwardInstrument>
<Organization>
<Code>07020000</Code>
<Directorate>
<Abbreviation>ENG</Abbreviation>
<LongName>Directorate For Engineering</LongName>
</Directorate>
<Division>
<Abbreviation>CBET</Abbreviation>
<LongName>Div Of Chem, Bioeng, Env, &amp; Transp Sys</LongName>
</Division>
</Organization>
<ProgramOfficer>
<SignBlockName>Shahab Shojaei-Zadeh</SignBlockName>
</ProgramOfficer>
<AbstractNarration>Innovative fuel-air mixing technologies are essential to the continual advancement of faster and more reliable aircrafts for both national defense and air transportation. This project will focus on a novel fuel injection scheme to enhance and control mixing of a fluid (fuel) with a fast moving air. The proposed scheme consists of two co-axial nozzles: a central nozzle surrounded by an annular one, through which air and fluid are injected simultaneously. While the fluid is supplied through the annular nozzle in a steady stream, the central nozzle injects air in a pulsed manner to enhance mixing. The innovative concept for the proposed injection system is in its ability to pulse the central air jet at very high frequencies (20,000-30,000 pulses per second). It is anticipated that the fluid (fuel) and the high frequency pulsed air will be mixed more effectively in this manner. To investigate this, an experimental fluid mechanics research lab will be equipped with new capabilities utilizing the state-of-the-art, advanced laser-based flow diagnostics that are required for this study. The project will also use educational plans that have been developed based upon established learning theories to provide more effective research experience to underrepresented students in engineering.&lt;br/&gt;&lt;br/&gt;Major goals of this project include design, development, and characterization through fundamental studies of an active co-flow injection system for enhanced fuel-air mixing at high speeds. The proposed system consists of a supersonic actuation air jet at the inner core that provides large mean and fluctuating velocity profiles in the shear layer of a steadily-injected annular fluid, where the fluctuations occur at a designated and controllable ultra-high frequency. It is expected that the mixing of air with the co-flowing fluid can be improved and controlled using resulting stream-wise vortices that are tailored to the mean flow in this manner. The specific tasks include quantitative characterization of mixing through measurement of seed particle density distribution using planar laser-induced florescence (PLIF) and velocity and vorticity field measurement using particle image velocimetry (PIV). Using these data, the diffusive mixing characteristics of the system (e.g., the timescales of evolution, interfacial area generation and mixing efficiency) will be studied and correlated to the relevant non-dimensional parameters involved. Specific educational activities include targeted infusion of advanced topics useful in research to an undergraduate level fluid mechanics course which provides additional support, and access to students whose pre-college situations may otherwise preclude success in engineering research.&lt;br/&gt;&lt;br/&gt;This award reflects NSF's statutory mission and has been deemed worthy of support through evaluation using the Foundation's intellectual merit and broader impacts review criteria.</AbstractNarration>
<MinAmdLetterDate>07/16/2019</MinAmdLetterDate>
<MaxAmdLetterDate>07/16/2019</MaxAmdLetterDate>
<ARRAAmount/>
<AwardID>1900177</AwardID>
<Investigator>
<FirstName>John</FirstName>
<LastName>Solomon</LastName>
<EmailAddress>jsolomon@tuskegee.edu</EmailAddress>
<StartDate>07/16/2019</StartDate>
<EndDate/>
<RoleCode>Principal Investigator</RoleCode>
</Investigator>
<Investigator>
<FirstName>Chitra</FirstName>
<LastName>Raju-Nayak</LastName>
<EmailAddress>cnayak@tuskegee.edu</EmailAddress>
<StartDate>07/16/2019</StartDate>
<EndDate/>
<RoleCode>Co-Principal Investigator</RoleCode>
</Investigator>
<Investigator>
<FirstName>Mandoye</FirstName>
<LastName>Ndoye</LastName>
<EmailAddress>mndoye@tuskegee.edu</EmailAddress>
<StartDate>07/16/2019</StartDate>
<EndDate/>
<RoleCode>Co-Principal Investigator</RoleCode>
</Investigator>
<Investigator>
<FirstName>Phillip</FirstName>
<LastName>Kreth</LastName>
<EmailAddress>pkreth@utsi.edu</EmailAddress>
<StartDate>07/16/2019</StartDate>
<EndDate/>
<RoleCode>Co-Principal Investigator</RoleCode>
</Investigator>
<Institution>
<Name>Tuskegee University</Name>
<CityName>Tuskegee Institute</CityName>
<ZipCode>360881923</ZipCode>
<PhoneNumber>3347278233</PhoneNumber>
<StreetAddress>1200 W Montgomery Road</StreetAddress>
<CountryName>United States</CountryName>
<StateName>Alabama</StateName>
<StateCode>AL</StateCode>
</Institution>
<ProgramElement>
<Code>070Y</Code>
<Text>HBCU-EiR - HBCU-Excellence in</Text>
</ProgramElement>
<ProgramReference>
<Code>9150</Code>
<Text>EXP PROG TO STIM COMP RES</Text>
</ProgramReference>
</Award>
</rootTag>
