<?xml version="1.0" encoding="UTF-8"?>
<rootTag>
<Award>
<AwardTitle>Arveson-Douglas Conjecture and Its Applications</AwardTitle>
<AwardEffectiveDate>05/01/2019</AwardEffectiveDate>
<AwardExpirationDate>04/30/2022</AwardExpirationDate>
<AwardTotalIntnAmount>96458.00</AwardTotalIntnAmount>
<AwardAmount>31666</AwardAmount>
<AwardInstrument>
<Value>Continuing grant</Value>
</AwardInstrument>
<Organization>
<Code>03040000</Code>
<Directorate>
<Abbreviation>MPS</Abbreviation>
<LongName>Direct For Mathematical &amp; Physical Scien</LongName>
</Directorate>
<Division>
<Abbreviation>DMS</Abbreviation>
<LongName>Division Of Mathematical Sciences</LongName>
</Division>
</Organization>
<ProgramOfficer>
<SignBlockName>Pamela Gorkin</SignBlockName>
</ProgramOfficer>
<AbstractNarration>This project focuses on an area of research called the Arveson-Douglas Conjecture, which belongs to the general field of operator theory. It embodies many challenges and new, exciting mathematics. The conjecture was originally made around 2000, and a large body of literature has been accumulated on the subject while many unsolved problems remain. It has connections with and applications to many other parts of mathematics; for example, it is connected to index theory, which attracts the attention of many researchers from various fields.  Another connection is to the holomorphic extension problem in several complex variables, another important branch of mathematical analysis.   The extension problem itself goes back to the 1970s, and recent progress on the Arveson-Douglas Conjecture sheds new light on this old problem.  An important part of any research in mathematics is the search for new tools and methods, and the principal investigator will take concrete steps toward that goal.&lt;br/&gt; &lt;br/&gt;On the technical side, the Arveson-Douglas Conjecture makes strong connections with geometry and several complex variables. The concrete steps in this research include: the study of a recently defined property - the asymptotic stable division property - for submodules; a generalized version of the holomorphic extension problem; identifying index elements and index formulas on modules; extending known results to strongly pseudoconvex domains. The research is aimed at building machinery that allows one to treat global properties of complex analytic sets, especially algebraic sets, through local analysis. New techniques involving tools from operator theory, harmonic analysis, several complex variables and topology will be developed to treat these problems. The principal investigator will also study Toeplitz operators and Toeplitz algebra on strongly pseudoconvex domains.&lt;br/&gt;&lt;br/&gt;This award reflects NSF's statutory mission and has been deemed worthy of support through evaluation using the Foundation's intellectual merit and broader impacts review criteria.</AbstractNarration>
<MinAmdLetterDate>04/03/2019</MinAmdLetterDate>
<MaxAmdLetterDate>04/03/2019</MaxAmdLetterDate>
<ARRAAmount/>
<AwardID>1900076</AwardID>
<Investigator>
<FirstName>Yi</FirstName>
<LastName>Wang</LastName>
<EmailAddress>yiwangfdu@gmail.com</EmailAddress>
<StartDate>04/03/2019</StartDate>
<EndDate/>
<RoleCode>Principal Investigator</RoleCode>
</Investigator>
<Institution>
<Name>SUNY at Buffalo</Name>
<CityName>Buffalo</CityName>
<ZipCode>142282567</ZipCode>
<PhoneNumber>7166452634</PhoneNumber>
<StreetAddress>520 Lee Entrance</StreetAddress>
<CountryName>United States</CountryName>
<StateName>New York</StateName>
<StateCode>NY</StateCode>
</Institution>
<ProgramElement>
<Code>1281</Code>
<Text>ANALYSIS PROGRAM</Text>
</ProgramElement>
</Award>
</rootTag>
