<?xml version="1.0" encoding="UTF-8"?>
<rootTag>
<Award>
<AwardTitle>Photocatalysis with Ferroelectric Light Absorbers</AwardTitle>
<AwardEffectiveDate>07/01/2019</AwardEffectiveDate>
<AwardExpirationDate>06/30/2022</AwardExpirationDate>
<AwardTotalIntnAmount>485000.00</AwardTotalIntnAmount>
<AwardAmount>485000</AwardAmount>
<AwardInstrument>
<Value>Standard Grant</Value>
</AwardInstrument>
<Organization>
<Code>03090000</Code>
<Directorate>
<Abbreviation>MPS</Abbreviation>
<LongName>Direct For Mathematical &amp; Physical Scien</LongName>
</Directorate>
<Division>
<Abbreviation>CHE</Abbreviation>
<LongName>Division Of Chemistry</LongName>
</Division>
</Organization>
<ProgramOfficer>
<SignBlockName>Kenneth Moloy</SignBlockName>
</ProgramOfficer>
<AbstractNarration>Photocatalysis with Ferroelectric Light Absorbers&lt;br/&gt;Replacing polluting fossil fuels with clean alternatives is one of the grand challenges of the modern world. A more sustainable energy economy may be achievable with photocatalysts that can produce hydrogen fuel from water, using sunlight as the only energy input. Hydrogen is regarded as a "green" fuel because it releases its stored energy by re-forming water. A problem of known photocatalysts is that their energy conversion efficiency is low, that is, they absorb a lot of energy from sunlight but only some of this energy is converted to a usable fuel.  This project studies the use of "ferroelectric" light absorbers to increase the energy conversion efficiency. The new ferroelectric light absorbing materials are studied using microscopic, optical, electrical, and chemical methods. The research is conducted by a postdoctoral associate and by graduate students. All team members are trained in the preparation of the materials and in the application of modern instruments and techniques for their characterization. New internship positions for undergraduate students from underrepresented groups are also created. Chemistry shows at local schools and on campus motivate children to study the natural sciences, tackling important societal problems like clean energy. Experimental demonstrations are distributed as online materials to educate the public about sustainable fuel research.&lt;br/&gt;&lt;br/&gt;&lt;br/&gt;With funding from the Chemical Catalysis Program of the Chemistry Division, Dr. Osterloh of the University of California, Davis, is studying ferroelectric effects in a set of photocatalyst materials derived from the perovskites M:ATiO3. Here, A is an earth alkaline element and M is a transition metal ion. These materials are relevant to the development of third generation photovoltaic devices and photocatalysts for the production of sustainable energy. The compounds are synthesized with solid state and hydrothermal methods from abundant elements, and they are characterized with electron microscopy, X-ray diffraction, X-ray photoelectron spectroscopy, and UV/vis spectroscopy. Site-selective modification with water oxidation and reduction co-catalysts is applied to fabricate ferroelectric photocatalysts for the overall water splitting reaction. A combination of dielectric polarization experiments, surface photovoltage spectroscopy, photocatalytic, and electrochemical measurements is used to determine the extent to which ferroelectric dipoles can enhance photochemical energy to fuel conversion with these materials. Additionally, the project trains graduate, postgraduate and undergraduate students in the preparation of inorganic materials and advanced methods for characterizing their morphology, structure and photochemistry. Outreach events are conducted to engage and motivate the next generation of STEM students for research in catalysis. Online materials are disseminated to educate the public about sustainable energy production.&lt;br/&gt;&lt;br/&gt;This award reflects NSF's statutory mission and has been deemed worthy of support through evaluation using the Foundation's intellectual merit and broader impacts review criteria.</AbstractNarration>
<MinAmdLetterDate>05/03/2019</MinAmdLetterDate>
<MaxAmdLetterDate>05/03/2019</MaxAmdLetterDate>
<ARRAAmount/>
<AwardID>1900136</AwardID>
<Investigator>
<FirstName>Frank</FirstName>
<LastName>Osterloh</LastName>
<EmailAddress>fosterloh@ucdavis.edu</EmailAddress>
<StartDate>05/03/2019</StartDate>
<EndDate/>
<RoleCode>Principal Investigator</RoleCode>
</Investigator>
<Institution>
<Name>University of California-Davis</Name>
<CityName>Davis</CityName>
<ZipCode>956186134</ZipCode>
<PhoneNumber>5307547700</PhoneNumber>
<StreetAddress>OR/Sponsored Programs</StreetAddress>
<CountryName>United States</CountryName>
<StateName>California</StateName>
<StateCode>CA</StateCode>
</Institution>
<ProgramElement>
<Code>6884</Code>
<Text>Chemical Catalysis</Text>
</ProgramElement>
<ProgramReference>
<Code>8396</Code>
<Text>Clean Energy Technology</Text>
</ProgramReference>
<ProgramReference>
<Code>8397</Code>
<Text>Hydrogen Storage or Generation</Text>
</ProgramReference>
</Award>
</rootTag>
