<?xml version="1.0" encoding="UTF-8"?>
<rootTag>
<Award>
<AwardTitle>Molecules in classical and quantized fields: Improving time-dependent density functional approximations and correlated electron-ion methods</AwardTitle>
<AwardEffectiveDate>09/01/2019</AwardEffectiveDate>
<AwardExpirationDate>09/30/2019</AwardExpirationDate>
<AwardTotalIntnAmount>434389.00</AwardTotalIntnAmount>
<AwardAmount>434389</AwardAmount>
<AwardInstrument>
<Value>Standard Grant</Value>
</AwardInstrument>
<Organization>
<Code>03090000</Code>
<Directorate>
<Abbreviation>MPS</Abbreviation>
<LongName>Direct For Mathematical &amp; Physical Scien</LongName>
</Directorate>
<Division>
<Abbreviation>CHE</Abbreviation>
<LongName>Division Of Chemistry</LongName>
</Division>
</Organization>
<ProgramOfficer>
<SignBlockName>Walter Ermler</SignBlockName>
</ProgramOfficer>
<AbstractNarration>Professor Neepa Maitra of Hunter College, City University of New York (CUNY) is supported by an award from the Chemical Theory, Models and Computational Methods program in the Division of Chemistry. Dr. Maitra and her research group develop new methods for simulating the behavior of molecules exposed to light. Understanding and computationally modeling the motion of electrons and ions in molecules and solids far from their stable, equilibrium states is necessary for understanding photovoltaic processes, photocatalysis, radiation damage in biomolecules, nanoscale conductance devices, time-resolved pump-probe spectroscopies, and the production of compact light sources. Dr. Maitra's group develops theoretical methods from first-principles for computational simulations to reliably and efficiently predict these processes. Dr. Maitra organizes mini-workshops in electronic structure and dynamics open to the wider New York/New Jersey area.  She trains undergraduate and graduate students in cutting-edge research and uses innovative peer instruction teaching techniques in her undergraduate classes.&lt;br/&gt;&lt;br/&gt;Dr. Maitra and her research group are developing new methods for the correlated dynamics of electrons, ions, and photons, in three aims. In one aim, improved functional approximations for time-dependent density functional theory (TDDFT) in the non-perturbative regime is derived.  This is built on an exact expression for the exchange-correlation potential. This research moves TDDFT towards use in real-time dynamics as confidently as DFT is used for ground-state properties. In the second aim, practical mixed quantum-classical methods based on the exact factorization approach for correlated electron-ion dynamics in laser fields are being constructed that include electronic decoherence and wave packet branching from first-principles. The third area extends exact factorization to light-matter systems to gain a fundamental understanding of how field quantization can alter and control chemical reactions, as well as to develop practical mixed quantum-classical methods for the dynamics and control of molecules in cavities. The research impacts topical applications where knowledge and understanding beyond ground-state electronic structure is needed, including photovoltaic design, and quantum control of electronic and nuclear dynamics by attosecond or femtosecond laser fields, or by tuning cavity parameters in polaritonic chemistry.&lt;br/&gt;&lt;br/&gt;This award reflects NSF's statutory mission and has been deemed worthy of support through evaluation using the Foundation's intellectual merit and broader impacts review criteria.</AbstractNarration>
<MinAmdLetterDate>05/10/2019</MinAmdLetterDate>
<MaxAmdLetterDate>10/18/2019</MaxAmdLetterDate>
<ARRAAmount/>
<AwardID>1900349</AwardID>
<Investigator>
<FirstName>Neepa</FirstName>
<LastName>Maitra</LastName>
<EmailAddress>nmaitra@hunter.cuny.edu</EmailAddress>
<StartDate>05/10/2019</StartDate>
<EndDate/>
<RoleCode>Principal Investigator</RoleCode>
</Investigator>
<Institution>
<Name>CUNY Hunter College</Name>
<CityName>New York</CityName>
<ZipCode>100655024</ZipCode>
<PhoneNumber>2127724020</PhoneNumber>
<StreetAddress>695 Park Avenue</StreetAddress>
<CountryName>United States</CountryName>
<StateName>New York</StateName>
<StateCode>NY</StateCode>
</Institution>
<ProgramElement>
<Code>6881</Code>
<Text>Chem Thry, Mdls &amp; Cmptnl Mthds</Text>
</ProgramElement>
<ProgramReference>
<Code>9216</Code>
<Text>ADVANCED SOFTWARE TECH &amp; ALGOR</Text>
</ProgramReference>
<ProgramReference>
<Code>9251</Code>
<Text>REU SUPP-Res Exp for Ugrd Supp</Text>
</ProgramReference>
<ProgramReference>
<Code>9263</Code>
<Text>COMPUTATIONAL SCIENCE &amp; ENGING</Text>
</ProgramReference>
</Award>
</rootTag>
