<?xml version="1.0" encoding="UTF-8"?>
<rootTag>
<Award>
<AwardTitle>Expanding representation in Noncommutative Algebra and Representation Theory: WINART2 Workshop</AwardTitle>
<AwardEffectiveDate>02/01/2019</AwardEffectiveDate>
<AwardExpirationDate>01/31/2020</AwardExpirationDate>
<AwardTotalIntnAmount>11398.00</AwardTotalIntnAmount>
<AwardAmount>11398</AwardAmount>
<AwardInstrument>
<Value>Standard Grant</Value>
</AwardInstrument>
<Organization>
<Code>03040000</Code>
<Directorate>
<Abbreviation>MPS</Abbreviation>
<LongName>Direct For Mathematical &amp; Physical Scien</LongName>
</Directorate>
<Division>
<Abbreviation>DMS</Abbreviation>
<LongName>Division Of Mathematical Sciences</LongName>
</Division>
</Organization>
<ProgramOfficer>
<SignBlockName>Janet Striuli</SignBlockName>
</ProgramOfficer>
<AbstractNarration>This award supports the participation of underrepresented minorities in the Women in Noncommutative Algebra and Representation Theory workshop (WINART2) at the University of Leeds on May 20 - 24, 2019. Noncommutative algebra and representation theory are two closely intertwined areas of research in Algebra that have strong ties to many other fields in mathematics and quantum physics such as conformal field theory, operator algebras, string theory, topological field theory, and the various guises of noncommutative geometry. Noncommutative algebra creates an algebraic framework for generalizing the study of polynomials to other rings that fail to be commutative, and representation theory is a powerful tool for investigating the action of an algebraic object on a space as linear operators and matrices. As in many areas of mathematics, women have been underrepresented in these areas of research. The goal of this workshop to bring together some of the best experts and junior participants working on these topics, particularly researchers from underrepresented groups, to collaborate on research projects. This workshop will be the second of its kind for these fields. Like the first WINART workshop (held at BIRS in March 2016), WINART2 will have a great impact on the research careers of those in attendance, and as a result, it will positively impact the research area as a whole. Funding will be prioritized for US-based junior participants.&lt;br/&gt;&lt;br/&gt;There will be eight research groups present at the workshop led by a pair of research leaders in Noncommutative Algebra and Representation Theory. Topics include: cluster categories; tensor invariants under Hopf algebra actions; algebraic, geometric, and categorical aspects of diagram algebras; Brauer and partition algebras; geometric models and representation theory; Burnside rings and Mackey functors for profinite groups; quantum symmetries- fusion categories and Hopf algebras; and Hochschild (co)homology, quivers and Gerstenhaber bracket. Further information can be found at the workshop website: &lt;br/&gt;http://women-in-ncalg-repthy.org/conferences/winart2-workshop-may-2019/.&lt;br/&gt;&lt;br/&gt;This award reflects NSF's statutory mission and has been deemed worthy of support through evaluation using the Foundation's intellectual merit and broader impacts review criteria.</AbstractNarration>
<MinAmdLetterDate>01/31/2019</MinAmdLetterDate>
<MaxAmdLetterDate>01/31/2019</MaxAmdLetterDate>
<ARRAAmount/>
<AwardID>1900575</AwardID>
<Investigator>
<FirstName>Chelsea</FirstName>
<LastName>Walton</LastName>
<EmailAddress>notlaw@illinois.edu</EmailAddress>
<StartDate>01/31/2019</StartDate>
<EndDate/>
<RoleCode>Principal Investigator</RoleCode>
</Investigator>
<Institution>
<Name>University of Illinois at Urbana-Champaign</Name>
<CityName>Champaign</CityName>
<ZipCode>618207406</ZipCode>
<PhoneNumber>2173332187</PhoneNumber>
<StreetAddress>1901 South First Street</StreetAddress>
<CountryName>United States</CountryName>
<StateName>Illinois</StateName>
<StateCode>IL</StateCode>
</Institution>
<ProgramElement>
<Code>1264</Code>
<Text>ALGEBRA,NUMBER THEORY,AND COM</Text>
</ProgramElement>
<ProgramReference>
<Code>7556</Code>
<Text>CONFERENCE AND WORKSHOPS</Text>
</ProgramReference>
</Award>
</rootTag>
