<?xml version="1.0" encoding="UTF-8"?>
<rootTag>
<Award>
<AwardTitle>Harmonic Analysis and Dispersive Partial Differential Equations</AwardTitle>
<AwardEffectiveDate>08/01/2019</AwardEffectiveDate>
<AwardExpirationDate>07/31/2022</AwardExpirationDate>
<AwardTotalIntnAmount>180000.00</AwardTotalIntnAmount>
<AwardAmount>180000</AwardAmount>
<AwardInstrument>
<Value>Standard Grant</Value>
</AwardInstrument>
<Organization>
<Code>03040000</Code>
<Directorate>
<Abbreviation>MPS</Abbreviation>
<LongName>Direct For Mathematical &amp; Physical Scien</LongName>
</Directorate>
<Division>
<Abbreviation>DMS</Abbreviation>
<LongName>Division Of Mathematical Sciences</LongName>
</Division>
</Organization>
<ProgramOfficer>
<SignBlockName>Marian Bocea</SignBlockName>
</ProgramOfficer>
<AbstractNarration>This project focuses on two areas of Mathematics: Harmonic Analysis and Partial Differential Equations. Both of them have close connections with the physical world around us. Harmonic Analysis is an area of Mathematics that focuses in particular on quantitative properties of functions and operators, entities that are fundamental in almost every mathematical model of a real life phenomena. Harmonic Analysis has deep implications to many other areas such as signal processing, photography, computed tomography, etc. Although of a different flavor, the problems we address here have one common feature: trying to understand structure and means of measure it. Partial Differential Equations is a vast area of mathematics that covers almost all mathematical models coming from Physics, from basic Newtonian mechanics to fluid and atmospheric dynamics to particle interactions. The Differential Equations we propose to study in this project are based on such concrete physical models.&lt;br/&gt;&lt;br/&gt;Parts of this project focus on the multilinear restriction estimate and applications. This theory brings together ideas and tools from a mix of fields: Analysis, Combinatorics, Incidence Geometry, Differential Geometry, Algebraic Geometry and Algebraic Topology. In turn, the multilinear theory has applications to fundamental problems in Harmonic Analysis, PDE's, Combinatorics and Number Theory. Other parts of this project focus on analyzing the long time dynamics of dispersive Partial Differential Equations (PDE's). The equations considered in this project have a physical background: the Dirac-Klein-Gordon system models most of the elementary particles and their interactions, and the Schroedinger Maps equation is the Heisenberg model in ferro-magnetism. From a mathematical point of view, the PI is proposing open problems for which finding solutions is of broad interest in the PDE community. The long time dynamics of PDE's is a very active field of mathematics, where some major breakthroughs have been achieved over the past few years, while many fundamental problems have yet to be addressed.&lt;br/&gt;&lt;br/&gt;This award reflects NSF's statutory mission and has been deemed worthy of support through evaluation using the Foundation's intellectual merit and broader impacts review criteria.</AbstractNarration>
<MinAmdLetterDate>07/29/2019</MinAmdLetterDate>
<MaxAmdLetterDate>07/29/2019</MaxAmdLetterDate>
<ARRAAmount/>
<AwardID>1900603</AwardID>
<Investigator>
<FirstName>Ioan</FirstName>
<LastName>Bejenaru</LastName>
<EmailAddress>ibejenar@ucsd.edu</EmailAddress>
<StartDate>07/29/2019</StartDate>
<EndDate/>
<RoleCode>Principal Investigator</RoleCode>
</Investigator>
<Institution>
<Name>University of California-San Diego</Name>
<CityName>La Jolla</CityName>
<ZipCode>920930621</ZipCode>
<PhoneNumber>8585344896</PhoneNumber>
<StreetAddress>Office of Contract &amp; Grant Admin</StreetAddress>
<CountryName>United States</CountryName>
<StateName>California</StateName>
<StateCode>CA</StateCode>
</Institution>
<ProgramElement>
<Code>1281</Code>
<Text>ANALYSIS PROGRAM</Text>
</ProgramElement>
</Award>
</rootTag>
