<?xml version="1.0" encoding="UTF-8"?>
<rootTag>
<Award>
<AwardTitle>Excellence in Research: Stereoselective Synthesis of Spiro-Oxepin Core: Toward the Total Synthesis of Psammaplysin Natural Product and Analogues for Biological Study</AwardTitle>
<AwardEffectiveDate>08/01/2019</AwardEffectiveDate>
<AwardExpirationDate>07/31/2022</AwardExpirationDate>
<AwardTotalIntnAmount>498569.00</AwardTotalIntnAmount>
<AwardAmount>498569</AwardAmount>
<AwardInstrument>
<Value>Standard Grant</Value>
</AwardInstrument>
<Organization>
<Code>03090000</Code>
<Directorate>
<Abbreviation>MPS</Abbreviation>
<LongName>Direct For Mathematical &amp; Physical Scien</LongName>
</Directorate>
<Division>
<Abbreviation>CHE</Abbreviation>
<LongName>Division Of Chemistry</LongName>
</Division>
</Organization>
<ProgramOfficer>
<SignBlockName>Jin Cha</SignBlockName>
</ProgramOfficer>
<AbstractNarration>This project is jointly funded by the Chemical Synthesis Program and the Established Program to Stimulate Competitive Research (EPSCoR). It supports the research of Professor Ashton Hamme who is developing a synthetic route to a class of naturally occurring molecules called the "psammaplysins" and their analogues. Collectively, their biological activity will be studied by the co-Principal Investigator in this project, Professor Clement Yedjou. The total synthesis of natural products is an indispensable and dynamic tool in chemical biology research and is often challenging and exciting. Dr. Hamme is focusing on developing methods for the synthesis of a "functional group" found in the psammaplysins whose synthesis and biological evaluation are scarcely studied. In this project, Dr. Hamme is using a stepwise bond-breaking and bond-making approach to synthesize the core of the natural product using organic molecules that can act as catalysts. These catalysts are selectively constructing the challenging architecture found in these target molecules. Further transformation of this unit leads to the total synthesis of psammaplysin and its analogues. Jackson State University (JSU), the seventh largest among Historically Black Colleges and Universities (HBCU) and the only urban University in Mississippi, has a unique opportunity to attract and retain minority students in the educational pipeline. Underrepresented minority students are encouraged to engage in STEM careers through a research-based educational program at JSU. The outcome of the project is associated with world-class scientific publications, professional presentations, and participation in regional/national meetings, where students extend their career training and opportunities via networking and globalization.&lt;br/&gt;&lt;br/&gt;In this proposal, Professor Hamme is developing an enantioselective route to the highly substituted and unusual spiro-oxepin core found in the psammaplysins. The route being developed involves a stereoselective, tandem ketalization/Michael addition reaction sequence catalyzed by various quinine and chiral urea, thiourea, and squaramide organocatalysts. These catalysts are designed to activate the ketone thereby initiating the reaction sequence. This work is solving a synthetic challenge, and the biological component of the study probes the relationship between the structure and biological activity of these molecules. The undergraduate, graduate, and STEM students involved in this project are being trained and confronted with challenges at the interface of chemistry and biology, broadening their exposure to diverse fields and to opportunities in academia, government laboratories, pharmaceutical industries, and defense research laboratories.&lt;br/&gt;&lt;br/&gt;This award reflects NSF's statutory mission and has been deemed worthy of support through evaluation using the Foundation's intellectual merit and broader impacts review criteria.</AbstractNarration>
<MinAmdLetterDate>07/31/2019</MinAmdLetterDate>
<MaxAmdLetterDate>09/11/2019</MaxAmdLetterDate>
<ARRAAmount/>
<AwardID>1900127</AwardID>
<Investigator>
<FirstName>Naomi</FirstName>
<LastName>Campbell</LastName>
<EmailAddress>naomi.f.campbell@jsums.edu</EmailAddress>
<StartDate>09/11/2019</StartDate>
<EndDate/>
<RoleCode>Principal Investigator</RoleCode>
</Investigator>
<Investigator>
<FirstName>Ashton</FirstName>
<LastName>Hamme</LastName>
<EmailAddress>ashton.t.hamme@jsums.edu</EmailAddress>
<StartDate>07/31/2019</StartDate>
<EndDate>09/11/2019</EndDate>
<RoleCode>Former Principal Investigator</RoleCode>
</Investigator>
<Investigator>
<FirstName>Clement</FirstName>
<LastName>Yedjou</LastName>
<EmailAddress>clement.yedjou@jsums.edu</EmailAddress>
<StartDate>07/31/2019</StartDate>
<EndDate/>
<RoleCode>Co-Principal Investigator</RoleCode>
</Investigator>
<Institution>
<Name>Jackson State University</Name>
<CityName>Jackson</CityName>
<ZipCode>392170002</ZipCode>
<PhoneNumber>6019792008</PhoneNumber>
<StreetAddress>1400 J R LYNCH ST.</StreetAddress>
<CountryName>United States</CountryName>
<StateName>Mississippi</StateName>
<StateCode>MS</StateCode>
</Institution>
<ProgramElement>
<Code>070Y</Code>
<Text>HBCU-EiR - HBCU-Excellence in</Text>
</ProgramElement>
<ProgramElement>
<Code>9150</Code>
<Text>EPSCoR Co-Funding</Text>
</ProgramElement>
<ProgramReference>
<Code>8650</Code>
<Text>Sustainable Chemistry</Text>
</ProgramReference>
<ProgramReference>
<Code>9150</Code>
<Text>EXP PROG TO STIM COMP RES</Text>
</ProgramReference>
<ProgramReference>
<Code>9251</Code>
<Text>REU SUPP-Res Exp for Ugrd Supp</Text>
</ProgramReference>
</Award>
</rootTag>
