<?xml version="1.0" encoding="UTF-8"?>
<rootTag>
<Award>
<AwardTitle>CHS: Large: Collaborative Research: Gender-Inclusive Open Source through Gender-Inclusive Tools</AwardTitle>
<AwardEffectiveDate>08/01/2019</AwardEffectiveDate>
<AwardExpirationDate>07/31/2023</AwardExpirationDate>
<AwardTotalIntnAmount>528864.00</AwardTotalIntnAmount>
<AwardAmount>195129</AwardAmount>
<AwardInstrument>
<Value>Continuing grant</Value>
</AwardInstrument>
<Organization>
<Code>05020000</Code>
<Directorate>
<Abbreviation>CSE</Abbreviation>
<LongName>Direct For Computer &amp; Info Scie &amp; Enginr</LongName>
</Directorate>
<Division>
<Abbreviation>IIS</Abbreviation>
<LongName>Div Of Information &amp; Intelligent Systems</LongName>
</Division>
</Organization>
<ProgramOfficer>
<SignBlockName>William Bainbridge</SignBlockName>
</ProgramOfficer>
<AbstractNarration>This research will investigate whether and how open source software (OSS) tools and technologies have gender biases tied with diverse problem-solving styles, and how to remove any such biases that are found. OSS is having a significant impact on society, in the products it produces and the career paths that it facilitates. However, women are vastly underrepresented among OSS developers. This is a significant concern to OSS communities because it prevents them from receiving the benefits of a larger talent pool and the benefits that ensue from team diversity. Further, the problem feeds upon itself: women developers then miss out on the learning and professional growth opportunities that OSS projects provide, and professional opportunities evade women developers when open source contributions are used to make hiring decisions, both of which hold them back from OSS engagement.&lt;br/&gt;&lt;br/&gt;This work will harness foundational gender research to provide theory-based yet practical solutions, towards addressing the underrepresentation of women in OSS communities.  In Phase 1, the research will experimentally identify gender biases through the GenderMag research technique, and cross-validate results empirically. This is an inspection method for software professionals to use to find gender-bias "bugs" in their own software, by assessing to what extent their software supports diverse cognitive styles in terms of five facets: (1) motivations, (2) computer self-efficacy, (3) risk aversion with technology, (4) information processing styles, and (5) styles of learning new technology.  Starting with each facet implicated in the bugs identified in Phase 1, the Phase 2 research will derive redesigns for each facet identified by working closely with the teams. The redesigns and the process of creating inclusive tools will be empirically evaluated to create a compendium of "best practices" for fixing gender-bias bugs, in both products (what suitable fixes are to such bugs) and processes (how OSS teams can work together to fix gender-bias bugs). Continuous evaluation will be a critical component throughout, to determine which practices and processes work and which do not.&lt;br/&gt;&lt;br/&gt;This award reflects NSF's statutory mission and has been deemed worthy of support through evaluation using the Foundation's intellectual merit and broader impacts review criteria.</AbstractNarration>
<MinAmdLetterDate>07/26/2019</MinAmdLetterDate>
<MaxAmdLetterDate>07/26/2019</MaxAmdLetterDate>
<ARRAAmount/>
<AwardID>1900903</AwardID>
<Investigator>
<FirstName>Marco</FirstName>
<LastName>Gerosa</LastName>
<EmailAddress>marco.gerosa@nau.edu</EmailAddress>
<StartDate>07/26/2019</StartDate>
<EndDate/>
<RoleCode>Co-Principal Investigator</RoleCode>
</Investigator>
<Investigator>
<FirstName>Igor</FirstName>
<LastName>Steinmacher</LastName>
<EmailAddress>igor.steinmacher@nau.edu</EmailAddress>
<StartDate>07/26/2019</StartDate>
<EndDate/>
<RoleCode>Principal Investigator</RoleCode>
</Investigator>
<Institution>
<Name>Northern Arizona University</Name>
<CityName>Flagstaff</CityName>
<ZipCode>860110001</ZipCode>
<PhoneNumber>9285230886</PhoneNumber>
<StreetAddress>ARD Building #56, Suite 240</StreetAddress>
<CountryName>United States</CountryName>
<StateName>Arizona</StateName>
<StateCode>AZ</StateCode>
</Institution>
<ProgramElement>
<Code>7367</Code>
<Text>CHS-Cyber-Human Systems</Text>
</ProgramElement>
<ProgramReference>
<Code>7367</Code>
<Text>Cyber-Human Systems</Text>
</ProgramReference>
<ProgramReference>
<Code>7925</Code>
<Text>LARGE PROJECT</Text>
</ProgramReference>
</Award>
</rootTag>
