<?xml version="1.0" encoding="UTF-8"?>
<rootTag>
<Award>
<AwardTitle>Second Northeast Conference on Dynamical Systems</AwardTitle>
<AwardEffectiveDate>08/15/2019</AwardEffectiveDate>
<AwardExpirationDate>07/31/2020</AwardExpirationDate>
<AwardTotalIntnAmount>23600.00</AwardTotalIntnAmount>
<AwardAmount>23600</AwardAmount>
<AwardInstrument>
<Value>Standard Grant</Value>
</AwardInstrument>
<Organization>
<Code>03040000</Code>
<Directorate>
<Abbreviation>MPS</Abbreviation>
<LongName>Direct For Mathematical &amp; Physical Scien</LongName>
</Directorate>
<Division>
<Abbreviation>DMS</Abbreviation>
<LongName>Division Of Mathematical Sciences</LongName>
</Division>
</Organization>
<ProgramOfficer>
<SignBlockName>Marian Bocea</SignBlockName>
</ProgramOfficer>
<AbstractNarration>The Second Northeast Conference on Dynamical Systems will be held in the third weekend of September 2019. The conference is a part of a biennial conference series that periodically provides a forum for the dynamical systems community in the northeast area. The goal of this conference is to promote progress in dynamical systems by bringing together researchers in dynamical systems, presenting latest research progress, exchanging ideas, encouraging collaborations, and fostering young researchers and students. &lt;br/&gt;&lt;br/&gt;Invited speakers and participants come from many areas of dynamical systems with an emphasis of connections between dynamical systems and statistical physics. The conference will also arrange many short talks for young researchers to announce their recent results. More information can been found at: http://people.math.umass.edu/~yaoli/UmassConference-Overview.html.&lt;br/&gt;&lt;br/&gt;This award reflects NSF's statutory mission and has been deemed worthy of support through evaluation using the Foundation's intellectual merit and broader impacts review criteria.</AbstractNarration>
<MinAmdLetterDate>02/27/2019</MinAmdLetterDate>
<MaxAmdLetterDate>02/27/2019</MaxAmdLetterDate>
<ARRAAmount/>
<AwardID>1900397</AwardID>
<Investigator>
<FirstName>Luc</FirstName>
<LastName>Rey-Bellet</LastName>
<EmailAddress>lr7q@math.umass.edu</EmailAddress>
<StartDate>02/27/2019</StartDate>
<EndDate/>
<RoleCode>Co-Principal Investigator</RoleCode>
</Investigator>
<Investigator>
<FirstName>Hong-Kun</FirstName>
<LastName>Zhang</LastName>
<EmailAddress>hongkun@math.umass.edu</EmailAddress>
<StartDate>02/27/2019</StartDate>
<EndDate/>
<RoleCode>Co-Principal Investigator</RoleCode>
</Investigator>
<Investigator>
<FirstName>Yao</FirstName>
<LastName>Li</LastName>
<EmailAddress>yaoli@math.umass.edu</EmailAddress>
<StartDate>02/27/2019</StartDate>
<EndDate/>
<RoleCode>Principal Investigator</RoleCode>
</Investigator>
<Institution>
<Name>University of Massachusetts Amherst</Name>
<CityName>Hadley</CityName>
<ZipCode>010359450</ZipCode>
<PhoneNumber>4135450698</PhoneNumber>
<StreetAddress>Research Administration Building</StreetAddress>
<CountryName>United States</CountryName>
<StateName>Massachusetts</StateName>
<StateCode>MA</StateCode>
</Institution>
<ProgramElement>
<Code>1281</Code>
<Text>ANALYSIS PROGRAM</Text>
</ProgramElement>
<ProgramReference>
<Code>7556</Code>
<Text>CONFERENCE AND WORKSHOPS</Text>
</ProgramReference>
</Award>
</rootTag>
