<?xml version="1.0" encoding="UTF-8"?>
<rootTag>
<Award>
<AwardTitle>CNS Core: Medium: Reimagining the Storage Stack for Emerging Memory Technologies</AwardTitle>
<AwardEffectiveDate>10/01/2019</AwardEffectiveDate>
<AwardExpirationDate>09/30/2023</AwardExpirationDate>
<AwardTotalIntnAmount>1102561.00</AwardTotalIntnAmount>
<AwardAmount>536742</AwardAmount>
<AwardInstrument>
<Value>Continuing grant</Value>
</AwardInstrument>
<Organization>
<Code>05050000</Code>
<Directorate>
<Abbreviation>CSE</Abbreviation>
<LongName>Direct For Computer &amp; Info Scie &amp; Enginr</LongName>
</Directorate>
<Division>
<Abbreviation>CNS</Abbreviation>
<LongName>Division Of Computer and Network Systems</LongName>
</Division>
</Organization>
<ProgramOfficer>
<SignBlockName>Samee Khan</SignBlockName>
</ProgramOfficer>
<AbstractNarration>Technological innovations are leading to increasing numbers and varieties of data storage devices.  Important application domains are simultaneously becoming more data centric, and many of the most significant design challenges revolve around access to large, richly structured sources of information. To help programmers manage the complexity of data and devices, this project is developing new ways to organize and access data, to automate its movement and placement, and to protect it from accidental loss or corruption.&lt;br/&gt;&lt;br/&gt;By leveraging programmer specifications of application behavior and of performance, protection, and fault tolerance objectives (and by inferring these where possible), developed techniques will efficiently and automatically move data among devices including 3D-stacked and new nonvolatile alternatives with differing bandwidth, latency, and persistence properties.  Fast, convenient access to byte-addressable nonvolatile memory will be provided through a new persistent segment abstraction.  Targeted platforms will range from individual mobile or desktop machines to rack-level systems with "disaggregated" memory blades.&lt;br/&gt;&lt;br/&gt;As computing moves into the era of big data, techniques to manage large, fast, persistent memories have the potential to facilitate breakthroughs across the whole range of human endeavor, in government, industry, science, the arts, and entertainment.  Students will gain experience with memory technologies and management techniques through new instructional modules in operating systems, programming languages, and parallel and distributed computing courses at the University of Rochester.  Efforts to increase participation among traditionally underrepresented groups, in both the laboratory and the classroom, will complement existing department activities, including participation in the ABI/HMC BRAID initiative.&lt;br/&gt;&lt;br/&gt;Software and data developed under the project will be made publicly available under standard open-source licenses using platforms such as GitHub, and will be accessible for at least three years past the end of the grant.  They will be shared with industrial contacts at Google, Facebook, IBM, Intel, AMD, Oracle, and others.  Publications associated with the project will be made available at http://www.cs.rochester.edu/u/sandhya/publications.html and at http://www.cs.rochester.edu/u/scott/papers.&lt;br/&gt;&lt;br/&gt;This award reflects NSF's statutory mission and has been deemed worthy of support through evaluation using the Foundation's intellectual merit and broader impacts review criteria.</AbstractNarration>
<MinAmdLetterDate>07/11/2019</MinAmdLetterDate>
<MaxAmdLetterDate>07/11/2019</MaxAmdLetterDate>
<ARRAAmount/>
<AwardID>1900803</AwardID>
<Investigator>
<FirstName>Michael</FirstName>
<LastName>Scott</LastName>
<EmailAddress>scott@cs.rochester.edu</EmailAddress>
<StartDate>07/11/2019</StartDate>
<EndDate/>
<RoleCode>Co-Principal Investigator</RoleCode>
</Investigator>
<Investigator>
<FirstName>Sandhya</FirstName>
<LastName>Dwarkadas</LastName>
<EmailAddress>sandhya@cs.rochester.edu</EmailAddress>
<StartDate>07/11/2019</StartDate>
<EndDate/>
<RoleCode>Principal Investigator</RoleCode>
</Investigator>
<Institution>
<Name>University of Rochester</Name>
<CityName>Rochester</CityName>
<ZipCode>146270140</ZipCode>
<PhoneNumber>5852754031</PhoneNumber>
<StreetAddress>518 HYLAN, RC BOX 270140</StreetAddress>
<CountryName>United States</CountryName>
<StateName>New York</StateName>
<StateCode>NY</StateCode>
</Institution>
<ProgramElement>
<Code>7354</Code>
<Text>CSR-Computer Systems Research</Text>
</ProgramElement>
<ProgramReference>
<Code>7924</Code>
<Text>MEDIUM PROJECT</Text>
</ProgramReference>
<ProgramReference>
<Code>9102</Code>
<Text>WOMEN, MINORITY, DISABLED, NEC</Text>
</ProgramReference>
</Award>
</rootTag>
