<?xml version="1.0" encoding="UTF-8"?>
<rootTag>
<Award>
<AwardTitle>Workshop in Analysis and Probability</AwardTitle>
<AwardEffectiveDate>06/01/2019</AwardEffectiveDate>
<AwardExpirationDate>05/31/2022</AwardExpirationDate>
<AwardTotalIntnAmount>174000.00</AwardTotalIntnAmount>
<AwardAmount>58000</AwardAmount>
<AwardInstrument>
<Value>Continuing grant</Value>
</AwardInstrument>
<Organization>
<Code>03040000</Code>
<Directorate>
<Abbreviation>MPS</Abbreviation>
<LongName>Direct For Mathematical &amp; Physical Scien</LongName>
</Directorate>
<Division>
<Abbreviation>DMS</Abbreviation>
<LongName>Division Of Mathematical Sciences</LongName>
</Division>
</Organization>
<ProgramOfficer>
<SignBlockName>Pamela Gorkin</SignBlockName>
</ProgramOfficer>
<AbstractNarration>This award provides funding for participation in the "Workshop in Analysis and Probability" to be held on the campus of Texas A&amp;M University during the period June 15 to August 15, 2019, and during similar periods in the summers of 2020 and 2021. The Workshop brings together senior and junior researchers and advanced graduate students in analysis, probability, and related fields of mathematics in order to broaden participation and to promote interaction among researchers working in different areas. It sponsors Concentration Weeks and a yearly three-day conference entitled Summer Informal Regional Functional Analysis Seminar (SUMIRFAS).&lt;br/&gt;&lt;br/&gt;&lt;br/&gt;In 2019, the three-day conference will be held July 26 to 28 and the Concentration Week "Randomness and Determinism in Compressive Data Acquisition" will take place July 22 to 26. In addition to advanced lectures for experts, Concentration Weeks include introductory lectures designed to acquaint junior researchers and non-experts with the basics of a topical area of current interest. The Workshop will provide support to many researchers not on sponsored research grants who will benefit from contact with established leaders in the field and from being in a research-friendly environment. Emphasis is placed on the support of early career researchers, members of underrepresented groups, and graduate students. More information about the Workshop can be found at &lt;http://www.math.tamu.edu/~kerr/workshop&gt;.&lt;br/&gt;&lt;br/&gt;This award reflects NSF's statutory mission and has been deemed worthy of support through evaluation using the Foundation's intellectual merit and broader impacts review criteria.</AbstractNarration>
<MinAmdLetterDate>02/27/2019</MinAmdLetterDate>
<MaxAmdLetterDate>02/27/2019</MaxAmdLetterDate>
<ARRAAmount/>
<AwardID>1900844</AwardID>
<Investigator>
<FirstName>William</FirstName>
<LastName>Johnson</LastName>
<EmailAddress>johnson@math.tamu.edu</EmailAddress>
<StartDate>02/27/2019</StartDate>
<EndDate/>
<RoleCode>Co-Principal Investigator</RoleCode>
</Investigator>
<Investigator>
<FirstName>David</FirstName>
<LastName>Kerr</LastName>
<EmailAddress>kerr@math.tamu.edu</EmailAddress>
<StartDate>02/27/2019</StartDate>
<EndDate/>
<RoleCode>Principal Investigator</RoleCode>
</Investigator>
<Investigator>
<FirstName>Eviatar</FirstName>
<LastName>Procaccia</LastName>
<EmailAddress>procaccia@math.tamu.edu</EmailAddress>
<StartDate>02/27/2019</StartDate>
<EndDate/>
<RoleCode>Co-Principal Investigator</RoleCode>
</Investigator>
<Investigator>
<FirstName>Irina</FirstName>
<LastName>Holmes</LastName>
<EmailAddress>irinaholmes@tamu.edu</EmailAddress>
<StartDate>02/27/2019</StartDate>
<EndDate/>
<RoleCode>Co-Principal Investigator</RoleCode>
</Investigator>
<Institution>
<Name>Texas A&amp;M University Main Campus</Name>
<CityName>College Station</CityName>
<ZipCode>778454375</ZipCode>
<PhoneNumber>9798626777</PhoneNumber>
<StreetAddress>400 Harvey Mitchell Pkwy South</StreetAddress>
<CountryName>United States</CountryName>
<StateName>Texas</StateName>
<StateCode>TX</StateCode>
</Institution>
<ProgramElement>
<Code>1281</Code>
<Text>ANALYSIS PROGRAM</Text>
</ProgramElement>
<ProgramReference>
<Code>7556</Code>
<Text>CONFERENCE AND WORKSHOPS</Text>
</ProgramReference>
</Award>
</rootTag>
