<?xml version="1.0" encoding="UTF-8"?>
<rootTag>
<Award>
<AwardTitle>Collaborative Research: The Northeast Analysis Network</AwardTitle>
<AwardEffectiveDate>07/15/2019</AwardEffectiveDate>
<AwardExpirationDate>06/30/2023</AwardExpirationDate>
<AwardTotalIntnAmount>12081.00</AwardTotalIntnAmount>
<AwardAmount>12081</AwardAmount>
<AwardInstrument>
<Value>Standard Grant</Value>
</AwardInstrument>
<Organization>
<Code>03040000</Code>
<Directorate>
<Abbreviation>MPS</Abbreviation>
<LongName>Direct For Mathematical &amp; Physical Scien</LongName>
</Directorate>
<Division>
<Abbreviation>DMS</Abbreviation>
<LongName>Division Of Mathematical Sciences</LongName>
</Division>
</Organization>
<ProgramOfficer>
<SignBlockName>Marian Bocea</SignBlockName>
</ProgramOfficer>
<AbstractNarration>This award provides funding for participation in the conference "The Northeast Analysis Network" that will be held at University of Connecticut in Fall 2019, University of Rochester in Fall 2020, Syracuse University in Fall 2021, SUNY-Albany in Fall 2022.&lt;br/&gt; &lt;br/&gt;The conferences focus on recent developments in Analysis, in a broad spectrum of fields including harmonic analysis, dynamical systems, geometric function theory, nonlinear partial differential equations, and operator algebras.   At each conference, there will be two magnet lectures by a leader researcher, and many short talks by junior conference participants.  The organizing committee will strive to make this funding opportunity known to target groups through a number of different activities.   More information will be made available at: https://sites.google.com/site/northeastanalysisnetwork/&lt;br/&gt;&lt;br/&gt;This award reflects NSF's statutory mission and has been deemed worthy of support through evaluation using the Foundation's intellectual merit and broader impacts review criteria.</AbstractNarration>
<MinAmdLetterDate>07/12/2019</MinAmdLetterDate>
<MaxAmdLetterDate>07/12/2019</MaxAmdLetterDate>
<ARRAAmount/>
<AwardID>1900128</AwardID>
<Investigator>
<FirstName>Allan</FirstName>
<LastName>Greenleaf</LastName>
<EmailAddress>allan@math.rochester.edu</EmailAddress>
<StartDate>07/12/2019</StartDate>
<EndDate/>
<RoleCode>Principal Investigator</RoleCode>
</Investigator>
<Institution>
<Name>University of Rochester</Name>
<CityName>Rochester</CityName>
<ZipCode>146270140</ZipCode>
<PhoneNumber>5852754031</PhoneNumber>
<StreetAddress>518 HYLAN, RC BOX 270140</StreetAddress>
<CountryName>United States</CountryName>
<StateName>New York</StateName>
<StateCode>NY</StateCode>
</Institution>
<ProgramElement>
<Code>1281</Code>
<Text>ANALYSIS PROGRAM</Text>
</ProgramElement>
<ProgramReference>
<Code>7556</Code>
<Text>CONFERENCE AND WORKSHOPS</Text>
</ProgramReference>
</Award>
</rootTag>
