<?xml version="1.0" encoding="UTF-8"?>
<rootTag>
<Award>
<AwardTitle>Houston Summer School on Dynamical Systems</AwardTitle>
<AwardEffectiveDate>04/01/2019</AwardEffectiveDate>
<AwardExpirationDate>03/31/2020</AwardExpirationDate>
<AwardTotalIntnAmount>39787.00</AwardTotalIntnAmount>
<AwardAmount>39787</AwardAmount>
<AwardInstrument>
<Value>Standard Grant</Value>
</AwardInstrument>
<Organization>
<Code>03040000</Code>
<Directorate>
<Abbreviation>MPS</Abbreviation>
<LongName>Direct For Mathematical &amp; Physical Scien</LongName>
</Directorate>
<Division>
<Abbreviation>DMS</Abbreviation>
<LongName>Division Of Mathematical Sciences</LongName>
</Division>
</Organization>
<ProgramOfficer>
<SignBlockName>Marian Bocea</SignBlockName>
</ProgramOfficer>
<AbstractNarration>This award supports participation in the Houston Summer School on Dynamical Systems (HSSDS) for graduate students, held in June 2019 at the University of Houston. The 8-day 2019 HSSDS workshop will bring together approximately 40 graduate students from institutions across the country, along with 10-15 exceptional undergraduates, who will arrive several days earlier and will receive a series of background lectures giving them some of the tools they need to attend the main event.  The goal of the 2019 HSSDS workshop is to introduce students both to fundamental techniques and recent progress in dynamical systems, emphasizing a probabilistic viewpoint.  Each lecturer in the 2019 HSSDS workshop will give students an appropriate bird's-eye view of the area in which he or she is working.&lt;br/&gt;&lt;br/&gt;Expository talks will present dynamics from a broad perspective, stressing its applications and connections with other areas of science. The school will present recent results and techniques that are not available in textbooks or in a form easily accessible to graduate students. It will introduce recent developments in probabilistic dynamics, chaotic dynamics, and dynamics of quantum systems. The 2019 HSSDS workshop will also include more specialized topics such as statistical properties of non-uniformly hyperbolic dynamics, quantum walks, and dynamics on flat surfaces and translation flows. Applications of dynamics to the modeling of complex physical systems will be a major theme. More information can be found at: https://www.math.uh.edu/dynamics/school/school2019/&lt;br/&gt;&lt;br/&gt;This award reflects NSF's statutory mission and has been deemed worthy of support through evaluation using the Foundation's intellectual merit and broader impacts review criteria.</AbstractNarration>
<MinAmdLetterDate>02/05/2019</MinAmdLetterDate>
<MaxAmdLetterDate>02/05/2019</MaxAmdLetterDate>
<ARRAAmount/>
<AwardID>1900964</AwardID>
<Investigator>
<FirstName>Andrei</FirstName>
<LastName>Torok</LastName>
<EmailAddress>torok@math.uh.edu</EmailAddress>
<StartDate>02/05/2019</StartDate>
<EndDate/>
<RoleCode>Co-Principal Investigator</RoleCode>
</Investigator>
<Investigator>
<FirstName>Matthew</FirstName>
<LastName>Nicol</LastName>
<EmailAddress>nicol@math.uh.edu</EmailAddress>
<StartDate>02/05/2019</StartDate>
<EndDate/>
<RoleCode>Principal Investigator</RoleCode>
</Investigator>
<Investigator>
<FirstName>William</FirstName>
<LastName>Ott</LastName>
<EmailAddress>ott@math.uh.edu</EmailAddress>
<StartDate>02/05/2019</StartDate>
<EndDate/>
<RoleCode>Co-Principal Investigator</RoleCode>
</Investigator>
<Investigator>
<FirstName>Vaughn</FirstName>
<LastName>Climenhaga</LastName>
<EmailAddress>climenha@math.uh.edu</EmailAddress>
<StartDate>02/05/2019</StartDate>
<EndDate/>
<RoleCode>Co-Principal Investigator</RoleCode>
</Investigator>
<Investigator>
<FirstName>Alan</FirstName>
<LastName>Haynes</LastName>
<EmailAddress>haynes@math.uh.edu</EmailAddress>
<StartDate>02/05/2019</StartDate>
<EndDate/>
<RoleCode>Co-Principal Investigator</RoleCode>
</Investigator>
<Institution>
<Name>University of Houston</Name>
<CityName>Houston</CityName>
<ZipCode>772042015</ZipCode>
<PhoneNumber>7137435773</PhoneNumber>
<StreetAddress>4800 Calhoun Boulevard</StreetAddress>
<CountryName>United States</CountryName>
<StateName>Texas</StateName>
<StateCode>TX</StateCode>
</Institution>
<ProgramElement>
<Code>1281</Code>
<Text>ANALYSIS PROGRAM</Text>
</ProgramElement>
<ProgramReference>
<Code>7556</Code>
<Text>CONFERENCE AND WORKSHOPS</Text>
</ProgramReference>
</Award>
</rootTag>
