<?xml version="1.0" encoding="UTF-8"?>
<rootTag>
<Award>
<AwardTitle>Great Plains Operator Theory Symposium 2019</AwardTitle>
<AwardEffectiveDate>05/01/2019</AwardEffectiveDate>
<AwardExpirationDate>04/30/2020</AwardExpirationDate>
<AwardTotalIntnAmount>49999.00</AwardTotalIntnAmount>
<AwardAmount>49999</AwardAmount>
<AwardInstrument>
<Value>Standard Grant</Value>
</AwardInstrument>
<Organization>
<Code>03040000</Code>
<Directorate>
<Abbreviation>MPS</Abbreviation>
<LongName>Direct For Mathematical &amp; Physical Scien</LongName>
</Directorate>
<Division>
<Abbreviation>DMS</Abbreviation>
<LongName>Division Of Mathematical Sciences</LongName>
</Division>
</Organization>
<ProgramOfficer>
<SignBlockName>Pamela Gorkin</SignBlockName>
</ProgramOfficer>
<AbstractNarration>This award provides funding for US participation in the 39th annual&lt;br/&gt;Great Plains Operator Theory Symposium that will be held May 28&lt;br/&gt;to June 1, 2019 at Texas A&amp;M University. The conference focuses on&lt;br/&gt;recent developments in Operator Algebras and Operator Theory.  This symposium&lt;br/&gt;aims to be a conference covering broad areas with large participation,&lt;br/&gt;including many young people, who are encouraged to give talks.&lt;br/&gt;&lt;br/&gt;A number of distinguished mathematicians have already agreed to attend&lt;br/&gt;and speak at this conference.  This award gives early career&lt;br/&gt;researchers, members of underrepresented groups, researchers not funded&lt;br/&gt;by NSF and the like an opportunity to attend and participate in this&lt;br/&gt;conference.  The organizing committee will strive to make this funding&lt;br/&gt;opportunity known to target groups through a number of different&lt;br/&gt;activities.  More information will be made available at:&lt;br/&gt;&lt;br/&gt;http://www.math.tamu.edu/~kerr/gpots2019/&lt;br/&gt;&lt;br/&gt;This award reflects NSF's statutory mission and has been deemed worthy of support through evaluation using the Foundation's intellectual merit and broader impacts review criteria.</AbstractNarration>
<MinAmdLetterDate>12/21/2018</MinAmdLetterDate>
<MaxAmdLetterDate>12/21/2018</MaxAmdLetterDate>
<ARRAAmount/>
<AwardID>1900745</AwardID>
<Investigator>
<FirstName>Kenneth</FirstName>
<LastName>Dykema</LastName>
<EmailAddress>ken.dykema@math.tamu.edu</EmailAddress>
<StartDate>12/21/2018</StartDate>
<EndDate/>
<RoleCode>Principal Investigator</RoleCode>
</Investigator>
<Investigator>
<FirstName>Michael</FirstName>
<LastName>Anshelevich</LastName>
<EmailAddress>manshel@math.tamu.edu</EmailAddress>
<StartDate>12/21/2018</StartDate>
<EndDate/>
<RoleCode>Co-Principal Investigator</RoleCode>
</Investigator>
<Investigator>
<FirstName>David</FirstName>
<LastName>Kerr</LastName>
<EmailAddress>kerr@math.tamu.edu</EmailAddress>
<StartDate>12/21/2018</StartDate>
<EndDate/>
<RoleCode>Co-Principal Investigator</RoleCode>
</Investigator>
<Investigator>
<FirstName>Zhizhang</FirstName>
<LastName>Xie</LastName>
<EmailAddress>xie@math.tamu.edu</EmailAddress>
<StartDate>12/21/2018</StartDate>
<EndDate/>
<RoleCode>Co-Principal Investigator</RoleCode>
</Investigator>
<Investigator>
<FirstName>Michael</FirstName>
<LastName>Brannan</LastName>
<EmailAddress>mbrannan@math.tamu.edu</EmailAddress>
<StartDate>12/21/2018</StartDate>
<EndDate/>
<RoleCode>Co-Principal Investigator</RoleCode>
</Investigator>
<Institution>
<Name>Texas A&amp;M University Main Campus</Name>
<CityName>College Station</CityName>
<ZipCode>778454375</ZipCode>
<PhoneNumber>9798626777</PhoneNumber>
<StreetAddress>400 Harvey Mitchell Pkwy South</StreetAddress>
<CountryName>United States</CountryName>
<StateName>Texas</StateName>
<StateCode>TX</StateCode>
</Institution>
<ProgramElement>
<Code>1281</Code>
<Text>ANALYSIS PROGRAM</Text>
</ProgramElement>
<ProgramReference>
<Code>7556</Code>
<Text>CONFERENCE AND WORKSHOPS</Text>
</ProgramReference>
</Award>
</rootTag>
