<?xml version="1.0" encoding="UTF-8"?>
<rootTag>
<Award>
<AwardTitle>High-Performance Panoptic Mass Spectrometry for Electrocatalytic Reaction Screening</AwardTitle>
<AwardEffectiveDate>06/15/2019</AwardEffectiveDate>
<AwardExpirationDate>05/31/2022</AwardExpirationDate>
<AwardTotalIntnAmount>450000.00</AwardTotalIntnAmount>
<AwardAmount>450000</AwardAmount>
<AwardInstrument>
<Value>Standard Grant</Value>
</AwardInstrument>
<Organization>
<Code>03090000</Code>
<Directorate>
<Abbreviation>MPS</Abbreviation>
<LongName>Direct For Mathematical &amp; Physical Scien</LongName>
</Directorate>
<Division>
<Abbreviation>CHE</Abbreviation>
<LongName>Division Of Chemistry</LongName>
</Division>
</Organization>
<ProgramOfficer>
<SignBlockName>Tingyu Li</SignBlockName>
</ProgramOfficer>
<AbstractNarration>In this project funded by the Chemical Structure, Dynamics, and Mechanisms-B and Chemical Measurement and Imaging Programs, Professor Abraham Badu-Tawiah of the Department of Chemistry and Biochemistry at Ohio State University is developing a new electrocatalytic screening platform for the selective reactions (oxidation) of carbon carbon double bonds. The project seeks to identify electrocatalytic conditions that enable selective synthesis of high-value fine chemicals.  Education and outreach activities are designed to directly impact students in the early stages (K-12) of their educational experience. The project is well-positioned to introduce students - including groups underrepresented in the STEM fields - to interdisciplinary science. &lt;br/&gt;&lt;br/&gt;The majority of heterogeneous electrocatalysts are oxides or metals dispersed onto oxide supports. Traditionally, oxide synthesis and subsequent reactivity screening occur separately in two independent experiments. This project targets an all-in-one panoptic system that combines in-situ oxide synthesis and catalytic reaction screening into a single experimental step.  The research involves the development of a multimodal, contained, nano-electrospray system for  the in-situ preparation of the eletrocatalyst and subsequent modification of the reaction environment in real-time.  Anodic reaction screening is investigated using the electrooxidation of alkenes by non-inert metal electrodes to produce several important reactive chemical intermediates. Cathodic reaction screening is showcased using the selective reduction of carbon carbon double bonds in the presence of carbon oxygen double bonds.&lt;br/&gt;&lt;br/&gt;This award reflects NSF's statutory mission and has been deemed worthy of support through evaluation using the Foundation's intellectual merit and broader impacts review criteria.</AbstractNarration>
<MinAmdLetterDate>06/13/2019</MinAmdLetterDate>
<MaxAmdLetterDate>06/13/2019</MaxAmdLetterDate>
<ARRAAmount/>
<AwardID>1900271</AwardID>
<Investigator>
<FirstName>Abraham</FirstName>
<LastName>Badu-Tawiah</LastName>
<EmailAddress>badu-tawiah.1@osu.edu</EmailAddress>
<StartDate>06/13/2019</StartDate>
<EndDate/>
<RoleCode>Principal Investigator</RoleCode>
</Investigator>
<Institution>
<Name>Ohio State University</Name>
<CityName>Columbus</CityName>
<ZipCode>432101016</ZipCode>
<PhoneNumber>6146888735</PhoneNumber>
<StreetAddress>Office of Sponsored Programs</StreetAddress>
<CountryName>United States</CountryName>
<StateName>Ohio</StateName>
<StateCode>OH</StateCode>
</Institution>
<ProgramElement>
<Code>6880</Code>
<Text>Chemical Measurement &amp; Imaging</Text>
</ProgramElement>
<ProgramElement>
<Code>9102</Code>
<Text>Chem Struct,Dynmcs&amp;Mechansms B</Text>
</ProgramElement>
<ProgramReference>
<Code>8650</Code>
<Text>Sustainable Chemistry</Text>
</ProgramReference>
</Award>
</rootTag>
