<?xml version="1.0" encoding="UTF-8"?>
<rootTag>
<Award>
<AwardTitle>Research Initiation Award: Search for the Epigenomic Mechanisms of Paternal Inheritance of Aggression in Social Honeybees</AwardTitle>
<AwardEffectiveDate>05/01/2019</AwardEffectiveDate>
<AwardExpirationDate>04/30/2022</AwardExpirationDate>
<AwardTotalIntnAmount>299950.00</AwardTotalIntnAmount>
<AwardAmount>299950</AwardAmount>
<AwardInstrument>
<Value>Standard Grant</Value>
</AwardInstrument>
<Organization>
<Code>11060000</Code>
<Directorate>
<Abbreviation>EHR</Abbreviation>
<LongName>Direct For Education and Human Resources</LongName>
</Directorate>
<Division>
<Abbreviation>HRD</Abbreviation>
<LongName>Division Of Human Resource Development</LongName>
</Division>
</Organization>
<ProgramOfficer>
<SignBlockName>Claudia Rankins</SignBlockName>
</ProgramOfficer>
<AbstractNarration>Research Initiation Awards provide support for junior and mid-career faculty at Historically Black Colleges and Universities who are building new research programs or redirecting and rebuilding existing programs. It is expected that the award helps to further the faculty member's research capability and effectiveness, improves research and teaching at the home institution, and involves undergraduate students in research experiences. The award to Central State University seeks to determine the epigenetic modifications and epigenomic architecture connecting aggressive behavior of honeybees to their sociogenome.&lt;br/&gt;&lt;br/&gt;To investigate the potential imprinting mechanisms via parental inheritance, the project will focus on the quantification analysis of epigenetic marks in the brain of Africanized and European honey bees. The use of modern epitranscriptomic and genomic approaches will reveal the molecular regulation of behavioral epigenomics. These studies will provide new insights and the first evidence of how epigenetic marks regulate or link to the process of transcription, gene regulation, or molecular evolution. A new field of behavioral epigenetics and epigenomics will also be developed using social honey bees as a model system.&lt;br/&gt;&lt;br/&gt;This award reflects NSF's statutory mission and has been deemed worthy of support through evaluation using the Foundation's intellectual merit and broader impacts review criteria.</AbstractNarration>
<MinAmdLetterDate>04/05/2019</MinAmdLetterDate>
<MaxAmdLetterDate>04/05/2019</MaxAmdLetterDate>
<ARRAAmount/>
<AwardID>1900793</AwardID>
<Investigator>
<FirstName>Hongmei</FirstName>
<LastName>Li-Byarlay</LastName>
<EmailAddress>hli-byarlay@centralstate.edu</EmailAddress>
<StartDate>04/05/2019</StartDate>
<EndDate/>
<RoleCode>Principal Investigator</RoleCode>
</Investigator>
<Institution>
<Name>Central State University</Name>
<CityName>Wilberforce</CityName>
<ZipCode>453841004</ZipCode>
<PhoneNumber>5133766011</PhoneNumber>
<StreetAddress>P.O. Box 1004</StreetAddress>
<CountryName>United States</CountryName>
<StateName>Ohio</StateName>
<StateCode>OH</StateCode>
</Institution>
<ProgramElement>
<Code>1594</Code>
<Text>HIST BLACK COLLEGES AND UNIV</Text>
</ProgramElement>
<ProgramReference>
<Code>9178</Code>
<Text>UNDERGRADUATE EDUCATION</Text>
</ProgramReference>
</Award>
</rootTag>
