<?xml version="1.0" encoding="UTF-8"?>
<rootTag>
<Award>
<AwardTitle>Excellence in Research: Cominuscule Quantum Schubert Cells and Faddeev-Reshetikhin-Takhtajian (FRT) Bialgebras</AwardTitle>
<AwardEffectiveDate>08/15/2019</AwardEffectiveDate>
<AwardExpirationDate>07/31/2022</AwardExpirationDate>
<AwardTotalIntnAmount>307974.00</AwardTotalIntnAmount>
<AwardAmount>307974</AwardAmount>
<AwardInstrument>
<Value>Standard Grant</Value>
</AwardInstrument>
<Organization>
<Code>03040000</Code>
<Directorate>
<Abbreviation>MPS</Abbreviation>
<LongName>Direct For Mathematical &amp; Physical Scien</LongName>
</Directorate>
<Division>
<Abbreviation>DMS</Abbreviation>
<LongName>Division Of Mathematical Sciences</LongName>
</Division>
</Organization>
<ProgramOfficer>
<SignBlockName>James Matthew Douglass</SignBlockName>
</ProgramOfficer>
<AbstractNarration>This project investigates a series of interrelated problems in quantum algebras and noncommutative ring theory.  The term quantum group is used to describe a large class of algebras which can be thought of as deformations of classical groups and algebras. Some important examples of quantum groups include the quantum enveloping algebras of semisimple Lie algebras and the quantized coordinate rings of algebraic groups.  Quantum groups originated in physics, but have since played important roles in multiple areas of mathematics, such as topology and statistical mechanics.  The original path to constructing the quantized coordinate ring of an algebraic group is through a universal bialgebra construction due to Faddeev, Reshetikhin, and Takhtajian. The bialgebras arising from this construction are now commonly referred to as universal FRT-bialgebras.  Quantum Schubert cell algebras are another family of algebras of interest in this research project.  These are certain subalgebras of the negative (or positive) part of a quantized enveloping algebra. They have played important roles recently in the context of quantum cluster algebras and braided symmetric algebras.  We will study relationships between FRT-bialgebras and quantum Schubert cell algebras as well as their ring-theoretical properties. This project expands opportunities for student research involvement drawn from the predominantly underrepresented minority student population at North Carolina Central University.&lt;br/&gt;&lt;br/&gt;In several important cases, quantum Schubert cell algebras may be regarded as quantized versions of unipotent Lie algebras. The most famous examples of quantum Schubert cells are the algebras of quantum matrices.  Other important examples include the algebras of quantum symmetric matrices and quantum anti-symmetric matrices. In this research project we will study ring-theoretic properties of these types of algebras, such as their quantum determinants, quantum minors, and quantum Pfaffians.&lt;br/&gt;&lt;br/&gt;This award reflects NSF's statutory mission and has been deemed worthy of support through evaluation using the Foundation's intellectual merit and broader impacts review criteria.</AbstractNarration>
<MinAmdLetterDate>08/06/2019</MinAmdLetterDate>
<MaxAmdLetterDate>08/06/2019</MaxAmdLetterDate>
<ARRAAmount/>
<AwardID>1900823</AwardID>
<Investigator>
<FirstName>Hayk</FirstName>
<LastName>Melikyan</LastName>
<EmailAddress>gmelikian@nccu.edu</EmailAddress>
<StartDate>08/06/2019</StartDate>
<EndDate/>
<RoleCode>Co-Principal Investigator</RoleCode>
</Investigator>
<Investigator>
<FirstName>Garrett</FirstName>
<LastName>Johnson</LastName>
<EmailAddress>gjohns62@nccu.edu</EmailAddress>
<StartDate>08/06/2019</StartDate>
<EndDate/>
<RoleCode>Principal Investigator</RoleCode>
</Investigator>
<Institution>
<Name>North Carolina Central University</Name>
<CityName>Durham</CityName>
<ZipCode>277073129</ZipCode>
<PhoneNumber>9195307333</PhoneNumber>
<StreetAddress>1801 Fayetteville Street</StreetAddress>
<CountryName>United States</CountryName>
<StateName>North Carolina</StateName>
<StateCode>NC</StateCode>
</Institution>
<ProgramElement>
<Code>070Y</Code>
<Text>HBCU-EiR - HBCU-Excellence in</Text>
</ProgramElement>
</Award>
</rootTag>
