<?xml version="1.0" encoding="UTF-8"?>
<rootTag>
<Award>
<AwardTitle>Probing the rules governing domain formation and protein partitioning in membrane</AwardTitle>
<AwardEffectiveDate>07/01/2019</AwardEffectiveDate>
<AwardExpirationDate>06/30/2022</AwardExpirationDate>
<AwardTotalIntnAmount>509997.00</AwardTotalIntnAmount>
<AwardAmount>335389</AwardAmount>
<AwardInstrument>
<Value>Continuing grant</Value>
</AwardInstrument>
<Organization>
<Code>03090000</Code>
<Directorate>
<Abbreviation>MPS</Abbreviation>
<LongName>Direct For Mathematical &amp; Physical Scien</LongName>
</Directorate>
<Division>
<Abbreviation>CHE</Abbreviation>
<LongName>Division Of Chemistry</LongName>
</Division>
</Organization>
<ProgramOfficer>
<SignBlockName>Bruce Johnson</SignBlockName>
</ProgramOfficer>
<AbstractNarration>Professor John E. Straub at Boston University is supported by an award from the Chemical Theory, Models and Computational Methods (CTMC) Program in the Chemistry Division to perform theoretical and computational research on predictions of the structure of the lipid membrane. The lipid membrane plays a key role in the organization and function of the cell. The systematic investigation of lipid membranes is essential to our understanding of fundamental aspects of cellular function, including cellular transport and signaling. At the present time, state-of-the-art computational models fail to capture key aspects of membrane structure and function. The Straub group is developing novel theoretical models of membrane and membrane proteins that aspire to a new level of realism in the computational modeling of the cell. As such, the successful development of the methods and their applications may be transformative to the field. This project includes the training and mentoring of undergraduate and graduate research students as well as the development of simulation methods, codes, and datasets. A complete textbook on the topic "Mathematical Methods for Chemists" is being developed that will be made freely available to instructors and students.&lt;br/&gt;&lt;br/&gt;The program of analyzing multi-component protein mixtures partitioning with lipid domains in heterogeneous membrane surface structure is extremely challenging. For direct comparison with experiment, it is necessary to perform all-atom simulations, so the free energy calculations use Umbrella Sampling and Energy Representation methods for speed and accuracy and Simulated Tempering in dihedral space and free volume space for enhanced conformational sampling. The multi-component mixtures are complex, containing cholesterol, sphingolipids, glycolipids and other agents important in determining lipid phase domains. The goal  of this research is to enable the first de novo studies of membrane domain formation and membrane protein partitioning using atomistic models. The models are validated against average experimental measurements of nanoscopic membrane structures in membrane mixtures and protein partitioning between lipid domains.&lt;br/&gt;&lt;br/&gt;This award reflects NSF's statutory mission and has been deemed worthy of support through evaluation using the Foundation's intellectual merit and broader impacts review criteria.</AbstractNarration>
<MinAmdLetterDate>06/17/2019</MinAmdLetterDate>
<MaxAmdLetterDate>06/17/2019</MaxAmdLetterDate>
<ARRAAmount/>
<AwardID>1900416</AwardID>
<Investigator>
<FirstName>John</FirstName>
<LastName>Straub</LastName>
<EmailAddress>straub@bu.edu</EmailAddress>
<StartDate>06/17/2019</StartDate>
<EndDate/>
<RoleCode>Principal Investigator</RoleCode>
</Investigator>
<Institution>
<Name>Trustees of Boston University</Name>
<CityName>BOSTON</CityName>
<ZipCode>022151300</ZipCode>
<PhoneNumber>6173534365</PhoneNumber>
<StreetAddress>881 COMMONWEALTH AVE</StreetAddress>
<CountryName>United States</CountryName>
<StateName>Massachusetts</StateName>
<StateCode>MA</StateCode>
</Institution>
<ProgramElement>
<Code>6881</Code>
<Text>Chem Thry, Mdls &amp; Cmptnl Mthds</Text>
</ProgramElement>
<ProgramReference>
<Code>9263</Code>
<Text>COMPUTATIONAL SCIENCE &amp; ENGING</Text>
</ProgramReference>
</Award>
</rootTag>
