<?xml version="1.0" encoding="UTF-8"?>
<rootTag>
<Award>
<AwardTitle>D3SC: CDS&amp;E: Learning molecular models from microscopic simulation and experimental data</AwardTitle>
<AwardEffectiveDate>05/01/2019</AwardEffectiveDate>
<AwardExpirationDate>04/30/2022</AwardExpirationDate>
<AwardTotalIntnAmount>510000.00</AwardTotalIntnAmount>
<AwardAmount>510000</AwardAmount>
<AwardInstrument>
<Value>Standard Grant</Value>
</AwardInstrument>
<Organization>
<Code>03090000</Code>
<Directorate>
<Abbreviation>MPS</Abbreviation>
<LongName>Direct For Mathematical &amp; Physical Scien</LongName>
</Directorate>
<Division>
<Abbreviation>CHE</Abbreviation>
<LongName>Division Of Chemistry</LongName>
</Division>
</Organization>
<ProgramOfficer>
<SignBlockName>Evelyn Goldfield</SignBlockName>
</ProgramOfficer>
<AbstractNarration>Cecilia Clementi of Rice University is supported by an award from the Chemical Theory, Models and Computational Methods program in the Division of Chemistry to develop multiscale models for macromolecular systems.   Professor Clementi and her group are developing machine learning tools to combine the results from microscopic simulation and experimental data into a data-driven modeling framework. The last several years have seen an immense increase in high-throughput and high-resolution technologies for experimental observation.  These advances are combined with high-performance techniques to simulate molecular systems at a microscopic level resulting in vast and ever-increasing amounts of data. Professor Clementi is taking advantage of this abundance of data and uses machine learning to extract information, in order to formulate general principles regulating the behavior of molecular systems. Understanding chemical processes at the molecular level is essential for a large number of applications, from energy storage to drug design. Additionally, as the need to represent massive data sets in terms of a model bears similarity across different fields, Professor Clementi's work may have an impact on a broad range of completely different disciplines from genomics to finance. This research impacts an interdisciplinary community of students and researchers. Her project includes the development of undergraduate and graduate courses, and outreach activities focused in the recruiting and mentoring of minority students, especially through collaboration with the Tapia Center at Rice University.&lt;br/&gt;&lt;br/&gt;Professor Clementi is developing a data-driven framework to design effective molecular models at multiple resolutions, to address questions currently out of reach to existing computational and experimental approaches. The main idea is to use state-of-the-art machine learning methods to "learn" the coarse-grained dynamical models governing molecular systems (structure, thermodynamics, and kinetics/mechanism) at the mesoscale, by combining simulation data generated from microscopic simulation, and experimental data. By integrating different sources of data, this modeling approach reconciles bottom-up and top-down methods. This approach generates functional building blocks that can be embedded in higher-order simulations in order to bridge the gap to macroscopic systems. This modeling framework may serve as a keystone to integrate vast amounts of chemical data into quantitative, mechanistic and comprehensible models. Such models may explain how different molecular components organize and interact as a function of time and space in performing functions at the macroscopic scale. In particular, the developed framework is applied to investigate one specific biomolecular process: the binding of peptides to Major Histocompatability Complex (MHC) proteins.&lt;br/&gt;&lt;br/&gt;This award reflects NSF's statutory mission and has been deemed worthy of support through evaluation using the Foundation's intellectual merit and broader impacts review criteria.</AbstractNarration>
<MinAmdLetterDate>04/29/2019</MinAmdLetterDate>
<MaxAmdLetterDate>04/29/2019</MaxAmdLetterDate>
<ARRAAmount/>
<AwardID>1900374</AwardID>
<Investigator>
<FirstName>Cecilia</FirstName>
<LastName>Clementi</LastName>
<EmailAddress>cecilia@rice.edu</EmailAddress>
<StartDate>04/29/2019</StartDate>
<EndDate/>
<RoleCode>Principal Investigator</RoleCode>
</Investigator>
<Institution>
<Name>William Marsh Rice University</Name>
<CityName>Houston</CityName>
<ZipCode>770051827</ZipCode>
<PhoneNumber>7133484820</PhoneNumber>
<StreetAddress>6100 MAIN ST</StreetAddress>
<CountryName>United States</CountryName>
<StateName>Texas</StateName>
<StateCode>TX</StateCode>
</Institution>
<ProgramElement>
<Code>6881</Code>
<Text>Chem Thry, Mdls &amp; Cmptnl Mthds</Text>
</ProgramElement>
<ProgramReference>
<Code>062Z</Code>
<Text>Harnessing the Data Revolution</Text>
</ProgramReference>
<ProgramReference>
<Code>075Z</Code>
<Text>Artificial Intelligence (AI)</Text>
</ProgramReference>
<ProgramReference>
<Code>8084</Code>
<Text>CDS&amp;E</Text>
</ProgramReference>
<ProgramReference>
<Code>9216</Code>
<Text>ADVANCED SOFTWARE TECH &amp; ALGOR</Text>
</ProgramReference>
<ProgramReference>
<Code>9263</Code>
<Text>COMPUTATIONAL SCIENCE &amp; ENGING</Text>
</ProgramReference>
</Award>
</rootTag>
