<?xml version="1.0" encoding="UTF-8"?>
<rootTag>
<Award>
<AwardTitle>Development of Catalytic Metal-Coupled Electron-Transfer (MCET) for Sustainable Chemical and Electrochemical Oxygen Reduction</AwardTitle>
<AwardEffectiveDate>08/01/2019</AwardEffectiveDate>
<AwardExpirationDate>07/31/2022</AwardExpirationDate>
<AwardTotalIntnAmount>420000.00</AwardTotalIntnAmount>
<AwardAmount>420000</AwardAmount>
<AwardInstrument>
<Value>Standard Grant</Value>
</AwardInstrument>
<Organization>
<Code>03090000</Code>
<Directorate>
<Abbreviation>MPS</Abbreviation>
<LongName>Direct For Mathematical &amp; Physical Scien</LongName>
</Directorate>
<Division>
<Abbreviation>CHE</Abbreviation>
<LongName>Division Of Chemistry</LongName>
</Division>
</Organization>
<ProgramOfficer>
<SignBlockName>Thomas Rauchfuss</SignBlockName>
</ProgramOfficer>
<AbstractNarration>With support from the Chemistry Division of the National Science Foundation, Professor Jerome Robinson of Brown University is working on energy storage.  This theme is relevant to the efficient use of "intermittent energy" from wind and solar sources. This project focuses on the storage of energy in the form of peroxides, compounds with oxygen-oxygen bonds. The use of oxygen is attractive since it is one of the most abundant elements in the earth's atmosphere. Current industrial routes to peroxides are energy-intensive.  The project is also addressing small-scale applications relevant to personalized-energy storage. The research team designs metal catalysts to produce peroxides using electro-chemical means.  This project provides hands-on training opportunities in the areas of renewable energy and green chemistry for scientists at the graduate, undergraduate, and high-school levels. Initiatives focusing on broadening representation and increasing retention in historically underrepresented groups in chemistry are being advanced through summer research opportunities and cohort-based mentor and researcher training programs.&lt;br/&gt;&lt;br/&gt;Efficient and controlled delivery of electrons and protons are critical to many sustainable energy applications. Despite significant advances and intensive research interest, achieving high selectivity and activity at low overpotentials with earth-abundant catalysts remains a formidable challenge. With funding from the Chemical Catalysis Program of the Chemistry Division, Professor Jerome Robinson of Brown University is advancing the fundamental understanding of catalytic metal-coupled electron transfer (MCET) to enable the sustainable and selective reduction of oxygen to peroxide using earth-abundant catalysts. To achieve this goal, this project is focused on developing electrocatalytic MCET processes for the reduction of oxygen to peroxide, identifying and optimizing conditions for turnover of the Lewis-acid activator, and managing potentially competitive pathways such as proton-coupled electron transfer.&lt;br/&gt;&lt;br/&gt;This award reflects NSF's statutory mission and has been deemed worthy of support through evaluation using the Foundation's intellectual merit and broader impacts review criteria.</AbstractNarration>
<MinAmdLetterDate>07/22/2019</MinAmdLetterDate>
<MaxAmdLetterDate>07/22/2019</MaxAmdLetterDate>
<ARRAAmount/>
<AwardID>1900248</AwardID>
<Investigator>
<FirstName>Jerome</FirstName>
<LastName>Robinson</LastName>
<EmailAddress>jerome_robinson@brown.edu</EmailAddress>
<StartDate>07/22/2019</StartDate>
<EndDate/>
<RoleCode>Principal Investigator</RoleCode>
</Investigator>
<Institution>
<Name>Brown University</Name>
<CityName>Providence</CityName>
<ZipCode>029129002</ZipCode>
<PhoneNumber>4018632777</PhoneNumber>
<StreetAddress>BOX 1929</StreetAddress>
<CountryName>United States</CountryName>
<StateName>Rhode Island</StateName>
<StateCode>RI</StateCode>
</Institution>
<ProgramElement>
<Code>6884</Code>
<Text>Chemical Catalysis</Text>
</ProgramElement>
<ProgramReference>
<Code>8396</Code>
<Text>Clean Energy Technology</Text>
</ProgramReference>
<ProgramReference>
<Code>8399</Code>
<Text>Energy Storage or Transmission</Text>
</ProgramReference>
<ProgramReference>
<Code>8650</Code>
<Text>Sustainable Chemistry</Text>
</ProgramReference>
</Award>
</rootTag>
