<?xml version="1.0" encoding="UTF-8"?>
<rootTag>
<Award>
<AwardTitle>Non-Innocent Main Group Centers for Targeted Multi-Electron Transformations</AwardTitle>
<AwardEffectiveDate>07/15/2019</AwardEffectiveDate>
<AwardExpirationDate>06/30/2022</AwardExpirationDate>
<AwardTotalIntnAmount>450000.00</AwardTotalIntnAmount>
<AwardAmount>450000</AwardAmount>
<AwardInstrument>
<Value>Standard Grant</Value>
</AwardInstrument>
<Organization>
<Code>03090000</Code>
<Directorate>
<Abbreviation>MPS</Abbreviation>
<LongName>Direct For Mathematical &amp; Physical Scien</LongName>
</Directorate>
<Division>
<Abbreviation>CHE</Abbreviation>
<LongName>Division Of Chemistry</LongName>
</Division>
</Organization>
<ProgramOfficer>
<SignBlockName>John Gilje</SignBlockName>
</ProgramOfficer>
<AbstractNarration>Catalysts are species that improve the speed, the energy consumption, and/or the efficiency of chemical reactions; they are essential for industrial chemistry and for biological processes. The design of new catalysts is an important area of research as there is continual need for them in order to develop more efficient chemical processes. A special class of catalysts are those that can facilitate a flow of electrons to perform multi-electron chemical transformations. Professor Gabriel Menard, Chemistry Department, University of California - Santa Barbara, is supported by the Chemical Synthesis Program of the Chemistry Division to develop new catalysts for multi-electronic processes. These catalysts are based on inexpensive, abundant metals that are able to transfer electrons to and activate a non-metal center. This is nearly opposite the usual design in which the electron transfer goes from a non-metal to activate a metal center. These new catalysts open new processes to everyday goods and utilize common, inexpensive starting materials. Students from underrepresented groups are engaged in this research and Professor Menard seeks to increase broader scientific literacy by hosting a free, monthly "Science Pub Night" event, where scientists present their research to the public in an open and accessible way.&lt;br/&gt;&lt;br/&gt;This project investigates how tethering multi-metallic redox-active platforms to group 13 or group 15 centers facilitate multi-electron transformations at the main-group site. A goal is to develop main-group catalysts for multi-electron processes. By coordinating vanadium to various ligands, complexes with a variety of redox properties are obtained. These are attached to group 13 or 15 centers to generate species that contain up to three vanadium moieties attached to a main-group atom. The compounds are characterized by the usual chemical and spectroscopic techniques, with particular attention being paid to the electrochemical and magnetic properties. The presence of several vanadium atoms provides the ability for cooperative, multi-electron redox chemistry at the main group unit. This reactivity is probed in atom or group transfer chemistry and for the activation of water, ammonia, and hydrogen.  This research provides excellent training to undergraduate and graduate students in the synthesis and characterization of typically air sensitive molecules. This prepares them for careers in academia, industry, or national laboratories.&lt;br/&gt;&lt;br/&gt;This award reflects NSF's statutory mission and has been deemed worthy of support through evaluation using the Foundation's intellectual merit and broader impacts review criteria.</AbstractNarration>
<MinAmdLetterDate>07/05/2019</MinAmdLetterDate>
<MaxAmdLetterDate>07/05/2019</MaxAmdLetterDate>
<ARRAAmount/>
<AwardID>1900651</AwardID>
<Investigator>
<FirstName>Gabriel</FirstName>
<LastName>Menard</LastName>
<EmailAddress>menard@chem.ucsb.edu</EmailAddress>
<StartDate>07/05/2019</StartDate>
<EndDate/>
<RoleCode>Principal Investigator</RoleCode>
</Investigator>
<Institution>
<Name>University of California-Santa Barbara</Name>
<CityName>Santa Barbara</CityName>
<ZipCode>931062050</ZipCode>
<PhoneNumber>8058934188</PhoneNumber>
<StreetAddress>Office of Research</StreetAddress>
<CountryName>United States</CountryName>
<StateName>California</StateName>
<StateCode>CA</StateCode>
</Institution>
<ProgramElement>
<Code>6878</Code>
<Text>Chemical Synthesis</Text>
</ProgramElement>
<ProgramReference>
<Code>8037</Code>
<Text>Advanced Manufacturing</Text>
</ProgramReference>
</Award>
</rootTag>
