<?xml version="1.0" encoding="UTF-8"?>
<rootTag>
<Award>
<AwardTitle>Research Initiation Award: Antagonistic Bacteriophage and Metal Combination Treatment to Combat the Spread of Antimicrobial Resistance</AwardTitle>
<AwardEffectiveDate>05/01/2019</AwardEffectiveDate>
<AwardExpirationDate>04/30/2022</AwardExpirationDate>
<AwardTotalIntnAmount>299942.00</AwardTotalIntnAmount>
<AwardAmount>299942</AwardAmount>
<AwardInstrument>
<Value>Standard Grant</Value>
</AwardInstrument>
<Organization>
<Code>11060000</Code>
<Directorate>
<Abbreviation>EHR</Abbreviation>
<LongName>Direct For Education and Human Resources</LongName>
</Directorate>
<Division>
<Abbreviation>HRD</Abbreviation>
<LongName>Division Of Human Resource Development</LongName>
</Division>
</Organization>
<ProgramOfficer>
<SignBlockName>Claudia Rankins</SignBlockName>
</ProgramOfficer>
<AbstractNarration>Research Initiation Awards provide support for junior and mid-career faculty at Historically Black Colleges and Universities who are building new research programs or redirecting and rebuilding existing programs. It is expected that the award helps to further the faculty member's research capability and effectiveness, improves research and teaching at the home institution, and involves undergraduate students in research experiences. This study seeks to determine and elucidate the evolutionary adaptation&lt;br/&gt;of the Escherichia coli bacteria and how their acquired resistance mutations influence their fitness and susceptibility to common antibiotics.&lt;br/&gt;&lt;br/&gt;Evolutionary trade-offs are ubiquitous in nature and have important consequences for organismal adaptation, especially to harsh environments. The discovery of evolutionary trade-offs and/or trade-ups is imperative to determine the sustainability of bacteriophages as antimicrobial agents. Understanding these interactions is essential in addressing the global health concern of antimicrobial resistance. This project seeks to explore potential evolutionary trade-offs and co-selection mechanisms that occur because of acquired resistance to a class of natural antibacterial agents, bacteriophages, and to explore their potential trade-offs against metal resistance, specifically excess amounts of iron. The primary focus will be on the evolutionary adaptation of Escherichia coli to bacteriophage T4 and how acquired phage resistance mutations influence bacterial fitness and susceptibility to metals and common antibiotics. Bacteriophage T4-Ferric iron (Fe3+) resistance interactions are of significant interest since phage T4 and iron (III) share similar targets including outer membrane proteins used for phage attachment and iron entry. The work seeks to discover if antagonistic interactions, in which phage resistance reduces metal resistance (or vice versa) occur within bacterial populations.&lt;br/&gt;&lt;br/&gt;This award reflects NSF's statutory mission and has been deemed worthy of support through evaluation using the Foundation's intellectual merit and broader impacts review criteria.</AbstractNarration>
<MinAmdLetterDate>04/03/2019</MinAmdLetterDate>
<MaxAmdLetterDate>04/03/2019</MaxAmdLetterDate>
<ARRAAmount/>
<AwardID>1900808</AwardID>
<Investigator>
<FirstName>Rasheena</FirstName>
<LastName>Edmondson</LastName>
<EmailAddress>redmondson@bennett.edu</EmailAddress>
<StartDate>04/03/2019</StartDate>
<EndDate/>
<RoleCode>Principal Investigator</RoleCode>
</Investigator>
<Institution>
<Name>Bennett College</Name>
<CityName>Greensboro</CityName>
<ZipCode>274013239</ZipCode>
<PhoneNumber>3365172102</PhoneNumber>
<StreetAddress>900 East Washington Street</StreetAddress>
<CountryName>United States</CountryName>
<StateName>North Carolina</StateName>
<StateCode>NC</StateCode>
</Institution>
<ProgramElement>
<Code>1594</Code>
<Text>Hist Black Colleges and Univ</Text>
</ProgramElement>
<ProgramReference>
<Code>9178</Code>
<Text>UNDERGRADUATE EDUCATION</Text>
</ProgramReference>
</Award>
</rootTag>
