<?xml version="1.0" encoding="UTF-8"?>
<rootTag>
<Award>
<AwardTitle>Operator Theory and Stable Polynomials</AwardTitle>
<AwardEffectiveDate>06/01/2019</AwardEffectiveDate>
<AwardExpirationDate>05/31/2022</AwardExpirationDate>
<AwardTotalIntnAmount>191022.00</AwardTotalIntnAmount>
<AwardAmount>191022</AwardAmount>
<AwardInstrument>
<Value>Standard Grant</Value>
</AwardInstrument>
<Organization>
<Code>03040000</Code>
<Directorate>
<Abbreviation>MPS</Abbreviation>
<LongName>Direct For Mathematical &amp; Physical Scien</LongName>
</Directorate>
<Division>
<Abbreviation>DMS</Abbreviation>
<LongName>Division Of Mathematical Sciences</LongName>
</Division>
</Organization>
<ProgramOfficer>
<SignBlockName>Pamela Gorkin</SignBlockName>
</ProgramOfficer>
<AbstractNarration>Operator theory is a broad and mature area of pure mathematics with close ties to the mathematics of quantum mechanics and control systems engineering.  Indeed, von Neumann is often credited with formulating the foundations of operator theory as a language for quantum mechanics, while Nobert Wiener initiated an approach to engineering prediction problems (such as jet tracking) based on ideas from operator theory and harmonic analysis.  In more recent decades, operator theory has been used in H-infinity control theory which has applications in automatic pilot design.  On the other hand, a stable polynomial is not a field per se but a basic concept in mathematics that has become profoundly useful in the study of a diverse range of problems in mathematics: combinatorics (enumeration problems), graph theory (the study of networks), and operator theory.  The purpose of this project is to use operator theory to study stable polynomials and vice versa.  &lt;br/&gt;&lt;br/&gt;This project focuses on three problems: (1) the generalized Lax conjecture, (2) a quantitative understanding of linear preservers of stability, and (3) extensions of the theory of stable polynomials to entire functions.  Semi-definite programming is a powerful technique in optimization and the generalized Lax conjecture is a bold assertion about the sets on which this theory can successfully be implemented.  The conjecture claims that these feasibility sets have a geometric description in terms of hyperbolic polynomials (a slight generalization of the concept of a stable polynomial).  Although evidently important in optimization, this would further establish links between stable polynomials and operator theory as the question is closely related to the concept of representing stable polynomials via operator theoretic determinantal representations.  Problem (2) is about taking the highly successful theorems of Borcea-Branden that characterized the linear maps on stable polynomials that preserve stability and making them quantitative.  How exactly do stability preservers modify zero sets?  One approach to this problem is through analyzing how stability preservers affect various sums-of-squares formulas for stable polynomials.  Problem (3) is about a natural extension of stable polynomials to various classes of entire functions (the Polya class, Hermite-Biehler class) and would require developing multivariable theories of Hilbert spaces of entire functions.  This latter endeavor is important in its own right as the successes in one variable Hilbert spaces of entire functions have been profound (i.e. the Poltoratski approach to problems of uncertainty type).&lt;br/&gt;&lt;br/&gt;This award reflects NSF's statutory mission and has been deemed worthy of support through evaluation using the Foundation's intellectual merit and broader impacts review criteria.</AbstractNarration>
<MinAmdLetterDate>04/10/2019</MinAmdLetterDate>
<MaxAmdLetterDate>04/10/2019</MaxAmdLetterDate>
<ARRAAmount/>
<AwardID>1900816</AwardID>
<Investigator>
<FirstName>Greg</FirstName>
<LastName>Knese</LastName>
<EmailAddress>geknese@wustl.edu</EmailAddress>
<StartDate>04/10/2019</StartDate>
<EndDate/>
<RoleCode>Principal Investigator</RoleCode>
</Investigator>
<Institution>
<Name>Washington University</Name>
<CityName>Saint Louis</CityName>
<ZipCode>631304862</ZipCode>
<PhoneNumber>3147474134</PhoneNumber>
<StreetAddress>CAMPUS BOX 1054</StreetAddress>
<CountryName>United States</CountryName>
<StateName>Missouri</StateName>
<StateCode>MO</StateCode>
</Institution>
<ProgramElement>
<Code>1281</Code>
<Text>ANALYSIS PROGRAM</Text>
</ProgramElement>
<ProgramReference>
<Code>9150</Code>
<Text>EXP PROG TO STIM COMP RES</Text>
</ProgramReference>
</Award>
</rootTag>
