<?xml version="1.0" encoding="UTF-8"?>
<rootTag>
<Award>
<AwardTitle>Dimensions: Identifying how the ecological and evolutionary interactions between host and symbiont shape holobiont biodiversity</AwardTitle>
<AwardEffectiveDate>10/15/2018</AwardEffectiveDate>
<AwardExpirationDate>04/30/2020</AwardExpirationDate>
<AwardTotalIntnAmount>310777.00</AwardTotalIntnAmount>
<AwardAmount>312254</AwardAmount>
<AwardInstrument>
<Value>Standard Grant</Value>
</AwardInstrument>
<Organization>
<Code>08010207</Code>
<Directorate>
<Abbreviation>BIO</Abbreviation>
<LongName>Direct For Biological Sciences</LongName>
</Directorate>
<Division>
<Abbreviation>DEB</Abbreviation>
<LongName>Division Of Environmental Biology</LongName>
</Division>
</Organization>
<ProgramOfficer>
<SignBlockName>George Gilchrist</SignBlockName>
</ProgramOfficer>
<AbstractNarration>Although individual animals have long been considered a fundamental unit of evolution, we now know that each is really a co-dependent collection of host animal and microbes. This co-dependency reaches from ancient times through to the present day. Many animals depend on gut bacteria to process food and incorporate essential nutrients into the host's own tissues.  To untangle the importance of this partnership for hosts and symbiotic gut bacteria, this project will study a diverse and ecologically important social animal group, the turtle ants.  As social organisms, ants and humans share ways for acquiring helpful and harmful bacteria.  State-of-the-art molecular and genomic methods will be used to investigate ancient and modern influences on the symbiosis, the function of the bacteria for host health, and the means of passage and maintenance of the bacterial symbionts over millions of years.&lt;br/&gt;&lt;br/&gt;Explaining global patterns of biodiversity and their drivers have long been central challenges in the fields of ecology and evolution.  Increasingly, it is becoming apparent that biodiversity is itself a function of interactions across different levels of biological organization.  Among the metazoans, symbioses with microbes are a defining feature, and individuals are integrated collections of host and symbiont cells, together defining the "holobiont".  By studying the diverse and tractable turtle ant system, this research will address the relationships between symbiosis and the dimensions of holobiont biodiversity with unprecedented clarity.  Specifically, this research will address: 1) the roles of time, biogeography, and habitat in host diversification (host taxonomic dimension); 2) variation in gut communities across host ant phylogeny, geography, habitat, and ecological niches (symbiont taxonomic dimension integrated with host taxonomic and functional dimensions); 3) the extent of codiversification for ~10 core, host-specific symbiont lineages, and the impacts of host phylogeny, geography, and ecology on symbiont transfer (symbiont taxonomic dimension integrated with host taxonomic and functional dimensions); 4) variation in genome evolution and innovation across symbionts with varying degrees of codiversification, and across genes with varying function (taxonomic, genetic, and functional integration of hosts and symbionts); and 5) symbiont function in light of symbiont genome evolution, host-symbiont codiversification, and host phylogeny, geography, and ecology (taxonomic, genetic, and functional integration of hosts and symbionts).</AbstractNarration>
<MinAmdLetterDate>10/19/2018</MinAmdLetterDate>
<MaxAmdLetterDate>10/19/2018</MaxAmdLetterDate>
<ARRAAmount/>
<AwardID>1900357</AwardID>
<Investigator>
<FirstName>Corrie</FirstName>
<LastName>Moreau</LastName>
<EmailAddress>corrie.moreau@cornell.edu</EmailAddress>
<StartDate>10/19/2018</StartDate>
<EndDate/>
<RoleCode>Principal Investigator</RoleCode>
</Investigator>
<Institution>
<Name>Cornell University</Name>
<CityName>Ithaca</CityName>
<ZipCode>148502820</ZipCode>
<PhoneNumber>6072555014</PhoneNumber>
<StreetAddress>373 Pine Tree Road</StreetAddress>
<CountryName>United States</CountryName>
<StateName>New York</StateName>
<StateCode>NY</StateCode>
</Institution>
<ProgramElement>
<Code>7968</Code>
<Text>Dimensions of Biodiversity</Text>
</ProgramElement>
<ProgramReference>
<Code>7968</Code>
<Text>Dimensions of Biodiversity</Text>
</ProgramReference>
<ProgramReference>
<Code>9169</Code>
<Text>BIODIVERSITY AND ECOSYSTEM DYNAMICS</Text>
</ProgramReference>
<ProgramReference>
<Code>EGCH</Code>
<Text>ENVIRONMENT AND GLOBAL CHANGE</Text>
</ProgramReference>
</Award>
</rootTag>
