<?xml version="1.0" encoding="UTF-8"?>
<rootTag>
<Award>
<AwardTitle>Graded Syzygies: Geometry and Computation</AwardTitle>
<AwardEffectiveDate>07/15/2019</AwardEffectiveDate>
<AwardExpirationDate>06/30/2022</AwardExpirationDate>
<AwardTotalIntnAmount>150000.00</AwardTotalIntnAmount>
<AwardAmount>150000</AwardAmount>
<AwardInstrument>
<Value>Standard Grant</Value>
</AwardInstrument>
<Organization>
<Code>03040000</Code>
<Directorate>
<Abbreviation>MPS</Abbreviation>
<LongName>Direct For Mathematical &amp; Physical Scien</LongName>
</Directorate>
<Division>
<Abbreviation>DMS</Abbreviation>
<LongName>Division Of Mathematical Sciences</LongName>
</Division>
</Organization>
<ProgramOfficer>
<SignBlockName>Janet Striuli</SignBlockName>
</ProgramOfficer>
<AbstractNarration>This research focuses on several problems in computational commutative algebra and algebraic geometry. This project is concerned with the study of systems of polynomial equations in several variables. Polynomial equations model many real world phenomena, ranging from robotics motion planning to physics to conservation programs. To each system of polynomial equations, we associate a set of points, called a variety, which correspond to the set of solutions for all the equations. There is a growing body of literature that shows that the computational complexity of the system of polynomial equations has deep connections to the geometry of the associated variety. In nice cases, when the associated variety is smooth, there are well understood bounds limiting the computational complexity. In the worst possible cases, complexity is doubly exponential. Recent work of the PI shows there is a middle ground which is still poorly understood. The goal of this research is to better understand this connection.&lt;br/&gt;&lt;br/&gt;The research aims to attack several open questions concerning projective bounds on syzygies. One goal is to study Rees-Like Algebras, which were essential in the PI's construction of counterexamples to the Eisenbud-Goto Conjecture (joint with I. Peeva), and to relate their properties to the more well-studied Rees Algebras. A second goal is to provide effective bounds on invariants, such as the Castelnuovo-Mumford regularity or the degrees of individual syzygies, in terms of other invariants. All of the projects have a computational flavor and include writing code for Macaulay2, an NSF-sponsored computer algebra system maintained by Grayson and Stillman. &lt;br/&gt;This project is jointly funded by the Algebra and Number Theory program and the Established Program to Stimulate Competitive Research (EPSCoR).&lt;br/&gt;&lt;br/&gt;This award reflects NSF's statutory mission and has been deemed worthy of support through evaluation using the Foundation's intellectual merit and broader impacts review criteria.</AbstractNarration>
<MinAmdLetterDate>07/12/2019</MinAmdLetterDate>
<MaxAmdLetterDate>07/12/2019</MaxAmdLetterDate>
<ARRAAmount/>
<AwardID>1900792</AwardID>
<Investigator>
<FirstName>Jason</FirstName>
<LastName>McCullough</LastName>
<EmailAddress>jmccullo@iastate.edu</EmailAddress>
<StartDate>07/12/2019</StartDate>
<EndDate/>
<RoleCode>Principal Investigator</RoleCode>
</Investigator>
<Institution>
<Name>Iowa State University</Name>
<CityName>AMES</CityName>
<ZipCode>500112207</ZipCode>
<PhoneNumber>5152945225</PhoneNumber>
<StreetAddress>1138 Pearson</StreetAddress>
<CountryName>United States</CountryName>
<StateName>Iowa</StateName>
<StateCode>IA</StateCode>
</Institution>
<ProgramElement>
<Code>1264</Code>
<Text>ALGEBRA,NUMBER THEORY,AND COM</Text>
</ProgramElement>
<ProgramElement>
<Code>9150</Code>
<Text>EPSCoR Co-Funding</Text>
</ProgramElement>
<ProgramReference>
<Code>9150</Code>
<Text>EXP PROG TO STIM COMP RES</Text>
</ProgramReference>
</Award>
</rootTag>
