<?xml version="1.0" encoding="UTF-8"?>
<rootTag>
<Award>
<AwardTitle>New Cycloaddition and Annulation Strategies for Organic Synthesis</AwardTitle>
<AwardEffectiveDate>08/01/2019</AwardEffectiveDate>
<AwardExpirationDate>07/31/2022</AwardExpirationDate>
<AwardTotalIntnAmount>485000.00</AwardTotalIntnAmount>
<AwardAmount>485000</AwardAmount>
<AwardInstrument>
<Value>Standard Grant</Value>
</AwardInstrument>
<Organization>
<Code>03090000</Code>
<Directorate>
<Abbreviation>MPS</Abbreviation>
<LongName>Direct For Mathematical &amp; Physical Scien</LongName>
</Directorate>
<Division>
<Abbreviation>CHE</Abbreviation>
<LongName>Division Of Chemistry</LongName>
</Division>
</Organization>
<ProgramOfficer>
<SignBlockName>Jin Cha</SignBlockName>
</ProgramOfficer>
<AbstractNarration>With this award, the Chemical Synthesis Program of the Division of Chemistry is supporting the research of Professor Rick L. Danheiser of the Department of Chemistry at the Massachusetts Institute of Technology. In this research program, Professor Danheiser and his students are developing new methods for the chemical synthesis of cyclic organic molecules that are incorporated in the chemical structures of numerous biologically-important compounds. The development of highly efficient methods for the synthesis of these molecules has great value in providing improved access to compounds with important applications in medicine, materials chemistry, agriculture and electronics. The goal of this research program is the development of new synthetic strategies with the power to dramatically streamline the synthesis of these classes of compounds. The utility of these new methods is being demonstrated by their application to the synthesis of several naturally-occurring compounds that have activity as antitumor agents, but which are not available in large quantities from their sources in nature. The graduate students supported under this grant serve as coordinators for the MIT Outreach Program, which each year visits about 25 high schools in the New England region providing presentations on chemistry and careers in science. Approximately 1,200-1,500 high school students attend these presentations each year, with up to 50% of the students being members of underrepresented minority groups.  Dr. Danheiser is also a recognized leader in chemical safety.&lt;br/&gt;&lt;br/&gt;This research advances the ability of chemists to develop efficient syntheses of several important classes of organic compounds including polycyclic aromatic molecules and heterocyclic systems such as indoles and pyridines. The methods under investigation involve mechanistically novel transformations.  These studies are furthering the understanding of the chemistry of unusual reactive species such as strained cyclic allenes and alkynes, vinylketenes, vinylallenes, and several other classes of highly unsaturated conjugated molecules. From the perspective of sustainability, the methodology under development has several attractive features. Most of the methods are highly atom economical, i.e., all of the atoms of the reactants are incorporated in the products, minimizing the generation of chemical waste. In addition, most of the new cycloadditions are triggered simply by heat or light, avoiding the need for even catalytic amounts of reagents (especially heavy metal catalysts). Synthesis is often described as the "enabling technology" of chemistry. The synthetic methods provide researchers in both academia and industry with new tools to design and make heterocyclic compounds with applications in medicine, agriculture, electronics, and other areas. The graduate students supported under this program receive training to develop their skills as synthetic chemists, in scientific ethics, and in developing their oral and written communication skills.&lt;br/&gt;&lt;br/&gt;This award reflects NSF's statutory mission and has been deemed worthy of support through evaluation using the Foundation's intellectual merit and broader impacts review criteria.</AbstractNarration>
<MinAmdLetterDate>05/22/2019</MinAmdLetterDate>
<MaxAmdLetterDate>05/22/2019</MaxAmdLetterDate>
<ARRAAmount/>
<AwardID>1900391</AwardID>
<Investigator>
<FirstName>Rick</FirstName>
<LastName>Danheiser</LastName>
<EmailAddress>danheisr@mit.edu</EmailAddress>
<StartDate>05/22/2019</StartDate>
<EndDate/>
<RoleCode>Principal Investigator</RoleCode>
</Investigator>
<Institution>
<Name>Massachusetts Institute of Technology</Name>
<CityName>Cambridge</CityName>
<ZipCode>021394301</ZipCode>
<PhoneNumber>6172531000</PhoneNumber>
<StreetAddress>77 MASSACHUSETTS AVE</StreetAddress>
<CountryName>United States</CountryName>
<StateName>Massachusetts</StateName>
<StateCode>MA</StateCode>
</Institution>
<ProgramElement>
<Code>6878</Code>
<Text>Chemical Synthesis</Text>
</ProgramElement>
<ProgramReference>
<Code>8037</Code>
<Text>Advanced Manufacturing</Text>
</ProgramReference>
<ProgramReference>
<Code>8650</Code>
<Text>Sustainable Chemistry</Text>
</ProgramReference>
</Award>
</rootTag>
