<?xml version="1.0" encoding="UTF-8"?>
<rootTag>
<Award>
<AwardTitle>Southeastern Analysis Meeting (SEAM 35)</AwardTitle>
<AwardEffectiveDate>01/15/2019</AwardEffectiveDate>
<AwardExpirationDate>12/31/2019</AwardExpirationDate>
<AwardTotalIntnAmount>31174.00</AwardTotalIntnAmount>
<AwardAmount>31174</AwardAmount>
<AwardInstrument>
<Value>Standard Grant</Value>
</AwardInstrument>
<Organization>
<Code>03040000</Code>
<Directorate>
<Abbreviation>MPS</Abbreviation>
<LongName>Direct For Mathematical &amp; Physical Scien</LongName>
</Directorate>
<Division>
<Abbreviation>DMS</Abbreviation>
<LongName>Division Of Mathematical Sciences</LongName>
</Division>
</Organization>
<ProgramOfficer>
<SignBlockName>Pamela Gorkin</SignBlockName>
</ProgramOfficer>
<AbstractNarration>This award supports participation in the conference "Southeastern Analysis Meeting (SEAM 35)" held March 15-17, 2019 at the University of Alabama in Tuscaloosa, Alabama.  The conference focuses on recent developments in analysis, especially in the fields of harmonic analysis, complex analysis, and operator theory.  One topic discussed will be the relation between operator theoretic inequalities and isoperimetric type inequalities.  Other speakers will discuss rational functions on the bidisc, a topic with connections to function theory, control engineering, and electrical engineering.  Another subject will be inner functions and zero sets for spaces of analytic functions.  A further topic is Leibniz type rules and bilinear estimates and their applications in analysis and partial differential equations.  In all, there will be six plenary talks; other participants have the opportunity to present twenty-minute contributed talks.&lt;br/&gt;&lt;br/&gt;Several distinguished mathematicians have agreed to attend and speak at this conference.  This award gives early career researchers, members of underrepresented groups, and researchers without other sources of grant support an opportunity to attend and participate in this conference and to interact with other researchers.  The organizing committee will make this funding opportunity known through a number of different activities.  More information is available at the conference web page: https://math.ua.edu/conferences/seam-35/.&lt;br/&gt;&lt;br/&gt;This award reflects NSF's statutory mission and has been deemed worthy of support through evaluation using the Foundation's intellectual merit and broader impacts review criteria.</AbstractNarration>
<MinAmdLetterDate>12/11/2018</MinAmdLetterDate>
<MaxAmdLetterDate>12/11/2018</MaxAmdLetterDate>
<ARRAAmount/>
<AwardID>1900600</AwardID>
<Investigator>
<FirstName>Oleksandra</FirstName>
<LastName>Beznosova</LastName>
<EmailAddress>ovbeznosova@ua.edu</EmailAddress>
<StartDate>12/11/2018</StartDate>
<EndDate/>
<RoleCode>Co-Principal Investigator</RoleCode>
</Investigator>
<Investigator>
<FirstName>Timothy</FirstName>
<LastName>Ferguson</LastName>
<EmailAddress>tjferguson1@ua.edu</EmailAddress>
<StartDate>12/11/2018</StartDate>
<EndDate/>
<RoleCode>Principal Investigator</RoleCode>
</Investigator>
<Institution>
<Name>University of Alabama Tuscaloosa</Name>
<CityName>Tuscaloosa</CityName>
<ZipCode>354870001</ZipCode>
<PhoneNumber>2053485152</PhoneNumber>
<StreetAddress>801 University Blvd.</StreetAddress>
<CountryName>United States</CountryName>
<StateName>Alabama</StateName>
<StateCode>AL</StateCode>
</Institution>
<ProgramElement>
<Code>1281</Code>
<Text>ANALYSIS PROGRAM</Text>
</ProgramElement>
<ProgramReference>
<Code>7556</Code>
<Text>CONFERENCE AND WORKSHOPS</Text>
</ProgramReference>
<ProgramReference>
<Code>9150</Code>
<Text>EXP PROG TO STIM COMP RES</Text>
</ProgramReference>
</Award>
</rootTag>
