<?xml version="1.0" encoding="UTF-8"?>
<rootTag>
<Award>
<AwardTitle>Boundary Problems of Kinetic Theory</AwardTitle>
<AwardEffectiveDate>07/15/2019</AwardEffectiveDate>
<AwardExpirationDate>06/30/2022</AwardExpirationDate>
<AwardTotalIntnAmount>180000.00</AwardTotalIntnAmount>
<AwardAmount>180000</AwardAmount>
<AwardInstrument>
<Value>Standard Grant</Value>
</AwardInstrument>
<Organization>
<Code>03040000</Code>
<Directorate>
<Abbreviation>MPS</Abbreviation>
<LongName>Direct For Mathematical &amp; Physical Scien</LongName>
</Directorate>
<Division>
<Abbreviation>DMS</Abbreviation>
<LongName>Division Of Mathematical Sciences</LongName>
</Division>
</Organization>
<ProgramOfficer>
<SignBlockName>Marian Bocea</SignBlockName>
</ProgramOfficer>
<AbstractNarration>The kinetic theory on rarefied particles have played an important role in the understanding of problems in gas dynamics, plasma physics, and fluid equations.  In many physical situations (for example, plasma in tokamak fusion reactor), the particles interact with boundaries and their interaction affects global dynamics significantly.  Singular behavior of particle distribution near the boundary is major difficulty in both mathematical understanding and the experiment.  This project aims to develop new mathematical tools to handle these problems and answer several fundamental questions. &lt;br/&gt;&lt;br/&gt;This research project studies several important boundary problems arising in kinetic models and fluid equations.  In particular, the PI plans to study regularity property of the Vlasov-Maxwell-Boltzmann system with boundary conditions.  The equation is nonlinear, nonlocal, and degenerated dissipative coupled with hyperbolic equation (wave equation).  Due to the characteristics boundary condition, the solutions are singular in general.  Successful investigations for the proposal would mark a significant development in the PDE theory with singularity.  Results of the project are expected to improve modeling capabilities for a wide range of problems of interest to other scientists and engineers.&lt;br/&gt;&lt;br/&gt;This award reflects NSF's statutory mission and has been deemed worthy of support through evaluation using the Foundation's intellectual merit and broader impacts review criteria.</AbstractNarration>
<MinAmdLetterDate>07/05/2019</MinAmdLetterDate>
<MaxAmdLetterDate>07/05/2019</MaxAmdLetterDate>
<ARRAAmount/>
<AwardID>1900923</AwardID>
<Investigator>
<FirstName>Chanwoo</FirstName>
<LastName>Kim</LastName>
<EmailAddress>ckim@math.wisc.edu</EmailAddress>
<StartDate>07/05/2019</StartDate>
<EndDate/>
<RoleCode>Principal Investigator</RoleCode>
</Investigator>
<Institution>
<Name>University of Wisconsin-Madison</Name>
<CityName>MADISON</CityName>
<ZipCode>537151218</ZipCode>
<PhoneNumber>6082623822</PhoneNumber>
<StreetAddress>21 North Park Street</StreetAddress>
<CountryName>United States</CountryName>
<StateName>Wisconsin</StateName>
<StateCode>WI</StateCode>
</Institution>
<ProgramElement>
<Code>1281</Code>
<Text>ANALYSIS PROGRAM</Text>
</ProgramElement>
</Award>
</rootTag>
