<?xml version="1.0" encoding="UTF-8"?>
<rootTag>
<Award>
<AwardTitle>CIF: Medium: Collaborative Research: Information-theoretic Guarantees on Privacy in the Age of Learning</AwardTitle>
<AwardEffectiveDate>06/01/2019</AwardEffectiveDate>
<AwardExpirationDate>05/31/2023</AwardExpirationDate>
<AwardTotalIntnAmount>383000.00</AwardTotalIntnAmount>
<AwardAmount>32534</AwardAmount>
<AwardInstrument>
<Value>Continuing grant</Value>
</AwardInstrument>
<Organization>
<Code>05010000</Code>
<Directorate>
<Abbreviation>CSE</Abbreviation>
<LongName>Direct For Computer &amp; Info Scie &amp; Enginr</LongName>
</Directorate>
<Division>
<Abbreviation>CCF</Abbreviation>
<LongName>Division of Computing and Communication Foundations</LongName>
</Division>
</Organization>
<ProgramOfficer>
<SignBlockName>Phillip Regalia</SignBlockName>
</ProgramOfficer>
<AbstractNarration>Armed with powerful advances in machine learning, the ability of an interested party to gather personal information from an individual's expanding digital footprint is outstripping anyone's capability to keep their information private. While this aggregated data can have tremendous benefit for consumers and data scientists via technologies built on machine learning and artificial intelligence, this benefit must be tempered with meaningful assurances of privacy for the very people who provided the data in the first place. This project adopts a rigorous information-theoretic approach to give meaningful privacy guarantees while still providing statistical utility. By combining theoretical and data-driven research, this project can inform public policy as well as best-practices for industry. The overall goal is to provide any data scientist with a set of tools to guarantee meaningful privacy in practice. To do so, this project explores meaningful measures of privacy leakage in the learning context, characterizes the fundamental tradeoffs between privacy and utility, develops techniques to ensure privacy in realistic settings, and tests these algorithms on publicly available datasets. The project is also committed to broadening participation in computing via two outreach efforts: (i) interactive demonstrations of privacy issues that stem from using social media to middle and high school students via ASU's annual STEM event, Open Door, and (ii) teaching modules on machine learning (ML) and artificial intelligence (AI), and short courses ("data jams") at ASU via the Young Engineers Shape the World (YESW) summer program and at Harvard; these modules, targeted at female, financially disadvantaged, and Latino and Hispanic students, aim to make a meaningful contribution to increasing a diverse STEM workforce by providing students hands-on experience on basic concepts of coding, manipulating datasets, and producing simple visualizations collectively. Outreach efforts will be evaluated using well understood metrics for assessment of student interest, engagement, and knowledge via ASU?s College Research and Evaluation Services Team (CREST).&lt;br/&gt;&lt;br/&gt;This project aims to derive a foundational, statistical theory of privacy that builds upon and contributes to modern theoretical advances in information theory and machine learning. The statistical nature of inference (both for legitimate and illegitimate ends) requires a statistical approach to measuring and ensuring privacy and utility. A significant novel element derived from this view is the maximal alpha leakage, a new, tunable measure for information leakage which quantifies the ability of an adversary to learn any function of private data via a parametric class of loss functions. This tunable measure is derived from a rich information-theoretic framework based on Renyi divergence, thereby uniting disparate existing measures under a single framework. Moreover, its operational significance and computational flexibility allow for natural application in machine learning. In the context of these measures, this project studies privacy-utility tradeoffs both theoretically and in a data-driven manner in two distinct settings: (i) releasing datasets in a similar form as the original, with privacy and strict utility guarantees for arbitrary statistical analysis, and (ii) releasing privacy-guaranteed data representations for specific learning tasks. Broader dissemination of the work will go beyond conferences to organizing a privacy workshop in the latter half of the project to enable inter-disciplinary interactions and application.&lt;br/&gt;&lt;br/&gt;This award reflects NSF's statutory mission and has been deemed worthy of support through evaluation using the Foundation's intellectual merit and broader impacts review criteria.</AbstractNarration>
<MinAmdLetterDate>05/30/2019</MinAmdLetterDate>
<MaxAmdLetterDate>05/30/2019</MaxAmdLetterDate>
<ARRAAmount/>
<AwardID>1900750</AwardID>
<Investigator>
<FirstName>Flavio</FirstName>
<LastName>Calmon</LastName>
<EmailAddress>flavio@seas.harvard.edu</EmailAddress>
<StartDate>05/30/2019</StartDate>
<EndDate/>
<RoleCode>Principal Investigator</RoleCode>
</Investigator>
<Institution>
<Name>Harvard University</Name>
<CityName>Cambridge</CityName>
<ZipCode>021385369</ZipCode>
<PhoneNumber>6174955501</PhoneNumber>
<StreetAddress>1033 MASSACHUSETTS AVE</StreetAddress>
<CountryName>United States</CountryName>
<StateName>Massachusetts</StateName>
<StateCode>MA</StateCode>
</Institution>
<ProgramElement>
<Code>7797</Code>
<Text>Comm &amp; Information Foundations</Text>
</ProgramElement>
<ProgramReference>
<Code>7924</Code>
<Text>MEDIUM PROJECT</Text>
</ProgramReference>
<ProgramReference>
<Code>7935</Code>
<Text>COMM &amp; INFORMATION THEORY</Text>
</ProgramReference>
</Award>
</rootTag>
