<?xml version="1.0" encoding="UTF-8"?>
<rootTag>
<Award>
<AwardTitle>RI: Medium: End-to-end Computational Sensing</AwardTitle>
<AwardEffectiveDate>07/15/2019</AwardEffectiveDate>
<AwardExpirationDate>06/30/2023</AwardExpirationDate>
<AwardTotalIntnAmount>1200000.00</AwardTotalIntnAmount>
<AwardAmount>299267</AwardAmount>
<AwardInstrument>
<Value>Continuing grant</Value>
</AwardInstrument>
<Organization>
<Code>05020000</Code>
<Directorate>
<Abbreviation>CSE</Abbreviation>
<LongName>Direct For Computer &amp; Info Scie &amp; Enginr</LongName>
</Directorate>
<Division>
<Abbreviation>IIS</Abbreviation>
<LongName>Div Of Information &amp; Intelligent Systems</LongName>
</Division>
</Organization>
<ProgramOfficer>
<SignBlockName>Jie Yang</SignBlockName>
</ProgramOfficer>
<AbstractNarration>Animals see in many different ways. This is especially true in invertebrates and small reptiles, where evolution has produced vision systems that are particularly small, specialized, and efficient. Mimicking this specialized efficiency requires what engineers call "computational sensors," meaning sensors whose optics and algorithms work synergistically to improve accuracy while reducing sensor size and power requirements. This project will explore the creation of a new generation of visual sensors that use metasurfaces for their optics. Metasurfaces are ultrathin translucent sheets patterned with nanoscale structures that are tailored to interact with light in specific ways. In addition to being smaller and lighter than conventional optics, they allow unprecedented control of light's various properties, including phase, spectrum, and polarization. The project will create mathematical tools and software tools that allow engineers to create new visual sensors using metasurfaces. It will also use these tools to create prototypes of small visual sensors that mimick the depth-sensing capabilities of jumping spiders, which are remarkably small and efficient.&lt;br/&gt;&lt;br/&gt;The project will increase the variety of optics that can be considered during sensor design. It will also enable new optics to be learned automatically instead of having to be manually designed. Both of these will follow from the unified consideration of optics and computation, which this project will accomplish by treating metasurfaces as optical processing layers that precede the usual computational layers of a feed-forward network. The project will create mathematical tools that allow metasurface shapes to be optimized by back-propagation, in conjunction with optimizing the parameters and hyper-parameters of post-capture computations. At the systems level, the project will produce prototypes of passive snapshot depth sensors and snapshot RGBD sensors that are very small and power efficient. These sensors will use thin, millimeter-diameter metasurfaces and minimal amounts of post-capture computation.&lt;br/&gt;&lt;br/&gt;This award reflects NSF's statutory mission and has been deemed worthy of support through evaluation using the Foundation's intellectual merit and broader impacts review criteria.</AbstractNarration>
<MinAmdLetterDate>07/15/2019</MinAmdLetterDate>
<MaxAmdLetterDate>07/15/2019</MaxAmdLetterDate>
<ARRAAmount/>
<AwardID>1900847</AwardID>
<Investigator>
<FirstName>Federico</FirstName>
<LastName>Capasso</LastName>
<EmailAddress>capasso@seas.harvard.edu</EmailAddress>
<StartDate>07/15/2019</StartDate>
<EndDate/>
<RoleCode>Co-Principal Investigator</RoleCode>
</Investigator>
<Investigator>
<FirstName>Todd</FirstName>
<LastName>Zickler</LastName>
<EmailAddress>zickler@eecs.harvard.edu</EmailAddress>
<StartDate>07/15/2019</StartDate>
<EndDate/>
<RoleCode>Principal Investigator</RoleCode>
</Investigator>
<Institution>
<Name>Harvard University</Name>
<CityName>Cambridge</CityName>
<ZipCode>021385369</ZipCode>
<PhoneNumber>6174955501</PhoneNumber>
<StreetAddress>1033 MASSACHUSETTS AVE</StreetAddress>
<CountryName>United States</CountryName>
<StateName>Massachusetts</StateName>
<StateCode>MA</StateCode>
</Institution>
<ProgramElement>
<Code>7495</Code>
<Text>Robust Intelligence</Text>
</ProgramElement>
<ProgramReference>
<Code>7495</Code>
<Text>ROBUST INTELLIGENCE</Text>
</ProgramReference>
<ProgramReference>
<Code>7924</Code>
<Text>MEDIUM PROJECT</Text>
</ProgramReference>
</Award>
</rootTag>
