<?xml version="1.0" encoding="UTF-8"?>
<rootTag>
<Award>
<AwardTitle>Collaborative Research:  An Investigation into Daytime HONO Chemistry in the Marine Boundary Layer</AwardTitle>
<AwardEffectiveDate>08/22/2018</AwardEffectiveDate>
<AwardExpirationDate>08/31/2021</AwardExpirationDate>
<AwardTotalIntnAmount>259829.00</AwardTotalIntnAmount>
<AwardAmount>298923</AwardAmount>
<AwardInstrument>
<Value>Standard Grant</Value>
</AwardInstrument>
<Organization>
<Code>06020104</Code>
<Directorate>
<Abbreviation>GEO</Abbreviation>
<LongName>Directorate For Geosciences</LongName>
</Directorate>
<Division>
<Abbreviation>AGS</Abbreviation>
<LongName>Div Atmospheric &amp; Geospace Sciences</LongName>
</Division>
</Organization>
<ProgramOfficer>
<SignBlockName>Sylvia Edgerton</SignBlockName>
</ProgramOfficer>
<AbstractNarration>The amount of reactive nitrogen in the gas phase has a significant impact on the oxidative capacity of the atmosphere. In the terrestrial boundary layer (TBL), gas phase nitrous acid (HONO) is produced by various mechanisms from reactions of precursors like nitrogen oxides (NOx) and nitric acid (HNO3) on surfaces. These processes, which recycle deposited HNO3 to photochemically reactive nitrogen species, such as HONO, are often called "renoxification." In the marine boundary layer (MBL), ocean waves produce sea salt aerosols that are highly enriched in organic matter and nitrate. These particles may serve as reactive media for photochemical and heterogeneous reactions leading to HONO formation. However, the distribution and the chemistry of HONO in marine environments are not well understood, with only a few field measurements of HONO reported in the MBL to date. This project aims to investigate renoxification resulting from rapid photolysis of particulate nitrate associated with sea-salt aerosol as a source of HONO. Work includes a series of field measurements, laboratory experiments and model simulations.&lt;br/&gt;&lt;br/&gt;Specifically, researchers will: &lt;br/&gt;1) Conduct measurements at Tudor Hill Marine Atmospheric Observatory in Bermuda and establish the temporal distribution of HONO in the MBL in spring and late summer of 2019. Work will include collecting meteorological parameters and measurements of pNO3, HNO3, NOx, aerosol loading, aerosol ionic components (NO3-, Cl-, SO42-, Na+, Mg2+, and Ca2+), O3, and VOCs.&lt;br/&gt;2) Collect aerosol samples and use them to conduct photochemical experiments in the laboratory for the determination of the photolysis rate constant of pNO3 leading to HONO and NO2 productions.&lt;br/&gt;3) Conduct box and 3D chemical transport model simulations to examine pNO3 photolysis as a HONO source and as a renoxification pathway, and to evaluate the role of this process in oxidant production in the MBL.&lt;br/&gt;&lt;br/&gt;This award reflects NSF's statutory mission and has been deemed worthy of support through evaluation using the Foundation's intellectual merit and broader impacts review criteria.</AbstractNarration>
<MinAmdLetterDate>10/23/2018</MinAmdLetterDate>
<MaxAmdLetterDate>04/12/2019</MaxAmdLetterDate>
<ARRAAmount/>
<AwardID>1900795</AwardID>
<Investigator>
<FirstName>Yasin</FirstName>
<LastName>Elshorbany</LastName>
<EmailAddress>elshorbany@mail.usf.edu</EmailAddress>
<StartDate>10/23/2018</StartDate>
<EndDate/>
<RoleCode>Principal Investigator</RoleCode>
</Investigator>
<Institution>
<Name>University of South Florida</Name>
<CityName>Tampa</CityName>
<ZipCode>336172008</ZipCode>
<PhoneNumber>8139742897</PhoneNumber>
<StreetAddress>4019 E. Fowler Avenue</StreetAddress>
<CountryName>United States</CountryName>
<StateName>Florida</StateName>
<StateCode>FL</StateCode>
</Institution>
<ProgramElement>
<Code>1524</Code>
<Text>Atmospheric Chemistry</Text>
</ProgramElement>
</Award>
</rootTag>
