<?xml version="1.0" encoding="UTF-8"?>
<rootTag>
<Award>
<AwardTitle>CNS Core: Medium: Collaborative Research: Persistent memory objects for consistent sharing in Non-Volatile Main Memories</AwardTitle>
<AwardEffectiveDate>10/01/2019</AwardEffectiveDate>
<AwardExpirationDate>09/30/2022</AwardExpirationDate>
<AwardTotalIntnAmount>509679.00</AwardTotalIntnAmount>
<AwardAmount>331799</AwardAmount>
<AwardInstrument>
<Value>Continuing grant</Value>
</AwardInstrument>
<Organization>
<Code>05050000</Code>
<Directorate>
<Abbreviation>CSE</Abbreviation>
<LongName>Direct For Computer &amp; Info Scie &amp; Enginr</LongName>
</Directorate>
<Division>
<Abbreviation>CNS</Abbreviation>
<LongName>Division Of Computer and Network Systems</LongName>
</Division>
</Organization>
<ProgramOfficer>
<SignBlockName>Samee Khan</SignBlockName>
</ProgramOfficer>
<AbstractNarration>The continual performance growth of data center servers is critical to the nation's economic competitiveness and as a catalyst for progress in scientific endeavors. Two important data center components are the main memory, which has fast access but can only store data temporarily, and storage, which keeps data permanently but suffers from slow access. Recent technology advances have brought in a new non-volatile memory, now commercially available, that can both host permanent data and be accessed quickly. However, to reach its potential, utilizing these new memory technologies requires rethinking of how data should be persistently and efficiently stored.&lt;br/&gt; &lt;br/&gt;This proposal describes a new abstraction for storing persistent data in non-volatile memory: hyperfiles, which are long lived, provide fast access, and can be quickly attached to and detached from a process address space. Hyperfiles provide naming and permission characteristics similar to (but faster than) files, and speed closer to memory. They are accessed directly through loads/stores to avoid system call overhead. This project also investigates new sharing semantics for hyperfiles, allowing non-cooperating processes to share them simultaneously and safely, while keeping the crash recovery property. Architecture support to accelerate hyperfile sharing will also be designed and evaluated.&lt;br/&gt; &lt;br/&gt;This project will enable fast access to persistent data by reducing overheads inherent in file access, and will enable more concurrent use of data through strong sharing semantics. Big-data workloads becoming common across all industries will either perform better or require fewer resources. The software and prototyping artifacts produced will enable other researchers to further enhance the design, and to adapt workloads to take advantage of the hyperfile abstraction. The education and outreach components of this plan will train the next generation of programmers on use of persistent memory, and will encourage underrepresented students to join the next generation of programmers.&lt;br/&gt; &lt;br/&gt;The project will maintain data, code, results, publications, and simulator artifacts for the duration of the project plus five years afterward. Each artifact will be released as it reaches sufficient maturity. They will be posted at: https://sites.google.com/view/hyperfile.&lt;br/&gt;&lt;br/&gt;This award reflects NSF's statutory mission and has been deemed worthy of support through evaluation using the Foundation's intellectual merit and broader impacts review criteria.</AbstractNarration>
<MinAmdLetterDate>07/19/2019</MinAmdLetterDate>
<MaxAmdLetterDate>07/19/2019</MaxAmdLetterDate>
<ARRAAmount/>
<AwardID>1900758</AwardID>
<Investigator>
<FirstName>Michael</FirstName>
<LastName>Swift</LastName>
<EmailAddress>swift@cs.wisc.edu</EmailAddress>
<StartDate>07/19/2019</StartDate>
<EndDate/>
<RoleCode>Principal Investigator</RoleCode>
</Investigator>
<Institution>
<Name>University of Wisconsin-Madison</Name>
<CityName>MADISON</CityName>
<ZipCode>537151218</ZipCode>
<PhoneNumber>6082623822</PhoneNumber>
<StreetAddress>21 North Park Street</StreetAddress>
<CountryName>United States</CountryName>
<StateName>Wisconsin</StateName>
<StateCode>WI</StateCode>
</Institution>
<ProgramElement>
<Code>7354</Code>
<Text>CSR-Computer Systems Research</Text>
</ProgramElement>
<ProgramReference>
<Code>7924</Code>
<Text>MEDIUM PROJECT</Text>
</ProgramReference>
</Award>
</rootTag>
