<?xml version="1.0" encoding="UTF-8"?>
<rootTag>
<Award>
<AwardTitle>Dynamics and Kleinian Groups</AwardTitle>
<AwardEffectiveDate>07/01/2019</AwardEffectiveDate>
<AwardExpirationDate>06/30/2024</AwardExpirationDate>
<AwardTotalIntnAmount>531000.00</AwardTotalIntnAmount>
<AwardAmount>111649</AwardAmount>
<AwardInstrument>
<Value>Continuing grant</Value>
</AwardInstrument>
<Organization>
<Code>03040000</Code>
<Directorate>
<Abbreviation>MPS</Abbreviation>
<LongName>Direct For Mathematical &amp; Physical Scien</LongName>
</Directorate>
<Division>
<Abbreviation>DMS</Abbreviation>
<LongName>Division Of Mathematical Sciences</LongName>
</Division>
</Organization>
<ProgramOfficer>
<SignBlockName>Marian Bocea</SignBlockName>
</ProgramOfficer>
<AbstractNarration>The three-dimensional hyperbolic space can be modeled by the upper half space of the three-dimensional Euclidean space, where the shortest path between two points is either along a vertical line or a vertical semi-circle. The boundary of this space is the plane together with the point at infinity. Most often the trajectory of a collection of symmetries in this space accumulates on a fractal on the plane, the study of which is related to dynamics of flows on the hyperbolic manifold, given by the quotient of the hyperbolic three space by the symmetry group. One beautiful example of such fractals is the Apollonian gasket which is constructed by a theorem proven by the ancient Greek geometer Apollonius. Fractals are abundant in nature as can be seen in the coastlines, ocean waves, Romanesco cauliflowers, etc.  A drop of oil in soy sauce creates a circle packing akin to the Apollonian gasket. This project is expected to be of value in interpreting the structure of fractals arising in nature.&lt;br/&gt;&lt;br/&gt;Whereas most of hyperbolic three manifolds have infinite volume, the dynamical rigidity properties of hyperbolic manifolds have been investigated mostly for finite volume cases. The project concerns with dynamics on infinite volume hyperbolic manifolds, which turn out to be quite a rich theory and has several deep and striking applications. This project involves new interactions between hyperbolic geometry, Kleinian groups, ergodic theory and number theory. Investigating this new territory requires many new ideas both from geometry and dynamics and opens up new interactions between these fields.&lt;br/&gt;&lt;br/&gt;This award reflects NSF's statutory mission and has been deemed worthy of support through evaluation using the Foundation's intellectual merit and broader impacts review criteria.</AbstractNarration>
<MinAmdLetterDate>05/14/2019</MinAmdLetterDate>
<MaxAmdLetterDate>05/14/2019</MaxAmdLetterDate>
<ARRAAmount/>
<AwardID>1900101</AwardID>
<Investigator>
<FirstName>Hee</FirstName>
<LastName>Oh</LastName>
<EmailAddress>hee.oh@yale.edu</EmailAddress>
<StartDate>05/14/2019</StartDate>
<EndDate/>
<RoleCode>Principal Investigator</RoleCode>
</Investigator>
<Institution>
<Name>Yale University</Name>
<CityName>New Haven</CityName>
<ZipCode>065208327</ZipCode>
<PhoneNumber>2037854689</PhoneNumber>
<StreetAddress>Office of Sponsored Projects</StreetAddress>
<CountryName>United States</CountryName>
<StateName>Connecticut</StateName>
<StateCode>CT</StateCode>
</Institution>
<ProgramElement>
<Code>1264</Code>
<Text>ALGEBRA,NUMBER THEORY,AND COM</Text>
</ProgramElement>
<ProgramElement>
<Code>1265</Code>
<Text>GEOMETRIC ANALYSIS</Text>
</ProgramElement>
<ProgramElement>
<Code>1281</Code>
<Text>ANALYSIS PROGRAM</Text>
</ProgramElement>
</Award>
</rootTag>
