<?xml version="1.0" encoding="UTF-8"?>
<rootTag>
<Award>
<AwardTitle>SHF: Medium: Collaborative Research: Bridging Automated Formal Reasoning and Continuous Optimization for Provably Safe Deep Learning</AwardTitle>
<AwardEffectiveDate>07/01/2019</AwardEffectiveDate>
<AwardExpirationDate>06/30/2023</AwardExpirationDate>
<AwardTotalIntnAmount>494745.00</AwardTotalIntnAmount>
<AwardAmount>494745</AwardAmount>
<AwardInstrument>
<Value>Standard Grant</Value>
</AwardInstrument>
<Organization>
<Code>05010000</Code>
<Directorate>
<Abbreviation>CSE</Abbreviation>
<LongName>Direct For Computer &amp; Info Scie &amp; Enginr</LongName>
</Directorate>
<Division>
<Abbreviation>CCF</Abbreviation>
<LongName>Division of Computing and Communication Foundations</LongName>
</Division>
</Organization>
<ProgramOfficer>
<SignBlockName>Nina Amla</SignBlockName>
</ProgramOfficer>
<AbstractNarration>Deep neural networks have emerged as a transformative computing technology in the last few years. However, as illustrated by recent research on adversarial machine learning,  they can behave in obviously erroneous ways on anomalous or adversarial inputs and cannot be debugged using traditional software development methods.  Thus, there is an urgent need for developing formal methods techniques that can assure the safety of neural networks, particularly in safety- or security-critical application domains. Motivated by this problem, this project investigates automated formal reasoning techniques for provably safe deep learning. &lt;br/&gt;&lt;br/&gt;In particular, the investigators explore verification methods for certifying robustness properties of trained networks as well as new verified training methods for finding network parameters that are safe by construction.  The technical approach closely couples techniques for automated formal reasoning about systems (in particular abstraction) and continuous optimization. In particular, the project explores the use of automated abstraction techniques, originally developed for reasoning about human-written programs, in the analysis of neural networks. The project investigates the coupling of abstraction and gradient-based optimization in searching for correctness proofs and network parameters. The project introduces undergraduate and high school students from underrepresented groups to research on programming languages and formal methods through outreach programs centered around the topics on artificial intelligence.&lt;br/&gt;&lt;br/&gt;This award reflects NSF's statutory mission and has been deemed worthy of support through evaluation using the Foundation's intellectual merit and broader impacts review criteria.</AbstractNarration>
<MinAmdLetterDate>05/06/2019</MinAmdLetterDate>
<MaxAmdLetterDate>05/06/2019</MaxAmdLetterDate>
<ARRAAmount/>
<AwardID>1901376</AwardID>
<Investigator>
<FirstName>Isil</FirstName>
<LastName>Dillig</LastName>
<EmailAddress>isil@cs.utexas.edu</EmailAddress>
<StartDate>05/06/2019</StartDate>
<EndDate/>
<RoleCode>Principal Investigator</RoleCode>
</Investigator>
<Institution>
<Name>University of Texas at Austin</Name>
<CityName>Austin</CityName>
<ZipCode>787595316</ZipCode>
<PhoneNumber>5124716424</PhoneNumber>
<StreetAddress>3925 W Braker Lane, Ste 3.340</StreetAddress>
<CountryName>United States</CountryName>
<StateName>Texas</StateName>
<StateCode>TX</StateCode>
</Institution>
<ProgramElement>
<Code>7798</Code>
<Text>Software &amp; Hardware Foundation</Text>
</ProgramElement>
<ProgramReference>
<Code>7924</Code>
<Text>MEDIUM PROJECT</Text>
</ProgramReference>
<ProgramReference>
<Code>8206</Code>
<Text>Formal Methods and Verification</Text>
</ProgramReference>
<ProgramReference>
<Code>9102</Code>
<Text>WOMEN, MINORITY, DISABLED, NEC</Text>
</ProgramReference>
</Award>
</rootTag>
