<?xml version="1.0" encoding="UTF-8"?>
<rootTag>
<Award>
<AwardTitle>CNS Core: Large: Collaborative Research: Network Design Automation</AwardTitle>
<AwardEffectiveDate>07/01/2019</AwardEffectiveDate>
<AwardExpirationDate>06/30/2023</AwardExpirationDate>
<AwardTotalIntnAmount>1999404.00</AwardTotalIntnAmount>
<AwardAmount>510981</AwardAmount>
<AwardInstrument>
<Value>Continuing grant</Value>
</AwardInstrument>
<Organization>
<Code>05050000</Code>
<Directorate>
<Abbreviation>CSE</Abbreviation>
<LongName>Direct For Computer &amp; Info Scie &amp; Enginr</LongName>
</Directorate>
<Division>
<Abbreviation>CNS</Abbreviation>
<LongName>Division Of Computer and Network Systems</LongName>
</Division>
</Organization>
<ProgramOfficer>
<SignBlockName>Darleen Fisher</SignBlockName>
</ProgramOfficer>
<AbstractNarration>When we use Office365, Amazon, or Facebook, we access a world of rich services via a network. Network reliability is paramount for business, science, and government because downtime affects productivity, economic output, and social communication. However, reliability is difficult to achieve in the face of component failure, manual configuration, and the stringent economics of the Information Technology (IT) industry. This project will take first steps towards creating a new field of inquiry, Network Design Automation (NDA).  NDA seeks to create computer-aided design (CAD) tools that reduce design effort and increase reliability based on a scientific understanding of network structure. NDA is inspired by Electronic Design Automation (EDA), a $7 billion industry that underpins the $100 billion chip industry, and is a vibrant intellectual discipline in its own right.&lt;br/&gt;&lt;br/&gt;NDA will verify networks using formal methods but also broaden the agenda to debugging networked systems and to other specialized networks such as rural networks and content distribution networks.  Specific new tasks include tying application performance to network problems using machine learning, understanding failure logs using Natural Language Processing, creating more controllable routers inspired by hardware boundary scan ideas, rural network design using constraint satisfaction, network scripting to lower the barriers for operators, and data mining to find configuration bugs without a specification. Networks have unique challenges including heterogeneity, management complexity, rate of evolution (new data centers and service rollouts), and high availability needs. Besides a consistent focus on using algorithm search, we will leverage data mining, machine learning, Natural Language Processing, and hardware test approaches.  NDA will not merely reuse existing mechanisms, but will exploit domain-specific insights about the structure of modern networks to invent new and scalable approaches.&lt;br/&gt;&lt;br/&gt;This award reflects NSF's statutory mission and has been deemed worthy of support through evaluation using the Foundation's intellectual merit and broader impacts review criteria.</AbstractNarration>
<MinAmdLetterDate>04/29/2019</MinAmdLetterDate>
<MaxAmdLetterDate>04/29/2019</MaxAmdLetterDate>
<ARRAAmount/>
<AwardID>1901510</AwardID>
<Investigator>
<FirstName>Yuval</FirstName>
<LastName>Tamir</LastName>
<EmailAddress>tamir@cs.ucla.edu</EmailAddress>
<StartDate>04/29/2019</StartDate>
<EndDate/>
<RoleCode>Co-Principal Investigator</RoleCode>
</Investigator>
<Investigator>
<FirstName>George</FirstName>
<LastName>Varghese</LastName>
<EmailAddress>varghese@cs.ucla.edu</EmailAddress>
<StartDate>04/29/2019</StartDate>
<EndDate/>
<RoleCode>Principal Investigator</RoleCode>
</Investigator>
<Investigator>
<FirstName>Todd</FirstName>
<LastName>Millstein</LastName>
<EmailAddress>todd@cs.ucla.edu</EmailAddress>
<StartDate>04/29/2019</StartDate>
<EndDate/>
<RoleCode>Co-Principal Investigator</RoleCode>
</Investigator>
<Investigator>
<FirstName>Ravi</FirstName>
<LastName>Netravali</LastName>
<EmailAddress>ravi@cs.ucla.edu</EmailAddress>
<StartDate>04/29/2019</StartDate>
<EndDate/>
<RoleCode>Co-Principal Investigator</RoleCode>
</Investigator>
<Institution>
<Name>University of California-Los Angeles</Name>
<CityName>LOS ANGELES</CityName>
<ZipCode>900951406</ZipCode>
<PhoneNumber>3107940102</PhoneNumber>
<StreetAddress>10889 Wilshire Boulevard</StreetAddress>
<CountryName>United States</CountryName>
<StateName>California</StateName>
<StateCode>CA</StateCode>
</Institution>
<ProgramElement>
<Code>7363</Code>
<Text>Networking Technology and Syst</Text>
</ProgramElement>
<ProgramReference>
<Code>7925</Code>
<Text>LARGE PROJECT</Text>
</ProgramReference>
</Award>
</rootTag>
