<?xml version="1.0" encoding="UTF-8"?>
<rootTag>
<Award>
<AwardTitle>Approximation and K-theory</AwardTitle>
<AwardEffectiveDate>07/01/2019</AwardEffectiveDate>
<AwardExpirationDate>06/30/2022</AwardExpirationDate>
<AwardTotalIntnAmount>142286.00</AwardTotalIntnAmount>
<AwardAmount>142286</AwardAmount>
<AwardInstrument>
<Value>Standard Grant</Value>
</AwardInstrument>
<Organization>
<Code>03040000</Code>
<Directorate>
<Abbreviation>MPS</Abbreviation>
<LongName>Direct For Mathematical &amp; Physical Scien</LongName>
</Directorate>
<Division>
<Abbreviation>DMS</Abbreviation>
<LongName>Division Of Mathematical Sciences</LongName>
</Division>
</Organization>
<ProgramOfficer>
<SignBlockName>Pamela Gorkin</SignBlockName>
</ProgramOfficer>
<AbstractNarration>Traditionally, mathematics studies precise solutions: one has for example an equation with an unknown quantity 'x', and wants to know precisely which value(s) of x make it true. Often in the real world, good approximate solutions will always be very close to precise solutions, and are therefore just as good for practical purposes.  However, sometimes very good approximate solutions to a problem can exist without there being any actual solution at all: for example, this is a fundamental phenomenon in parts of semi-conductor physics that are closely related to the 'K-theoretic' methods used in this project.  The ideas of finding approximate solutions to problems and seeing what can be done with them versus precise solutions permeate these research projects.  The PI will continue his own research in these directions, as well as mentor and advise junior researchers, disseminate the results of this to the broader community.&lt;br/&gt;&lt;br/&gt;The methods used, and problems studied, in this project come from operator algebras (a branch of mathematics motivated by quantum physics), group theory (the study of symmetry), and K-theory (a way of measuring "twistedness" phenomena in geometry).  The PI will study fundamental classification problems in the theory of operator algebras by first solving approximate versions; this uses intrinsically low-dimensional phenomena in the structure of such objects, as recently revealed by other researchers.  In contrast, the PI intends to study high-dimensional obstructions to the existence of approximate solutions to systems of matrix-equations governed by symmetry groups.  Finally, the PI intends to study the surprising analytic phenomena that come up around the failure of exactness, and the connections of this to geometry.&lt;br/&gt;&lt;br/&gt;This award reflects NSF's statutory mission and has been deemed worthy of support through evaluation using the Foundation's intellectual merit and broader impacts review criteria.</AbstractNarration>
<MinAmdLetterDate>05/03/2019</MinAmdLetterDate>
<MaxAmdLetterDate>05/03/2019</MaxAmdLetterDate>
<ARRAAmount/>
<AwardID>1901522</AwardID>
<Investigator>
<FirstName>Rufus</FirstName>
<LastName>Willett</LastName>
<EmailAddress>rwillett@hawaii.edu</EmailAddress>
<StartDate>05/03/2019</StartDate>
<EndDate/>
<RoleCode>Principal Investigator</RoleCode>
</Investigator>
<Institution>
<Name>University of Hawaii</Name>
<CityName>HONOLULU</CityName>
<ZipCode>968222234</ZipCode>
<PhoneNumber>8089567800</PhoneNumber>
<StreetAddress>2440 Campus Road, Box 368</StreetAddress>
<CountryName>United States</CountryName>
<StateName>Hawaii</StateName>
<StateCode>HI</StateCode>
</Institution>
<ProgramElement>
<Code>1281</Code>
<Text>ANALYSIS PROGRAM</Text>
</ProgramElement>
<ProgramReference>
<Code>9150</Code>
<Text>EXP PROG TO STIM COMP RES</Text>
</ProgramReference>
</Award>
</rootTag>
