<?xml version="1.0" encoding="UTF-8"?>
<rootTag>
<Award>
<AwardTitle>CIF: Medium: Collaborative Research: Theory of Optimization Geometry and Algorithms for Neural Networks</AwardTitle>
<AwardEffectiveDate>10/01/2019</AwardEffectiveDate>
<AwardExpirationDate>09/30/2023</AwardExpirationDate>
<AwardTotalIntnAmount>400000.00</AwardTotalIntnAmount>
<AwardAmount>400000</AwardAmount>
<AwardInstrument>
<Value>Standard Grant</Value>
</AwardInstrument>
<Organization>
<Code>05010000</Code>
<Directorate>
<Abbreviation>CSE</Abbreviation>
<LongName>Direct For Computer &amp; Info Scie &amp; Enginr</LongName>
</Directorate>
<Division>
<Abbreviation>CCF</Abbreviation>
<LongName>Division of Computing and Communication Foundations</LongName>
</Division>
</Organization>
<ProgramOfficer>
<SignBlockName>Phillip Regalia</SignBlockName>
</ProgramOfficer>
<AbstractNarration>Deep learning has attracted a significant amount of interest in recent years due to its widespread applicability in computer vision, artificial intelligence and natural language processing, alongside recent strides in autonomous driving. The theoretical underpinnings behind such success, however, remain elusive to a large extent, hindering its further adoption in other applications. This project aims to advance the theoretical foundations of training neural networks in terms of optimization landscape and algorithmic efficacy, which in turn should have a measurable impact on the practice of deep learning by providing guiding principles for network design, algorithm selection, hyperparameter tuning, and adversarial training. This project adopts an interdisciplinary approach fusing ideas from machine learning, optimization, statistical signal processing, high-dimensional statistics, nonparametric statistics, and information theory. This project will likewise develop courses and tutorials on theoretical foundations of large-scale machine learning and provide extensive training opportunities for students at all levels.&lt;br/&gt;&lt;br/&gt;This project aims to develop a comprehensive theory to characterize the optimization landscape and geometry of loss functions and algorithmic regularizations of major neural network training problems, and explore how the network architecture---including depth, width, and activation functions---affect these properties, thus providing guidelines for the design of algorithms to train these networks more efficiently with theoretical performance guarantees. The project will explore the geometric properties and their impact on the optimization performance in training multi-layer neural networks, auto-encoders, generative adversarial networks, and adversarial training involving non-convex and saddle-point problems.&lt;br/&gt;&lt;br/&gt;This award reflects NSF's statutory mission and has been deemed worthy of support through evaluation using the Foundation's intellectual merit and broader impacts review criteria.</AbstractNarration>
<MinAmdLetterDate>07/26/2019</MinAmdLetterDate>
<MaxAmdLetterDate>07/26/2019</MaxAmdLetterDate>
<ARRAAmount/>
<AwardID>1901199</AwardID>
<Investigator>
<FirstName>Yuejie</FirstName>
<LastName>Chi</LastName>
<EmailAddress>yuejiechi@cmu.edu</EmailAddress>
<StartDate>07/26/2019</StartDate>
<EndDate/>
<RoleCode>Principal Investigator</RoleCode>
</Investigator>
<Institution>
<Name>Carnegie-Mellon University</Name>
<CityName>PITTSBURGH</CityName>
<ZipCode>152133815</ZipCode>
<PhoneNumber>4122688746</PhoneNumber>
<StreetAddress>5000 Forbes Avenue</StreetAddress>
<CountryName>United States</CountryName>
<StateName>Pennsylvania</StateName>
<StateCode>PA</StateCode>
</Institution>
<ProgramElement>
<Code>7797</Code>
<Text>Comm &amp; Information Foundations</Text>
</ProgramElement>
<ProgramReference>
<Code>7924</Code>
<Text>MEDIUM PROJECT</Text>
</ProgramReference>
<ProgramReference>
<Code>7936</Code>
<Text>SIGNAL PROCESSING</Text>
</ProgramReference>
<ProgramReference>
<Code>9102</Code>
<Text>WOMEN, MINORITY, DISABLED, NEC</Text>
</ProgramReference>
</Award>
</rootTag>
