<?xml version="1.0" encoding="UTF-8"?>
<rootTag>
<Award>
<AwardTitle>Research Initiative Award: Deciphering the Molecular Mechanisms Preceding the Aging Skeletal Muscle Phenotype</AwardTitle>
<AwardEffectiveDate>06/01/2019</AwardEffectiveDate>
<AwardExpirationDate>05/31/2022</AwardExpirationDate>
<AwardTotalIntnAmount>300000.00</AwardTotalIntnAmount>
<AwardAmount>300000</AwardAmount>
<AwardInstrument>
<Value>Standard Grant</Value>
</AwardInstrument>
<Organization>
<Code>11060000</Code>
<Directorate>
<Abbreviation>EHR</Abbreviation>
<LongName>Direct For Education and Human Resources</LongName>
</Directorate>
<Division>
<Abbreviation>HRD</Abbreviation>
<LongName>Division Of Human Resource Development</LongName>
</Division>
</Organization>
<ProgramOfficer>
<SignBlockName>Claudia Rankins</SignBlockName>
</ProgramOfficer>
<AbstractNarration>Research Initiation Awards provide support for junior and mid-career faculty at Historically Black Colleges and Universities who are building new research programs or redirecting and rebuilding existing programs. It is expected that the award helps to further the faculty member's research capability and effectiveness, improves research and teaching at the home institution, and involves undergraduate students in research experiences. The award to Bowie State University seeks to investigate the adult time-point in efforts of deciphering the biological mechanisms of the aging process. This project will increase the research capacity of the institution and provide research experiences for underrepresented minority students. &lt;br/&gt;&lt;br/&gt;This project is centered around the hypothesis that alterations in molecular mechanisms governing the homeostasis of skeletal muscle occur during the aging process and contribute to the aging phenotype that develops decades later. It is hypothesized that adult skeletal muscle will display a unique signaling profile and phenotype when unchallenged and when challenged with immobilization and injury, as compared to young and aged counterparts. To decipher the profile upon challenge, the adult skeletal muscle will be subjected to an injury or immobilization; microscopy will be utilized to assess the histological phenotype and Western blots will be employed to determine the signaling mechanisms. To decipher the profile when unchallenged, mice of various ages ranging from 2- to 12- months will be characterized using in vivo strength tests, microscopy, Western blots and RNAseq. This study will provide a characterization of molecular, histological and functional changes that occur during the aging process. Additionally, it seeks to support the notion that aging is an ongoing developmental process as opposed to an endpoint phenotype and therefore, intermediate timepoints are very informative and should be included in age-related studies.&lt;br/&gt;&lt;br/&gt;This award reflects NSF's statutory mission and has been deemed worthy of support through evaluation using the Foundation's intellectual merit and broader impacts review criteria.</AbstractNarration>
<MinAmdLetterDate>05/08/2019</MinAmdLetterDate>
<MaxAmdLetterDate>05/08/2019</MaxAmdLetterDate>
<ARRAAmount/>
<AwardID>1901096</AwardID>
<Investigator>
<FirstName>Tyesha</FirstName>
<LastName>Burks</LastName>
<EmailAddress>tburks@bowiestate.edu</EmailAddress>
<StartDate>05/08/2019</StartDate>
<EndDate/>
<RoleCode>Principal Investigator</RoleCode>
</Investigator>
<Institution>
<Name>Bowie State University</Name>
<CityName>BOWIE</CityName>
<ZipCode>207159465</ZipCode>
<PhoneNumber>3018604399</PhoneNumber>
<StreetAddress>14000 Jericho Park Road</StreetAddress>
<CountryName>United States</CountryName>
<StateName>Maryland</StateName>
<StateCode>MD</StateCode>
</Institution>
<ProgramElement>
<Code>1594</Code>
<Text>Hist Black Colleges and Univ</Text>
</ProgramElement>
<ProgramReference>
<Code>9178</Code>
<Text>UNDERGRADUATE EDUCATION</Text>
</ProgramReference>
</Award>
</rootTag>
