<?xml version="1.0" encoding="UTF-8"?>
<rootTag>
<Award>
<AwardTitle>CNS Core: Medium: Collaborative Research: Privacy-Preserving Mobile  Crowdsourced Data</AwardTitle>
<AwardEffectiveDate>10/01/2019</AwardEffectiveDate>
<AwardExpirationDate>09/30/2023</AwardExpirationDate>
<AwardTotalIntnAmount>649979.00</AwardTotalIntnAmount>
<AwardAmount>170740</AwardAmount>
<AwardInstrument>
<Value>Continuing grant</Value>
</AwardInstrument>
<Organization>
<Code>05050000</Code>
<Directorate>
<Abbreviation>CSE</Abbreviation>
<LongName>Direct For Computer &amp; Info Scie &amp; Enginr</LongName>
</Directorate>
<Division>
<Abbreviation>CNS</Abbreviation>
<LongName>Division Of Computer and Network Systems</LongName>
</Division>
</Organization>
<ProgramOfficer>
<SignBlockName>Alexander Sprintson</SignBlockName>
</ProgramOfficer>
<AbstractNarration>A large and increasing number of services rely on data and measurements collected from mobile devices and shared with a centralized entity. Users enjoy these services (such as location-based services, recommendations, wireless connectivity and others) at the expense of sharing data from their mobile devices, which increases their privacy risk. For example, users may want to receive a location-based service, but they may be concerned about sending their exact location to a server or third parties. Recently, there has been increased awareness and concern about preserving user privacy, while still empowering the services that big data enable. While privacy has become a significant societal concern, the technical solutions in this domain are still lagging behind, and there is a gap between the theory of privacy and practices in the mobile ecosystem. This project will develop principled techniques for controlling the privacy-utility tradeoff for mobile data. Broader impact activities include collaborations with major players in the space of wireless networking and mobile data crowdsourcing, training students and broadening participation in computing.&lt;br/&gt;&lt;br/&gt;In this project, we focus specifically on data reported from mobile devices, including information about the wireless network, as well as personal/user data. Our goal is to develop privacy-preserving techniques to obfuscate reported data, while still providing guarantees for the quality of the provided service. We will develop both the theoretical framework (privacy-utility formulation, optimization of obfuscation techniques, and heuristic algorithms), as well as its application to wireless spectrum sharing, cellular signal maps, and personal information tracking. The project will produce models, algorithms, datasets, mobile system implementations and programming interfaces, which trade off utility vs. privacy in a principled and transparent way.&lt;br/&gt;&lt;br/&gt;This award reflects NSF's statutory mission and has been deemed worthy of support through evaluation using the Foundation's intellectual merit and broader impacts review criteria.</AbstractNarration>
<MinAmdLetterDate>09/06/2019</MinAmdLetterDate>
<MaxAmdLetterDate>09/06/2019</MaxAmdLetterDate>
<ARRAAmount/>
<AwardID>1901488</AwardID>
<Investigator>
<FirstName>Konstantinos</FirstName>
<LastName>Psounis</LastName>
<EmailAddress>kpsounis@usc.edu</EmailAddress>
<StartDate>09/06/2019</StartDate>
<EndDate/>
<RoleCode>Principal Investigator</RoleCode>
</Investigator>
<Institution>
<Name>University of Southern California</Name>
<CityName>Los Angeles</CityName>
<ZipCode>900890001</ZipCode>
<PhoneNumber>2137407762</PhoneNumber>
<StreetAddress>University Park</StreetAddress>
<CountryName>United States</CountryName>
<StateName>California</StateName>
<StateCode>CA</StateCode>
</Institution>
<ProgramElement>
<Code>8060</Code>
<Text>Secure &amp;Trustworthy Cyberspace</Text>
</ProgramElement>
<ProgramReference>
<Code>025Z</Code>
<Text>SaTC: Secure and Trustworthy Cyberspace</Text>
</ProgramReference>
<ProgramReference>
<Code>7924</Code>
<Text>MEDIUM PROJECT</Text>
</ProgramReference>
</Award>
</rootTag>
