<?xml version="1.0" encoding="UTF-8"?>
<rootTag>
<Award>
<AwardTitle>SHF: Medium: Collaborative Research: Photonic Neural Network Accelerator for Energy-efficient Heterogeneous Multicore Architectures</AwardTitle>
<AwardEffectiveDate>08/01/2019</AwardEffectiveDate>
<AwardExpirationDate>07/31/2022</AwardExpirationDate>
<AwardTotalIntnAmount>499999.00</AwardTotalIntnAmount>
<AwardAmount>499999</AwardAmount>
<AwardInstrument>
<Value>Continuing grant</Value>
</AwardInstrument>
<Organization>
<Code>05010000</Code>
<Directorate>
<Abbreviation>CSE</Abbreviation>
<LongName>Direct For Computer &amp; Info Scie &amp; Enginr</LongName>
</Directorate>
<Division>
<Abbreviation>CCF</Abbreviation>
<LongName>Division of Computing and Communication Foundations</LongName>
</Division>
</Organization>
<ProgramOfficer>
<SignBlockName>Almadena Chtchelkanova</SignBlockName>
</ProgramOfficer>
<AbstractNarration>Deep learning architectures such as convolutional neural networks and recurrent neural networks have achieved unprecedented, sometimes super-human accuracy on many modern applications in artificial intelligence, such as image classification and speech recognition. Power dissipation is however a major concern in these energy-hungry machine-learning architectures, and decreasing it requires designs that provide a more energy-efficient combination of hardware and machine-learning algorithms. There is an increased emphasis to leverage parallelism and specialization to improve performance and energy efficiency. To dramatically reduce power consumption, silicon photonics has been proposed to improve performance-per-Watt compared to electrical implementation.&lt;br/&gt;&lt;br/&gt;This project leverages photonic technology and heterogeneous multicores for the design of deep-neural network accelerators that improve parallelism, concurrency, energy efficiency and scalability in various machine-learning applications. The first task of the project is concerned with the characterization and identification of photonic devices that can implement accelerator functionalities such as multiply-and-accumulate, summation, and other arithmetic operations. The characterized devices are then inserted into single-layer and multi-layer photonic topologies for implementing accelerator functionality. The second task of the project implements various types of deep-learning architectures on the proposed photonic neural network accelerator to maximize the gains offered by the photonic technology. The third task of the project builds an extensive simulation and modeling infrastructure that combines the photonic technology, network architectures, accelerator functionality, and machine-learning algorithms developed in the previous two steps, in order to validate the significant reduction in energy consumption enabled by the photonic neural-network accelerator.&lt;br/&gt;&lt;br/&gt;The proposed research bridges a very important gap between photonic technology, hardware architecture, and machine learning. As such, and due to its cross-cutting nature, it is expected to have far-reaching impacts on the design of next-generation multicore architectures. It will foster new research directions in several areas, spanning computer architecture, optical technology, machine learning algorithms and applications. The research will also play a major role in education by integrating discovery with teaching and training. All the research findings and simulation toolkits will be disseminated to the community via conference and journal publications, and a dedicated website.&lt;br/&gt;&lt;br/&gt;This award reflects NSF's statutory mission and has been deemed worthy of support through evaluation using the Foundation's intellectual merit and broader impacts review criteria.</AbstractNarration>
<MinAmdLetterDate>07/26/2019</MinAmdLetterDate>
<MaxAmdLetterDate>09/09/2019</MaxAmdLetterDate>
<ARRAAmount/>
<AwardID>1901192</AwardID>
<Investigator>
<FirstName>Avinash</FirstName>
<LastName>Karanth</LastName>
<EmailAddress>karanth@ohio.edu</EmailAddress>
<StartDate>07/26/2019</StartDate>
<EndDate/>
<RoleCode>Principal Investigator</RoleCode>
</Investigator>
<Investigator>
<FirstName>Razvan</FirstName>
<LastName>Bunescu</LastName>
<EmailAddress>bunescu@ohio.edu</EmailAddress>
<StartDate>07/26/2019</StartDate>
<EndDate/>
<RoleCode>Co-Principal Investigator</RoleCode>
</Investigator>
<Institution>
<Name>Ohio University</Name>
<CityName>ATHENS</CityName>
<ZipCode>457012979</ZipCode>
<PhoneNumber>7405932857</PhoneNumber>
<StreetAddress>108 CUTLER HL</StreetAddress>
<CountryName>United States</CountryName>
<StateName>Ohio</StateName>
<StateCode>OH</StateCode>
</Institution>
<ProgramElement>
<Code>7798</Code>
<Text>Software &amp; Hardware Foundation</Text>
</ProgramElement>
<ProgramReference>
<Code>7924</Code>
<Text>MEDIUM PROJECT</Text>
</ProgramReference>
<ProgramReference>
<Code>7925</Code>
<Text>LARGE PROJECT</Text>
</ProgramReference>
<ProgramReference>
<Code>7941</Code>
<Text>COMPUTER ARCHITECTURE</Text>
</ProgramReference>
</Award>
</rootTag>
