<?xml version="1.0" encoding="UTF-8"?>
<rootTag>
<Award>
<AwardTitle>Catalyst Award: pH Regulation in the Mammalian Brain</AwardTitle>
<AwardEffectiveDate>06/01/2019</AwardEffectiveDate>
<AwardExpirationDate>05/31/2021</AwardExpirationDate>
<AwardTotalIntnAmount>149998.00</AwardTotalIntnAmount>
<AwardAmount>149998</AwardAmount>
<AwardInstrument>
<Value>Standard Grant</Value>
</AwardInstrument>
<Organization>
<Code>11060000</Code>
<Directorate>
<Abbreviation>EHR</Abbreviation>
<LongName>Direct For Education and Human Resources</LongName>
</Directorate>
<Division>
<Abbreviation>HRD</Abbreviation>
<LongName>Division Of Human Resource Development</LongName>
</Division>
</Organization>
<ProgramOfficer>
<SignBlockName>Michelle Claville</SignBlockName>
</ProgramOfficer>
<AbstractNarration>Catalyst Projects provide support for Historically Black Colleges and Universities to work towards establishing research capacity of faculty to strengthen science, technology, engineering and mathematics undergraduate education and research. It is expected that the award will further the faculty member's research capability, improve research and teaching at the institution, and involve undergraduate students in research experiences. This project at Virginia Union University will investigate the relationship between acid-base transporters and voltage-gated ion pumps in hippocampal cell activation. Moreover, the project will expand the research capacity of the institution by providing research opportunities for minority undergraduate students and preparing them for graduate school or direct entry into the STEM work force.&lt;br/&gt;&lt;br/&gt;The goal of this study is to understand the regulation of proteins in neurons and astrocytes of the hippocampus, the area in the brain involved in learning and memory. Western blot will be used to examine and quantify the expression of select proteins previously identified in the hippocampus involved in the generation of electrical excitability (Nav1.1, Kv1.1, Cav2.1, Na/K ATPase, and KATP) and acid-base regulation (SLC9 and SLC4). Additionally, the expression profiles of the co-localization of these proteins in primary cultured hippocampal cultures will be defined under various concentrations of CO2, N2 and chronic hypoxia. Data obtained from this study will potentially extend the knowledge related to neuronal protein expression during hypoxic stress during both physiologic and pathophysiologic conditions.&lt;br/&gt;&lt;br/&gt;This award reflects NSF's statutory mission and has been deemed worthy of support through evaluation using the Foundation's intellectual merit and broader impacts review criteria.</AbstractNarration>
<MinAmdLetterDate>05/08/2019</MinAmdLetterDate>
<MaxAmdLetterDate>05/08/2019</MaxAmdLetterDate>
<ARRAAmount/>
<AwardID>1901344</AwardID>
<Investigator>
<FirstName>Vernon</FirstName>
<LastName>Ruffin</LastName>
<EmailAddress>varuffin@vuu.edu</EmailAddress>
<StartDate>05/08/2019</StartDate>
<EndDate/>
<RoleCode>Principal Investigator</RoleCode>
</Investigator>
<Institution>
<Name>Virginia Union University</Name>
<CityName>Richmond</CityName>
<ZipCode>232201711</ZipCode>
<PhoneNumber>8042575807</PhoneNumber>
<StreetAddress>1500 N Lombardy Street</StreetAddress>
<CountryName>United States</CountryName>
<StateName>Virginia</StateName>
<StateCode>VA</StateCode>
</Institution>
<ProgramElement>
<Code>1594</Code>
<Text>Hist Black Colleges and Univ</Text>
</ProgramElement>
<ProgramReference>
<Code>9178</Code>
<Text>UNDERGRADUATE EDUCATION</Text>
</ProgramReference>
</Award>
</rootTag>
