<?xml version="1.0" encoding="UTF-8"?>
<rootTag>
<Award>
<AwardTitle>Restriction Problems in Representation Theory</AwardTitle>
<AwardEffectiveDate>07/01/2019</AwardEffectiveDate>
<AwardExpirationDate>06/30/2022</AwardExpirationDate>
<AwardTotalIntnAmount>236001.00</AwardTotalIntnAmount>
<AwardAmount>236001</AwardAmount>
<AwardInstrument>
<Value>Standard Grant</Value>
</AwardInstrument>
<Organization>
<Code>03040000</Code>
<Directorate>
<Abbreviation>MPS</Abbreviation>
<LongName>Direct For Mathematical &amp; Physical Scien</LongName>
</Directorate>
<Division>
<Abbreviation>DMS</Abbreviation>
<LongName>Division Of Mathematical Sciences</LongName>
</Division>
</Organization>
<ProgramOfficer>
<SignBlockName>James Matthew Douglass</SignBlockName>
</ProgramOfficer>
<AbstractNarration>A central theme in this project is Langlands program, which is a surprising mixture of analysis on groups and number theory. A basic example is the Fourier expansion of a function on the circle as a sum of trigonometric functions. The circle is a very symmetric object. We can rotate it for any angle without changing its shape. Rotations of a circle form what is called in mathematics a group of transformations, or simply a group. Every function on the circle has a Fourier expansion in which it is written as a sum of trigonometric functions. Trigonometric functions are the simplest functions on the circle, and so the analysis of functions on the circle, or periodic functions, is reduced to trigonometric functions. It has been known for over a century that Fourier expansions and their generalizations carry significant number theoretic information. Motivated by this example, over the past fifty years a large class of problems has been unified in a scheme known as the Langlands program. Roughly speaking, the goal is to decompose any function on a group as a sum of the simplest possible functions. This decomposition problem is the main theme of this project. This project will include training of graduate students.&lt;br/&gt;&lt;br/&gt;More specifically the main goal of this project is to complete the Langlands classification for the group G2. This group was discovered by Eugene Dickson and it has been found to play an important role in physics and string theory. The principal tool employed in this research is the theory of exceptional theta correspondences that was developed by the PI in previous work. Applications of the exceptional theta correspondence to dual pairs of real groups and to supercuspidal representations of p-adic groups will developed as well. This project will include training of graduate students.&lt;br/&gt;&lt;br/&gt;This award reflects NSF's statutory mission and has been deemed worthy of support through evaluation using the Foundation's intellectual merit and broader impacts review criteria.</AbstractNarration>
<MinAmdLetterDate>06/21/2019</MinAmdLetterDate>
<MaxAmdLetterDate>06/21/2019</MaxAmdLetterDate>
<ARRAAmount/>
<AwardID>1901745</AwardID>
<Investigator>
<FirstName>Gordan</FirstName>
<LastName>Savin</LastName>
<EmailAddress>savin@math.utah.edu</EmailAddress>
<StartDate>06/21/2019</StartDate>
<EndDate/>
<RoleCode>Principal Investigator</RoleCode>
</Investigator>
<Institution>
<Name>University of Utah</Name>
<CityName>SALT LAKE CITY</CityName>
<ZipCode>841128930</ZipCode>
<PhoneNumber>8015816903</PhoneNumber>
<StreetAddress>75 S 2000 E</StreetAddress>
<CountryName>United States</CountryName>
<StateName>Utah</StateName>
<StateCode>UT</StateCode>
</Institution>
<ProgramElement>
<Code>1264</Code>
<Text>ALGEBRA,NUMBER THEORY,AND COM</Text>
</ProgramElement>
</Award>
</rootTag>
