<?xml version="1.0" encoding="UTF-8"?>
<rootTag>
<Award>
<AwardTitle>III: Medium: Visually Interactive Neural Probabilistic Models of Language</AwardTitle>
<AwardEffectiveDate>11/01/2019</AwardEffectiveDate>
<AwardExpirationDate>10/31/2023</AwardExpirationDate>
<AwardTotalIntnAmount>1200000.00</AwardTotalIntnAmount>
<AwardAmount>218628</AwardAmount>
<AwardInstrument>
<Value>Continuing grant</Value>
</AwardInstrument>
<Organization>
<Code>05020000</Code>
<Directorate>
<Abbreviation>CSE</Abbreviation>
<LongName>Direct For Computer &amp; Info Scie &amp; Enginr</LongName>
</Directorate>
<Division>
<Abbreviation>IIS</Abbreviation>
<LongName>Div Of Information &amp; Intelligent Systems</LongName>
</Division>
</Organization>
<ProgramOfficer>
<SignBlockName>Maria Zemankova</SignBlockName>
</ProgramOfficer>
<AbstractNarration>The application of machine learning to automate everyday tasks is becoming increasingly common. While automation has the potential of yielding higher efficiency and improved outcomes, it can lead to unpredictable mistakes that can be hard to analyze and correct. Users of machine learning algorithms need better explanations for predictions and choices that are made. Moreover, to prevent harm, a user should be able to intervene in and control the decision process of the algorithm. This award is primarily concerned with applications in neural language models, i.e., machine learning systems that communicate using natural language. Because these systems interact with users using text or speech, it is essential to avoid misinformation from automated approaches and to retain human agency. Developing explainable and controllable artificial intelligence methods will empower users to collaborate with automation tools and gain efficiency and performance benefits while at the same time preventing harm and misinformation. &lt;br/&gt;&lt;br/&gt;This project targets the development of methods and visually interactive tools that allow researchers to develop, examine, and correct probabilistic neural models of language. Co-designing machine learning models and visual interfaces will be a necessary step towards interpretable models for common use-cases such as language summarization, translation, and data-to-text applications. To achieve these interactive and collaborative systems requires developing novel probabilistic neural network models with latent variables that can act as "hooks" within the model. These hooks correspond to interpretable decisions that a model has to take and that enable end-users to overwrite and interact with model decisions. In a second step, the project will develop query and visualization methods that utilize these hooks to allow users to explore, debug, and improve neural models on real examples through interactive user feedback. The project progress will be evaluated using quantitative methods from machine learning, qualitative and quantitative user studies, and long-term longitudinal observations of user engagement. The project will result in an extensible software framework for visually interactive analysis of neural sequence models that will assist other researchers and developers in their application domains.&lt;br/&gt;&lt;br/&gt;This award reflects NSF's statutory mission and has been deemed worthy of support through evaluation using the Foundation's intellectual merit and broader impacts review criteria.</AbstractNarration>
<MinAmdLetterDate>07/29/2019</MinAmdLetterDate>
<MaxAmdLetterDate>07/29/2019</MaxAmdLetterDate>
<ARRAAmount/>
<AwardID>1901030</AwardID>
<Investigator>
<FirstName>Hanspeter</FirstName>
<LastName>Pfister</LastName>
<EmailAddress>pfister@seas.harvard.edu</EmailAddress>
<StartDate>07/29/2019</StartDate>
<EndDate/>
<RoleCode>Principal Investigator</RoleCode>
</Investigator>
<Investigator>
<FirstName>Alexander</FirstName>
<LastName>Rush</LastName>
<EmailAddress>arush@cornell.edu</EmailAddress>
<StartDate>07/29/2019</StartDate>
<EndDate/>
<RoleCode>Co-Principal Investigator</RoleCode>
</Investigator>
<Institution>
<Name>Harvard University</Name>
<CityName>Cambridge</CityName>
<ZipCode>021385369</ZipCode>
<PhoneNumber>6174955501</PhoneNumber>
<StreetAddress>1033 MASSACHUSETTS AVE</StreetAddress>
<CountryName>United States</CountryName>
<StateName>Massachusetts</StateName>
<StateCode>MA</StateCode>
</Institution>
<ProgramElement>
<Code>7364</Code>
<Text>Info Integration &amp; Informatics</Text>
</ProgramElement>
<ProgramReference>
<Code>7364</Code>
<Text>INFO INTEGRATION &amp; INFORMATICS</Text>
</ProgramReference>
<ProgramReference>
<Code>7924</Code>
<Text>MEDIUM PROJECT</Text>
</ProgramReference>
</Award>
</rootTag>
