<?xml version="1.0" encoding="UTF-8"?>
<rootTag>
<Award>
<AwardTitle>Conference on Fast Direct Solvers</AwardTitle>
<AwardEffectiveDate>12/01/2018</AwardEffectiveDate>
<AwardExpirationDate>11/30/2020</AwardExpirationDate>
<AwardTotalIntnAmount>10000.00</AwardTotalIntnAmount>
<AwardAmount>10000</AwardAmount>
<AwardInstrument>
<Value>Standard Grant</Value>
</AwardInstrument>
<Organization>
<Code>03040000</Code>
<Directorate>
<Abbreviation>MPS</Abbreviation>
<LongName>Direct For Mathematical &amp; Physical Scien</LongName>
</Directorate>
<Division>
<Abbreviation>DMS</Abbreviation>
<LongName>Division Of Mathematical Sciences</LongName>
</Division>
</Organization>
<ProgramOfficer>
<SignBlockName>Miao-Jung Ou</SignBlockName>
</ProgramOfficer>
<AbstractNarration>The 2018 Conference on Fast Direct Solvers will be held at Purdue University in November 9-11, 2018. The purpose of the conference is to bring together researchers from different mathematical and application fields to exchange ideas on the latest developments of fast direct solvers, discuss potential strategies for tackling the current challenges, stimulate new multidisciplinary collaborations, and disseminate relevant ideas to broader communities. Researchers, students, and practitioners from all relevant fields are encouraged to attend the conference and/or to give talks. The conference will provide a multidisciplinary platform for junior and senior researchers, students, and practitioners to discuss and to establish new collaborations. The activities will help to attract students and junior researchers from diverse background to join the field and also stimulate student interest in mathematics. This grant will be used to partially support the travel and lodging of junior researchers and students.&lt;br/&gt;&lt;br/&gt;In scientific computing, data analysis, and engineering simulations, solving large linear systems is typically a key computational component. Direct solvers do not need iterations, are very robust, and have various other attractive features. However, classical direct solvers are typically expensive for large sparse systems because of the loss of sparsity. In the past 15 years or so, the scientific computing community has witnessed quick developments of the so-called fast direct solvers, which exploit structures and can achieve significantly better efficiency than classical direct solvers, sometimes by orders of magnitude. This conference will bring together researchers, students, and practitioners from diverse fields that actively involve the design, study, and application of fast direct solvers. The invited and contributed talks will help to supply new tools and identify new research directions for direct solvers. The conference is expected to be an effective event to both advance the development of fast direct solvers and benefit more general numerical computations.&lt;br/&gt;&lt;br/&gt;Website: http://www.math.purdue.edu/~xiaj/FastSolvers2018/&lt;br/&gt;&lt;br/&gt;This award reflects NSF's statutory mission and has been deemed worthy of support through evaluation using the Foundation's intellectual merit and broader impacts review criteria.</AbstractNarration>
<MinAmdLetterDate>11/29/2018</MinAmdLetterDate>
<MaxAmdLetterDate>11/29/2018</MaxAmdLetterDate>
<ARRAAmount/>
<AwardID>1901567</AwardID>
<Investigator>
<FirstName>Jianlin</FirstName>
<LastName>Xia</LastName>
<EmailAddress>xiaj@purdue.edu</EmailAddress>
<StartDate>11/29/2018</StartDate>
<EndDate/>
<RoleCode>Principal Investigator</RoleCode>
</Investigator>
<Institution>
<Name>Purdue University</Name>
<CityName>West Lafayette</CityName>
<ZipCode>479072114</ZipCode>
<PhoneNumber>7654941055</PhoneNumber>
<StreetAddress>Young Hall</StreetAddress>
<CountryName>United States</CountryName>
<StateName>Indiana</StateName>
<StateCode>IN</StateCode>
</Institution>
<ProgramElement>
<Code>1271</Code>
<Text>COMPUTATIONAL MATHEMATICS</Text>
</ProgramElement>
<ProgramReference>
<Code>7556</Code>
<Text>CONFERENCE AND WORKSHOPS</Text>
</ProgramReference>
</Award>
</rootTag>
