<?xml version="1.0" encoding="UTF-8"?>
<rootTag>
<Award>
<AwardTitle>III: Large: Collaborative Research: Analysis Engineering for Robust End-to-End Data Science</AwardTitle>
<AwardEffectiveDate>10/01/2019</AwardEffectiveDate>
<AwardExpirationDate>09/30/2024</AwardExpirationDate>
<AwardTotalIntnAmount>1572192.00</AwardTotalIntnAmount>
<AwardAmount>1300000</AwardAmount>
<AwardInstrument>
<Value>Continuing grant</Value>
</AwardInstrument>
<Organization>
<Code>05020000</Code>
<Directorate>
<Abbreviation>CSE</Abbreviation>
<LongName>Direct For Computer &amp; Info Scie &amp; Enginr</LongName>
</Directorate>
<Division>
<Abbreviation>IIS</Abbreviation>
<LongName>Div Of Information &amp; Intelligent Systems</LongName>
</Division>
</Organization>
<ProgramOfficer>
<SignBlockName>Wendy Nilsen</SignBlockName>
</ProgramOfficer>
<AbstractNarration>From poor statistical practices leading to retractions of scientific "discoveries" to low-level spreadsheet errors subverting high-stakes analyses, failures of data analysis can have catastrophic consequences. The rapid growth of data science practice in the last decade has led to large collaborative efforts to develop new data processing, machine learning, and analytics tools that put more advanced data analysis into the hands of a wider audience of practitioners, from students to scientists to designers. The most dominant tool for data science is code, where cutting-edge algorithms can be applied from an existing libraries. However, as this democratization of data science has lowered the barrier to using advanced methods, safely using these tools under sound statistical practice remains as difficult as ever. To facilitate more robust data science, this project investigates models and tools for analysis engineering by data scientists who write programs. The focus is on the complete end-to-end process of data analysis performed with code: the iterative, and often exploratory, steps that analysts go through to turn data into This project will contribute insights and characterizations of analytic work, novel methods for capturing and analyzing data science activities, and develop new programming tools and visualization methods for authoring and validating analyses. If successful, this project will augment people's ability to conduct and assess data analyses, promoting more robust results and reducing the gap between novice and expert analysts. The findings and tools from the project will be incorporated into educational efforts, including classroom teaching and tutorials and available as open source software integrated into popular analytical environments (e.g., Jupyter).&lt;br/&gt;&lt;br/&gt;Data analysis is a central activity to scientific research, yet is too often conducted in an undisciplined fashion. This project treats the entire analytic process as our central phenomenon of study. The project will employ mixed methods to study and characterize common analysis practices and pitfalls, including direct observations of data analysts, large-scale analysis of computational notebooks, and instrumentation of analytic programming environments like JupyterLab. The project will contribute new methods for specifying and safeguarding analyses, including domain-specific languages and program synthesis methods to guide users to preferred next steps. It will also explore "multiverse" workflows to manage and assess a diversity of analysis decisions. Analogues of debugging and testing tools will be developed to flag problems and perform error analysis, while the capture and visualization of analytic provenance to aid reproducibility, verification, and collaborative review. The work will be evaluated through controlled studies, classroom use, and open-source deployment for wide-scale field use.&lt;br/&gt;&lt;br/&gt;This award reflects NSF's statutory mission and has been deemed worthy of support through evaluation using the Foundation's intellectual merit and broader impacts review criteria.</AbstractNarration>
<MinAmdLetterDate>09/07/2019</MinAmdLetterDate>
<MaxAmdLetterDate>09/07/2019</MaxAmdLetterDate>
<ARRAAmount/>
<AwardID>1901386</AwardID>
<Investigator>
<FirstName>Jeffrey</FirstName>
<LastName>Heer</LastName>
<EmailAddress>jheer@cs.washington.edu</EmailAddress>
<StartDate>09/07/2019</StartDate>
<EndDate/>
<RoleCode>Principal Investigator</RoleCode>
</Investigator>
<Investigator>
<FirstName>Tim</FirstName>
<LastName>Althoff</LastName>
<EmailAddress>althoff@cs.washington.edu</EmailAddress>
<StartDate>09/07/2019</StartDate>
<EndDate/>
<RoleCode>Co-Principal Investigator</RoleCode>
</Investigator>
<Institution>
<Name>University of Washington</Name>
<CityName>Seattle</CityName>
<ZipCode>981950001</ZipCode>
<PhoneNumber>2065434043</PhoneNumber>
<StreetAddress>4333 Brooklyn Ave NE</StreetAddress>
<CountryName>United States</CountryName>
<StateName>Washington</StateName>
<StateCode>WA</StateCode>
</Institution>
<ProgramElement>
<Code>7364</Code>
<Text>Info Integration &amp; Informatics</Text>
</ProgramElement>
<ProgramElement>
<Code>8004</Code>
<Text>Software Institutes</Text>
</ProgramElement>
<ProgramReference>
<Code>026Z</Code>
<Text>NSCI: National Strategic Computing Initi</Text>
</ProgramReference>
<ProgramReference>
<Code>077Z</Code>
<Text>CSSI-1: Cyberinfr for Sustained Scientif</Text>
</ProgramReference>
<ProgramReference>
<Code>7364</Code>
<Text>INFO INTEGRATION &amp; INFORMATICS</Text>
</ProgramReference>
<ProgramReference>
<Code>7925</Code>
<Text>LARGE PROJECT</Text>
</ProgramReference>
</Award>
</rootTag>
