<?xml version="1.0" encoding="UTF-8"?>
<rootTag>
<Award>
<AwardTitle>Cybersecurity Workforce: Bridging the Gap</AwardTitle>
<AwardEffectiveDate>10/01/2019</AwardEffectiveDate>
<AwardExpirationDate>09/30/2022</AwardExpirationDate>
<AwardTotalIntnAmount>258912.00</AwardTotalIntnAmount>
<AwardAmount>258912</AwardAmount>
<AwardInstrument>
<Value>Standard Grant</Value>
</AwardInstrument>
<Organization>
<Code>11040100</Code>
<Directorate>
<Abbreviation>EHR</Abbreviation>
<LongName>Direct For Education and Human Resources</LongName>
</Directorate>
<Division>
<Abbreviation>DUE</Abbreviation>
<LongName>Division Of Undergraduate Education</LongName>
</Division>
</Organization>
<ProgramOfficer>
<SignBlockName>R.  Hovis</SignBlockName>
</ProgramOfficer>
<AbstractNarration>Keeping computers and information systems secure is a major challenge. Business, industry, and government need well-prepared technicians who can prevent, detect, and investigate cybersecurity breaches, and the growth of cyber-threats has created a need for many more workers who have appropriate, specific knowledge and skills. The demand for educated and talented cybersecurity personnel exceeds the supply in Southern Maryland, which is home to multiple naval bases, several Fortune 500 companies, and a growing list of smaller entrepreneurial enterprises. This project will contribute to growing the region's cybersecurity workforce talent pipeline and to increasing its diversity. In particular, it will develop cybersecurity professionals who are also knowledgeable in business and management.&lt;br/&gt;&lt;br/&gt;The project will implement practices shown by research to be effective, contributing to the understanding of curricular and co-curricular activities that affect recruitment, retention, student success, academic and career pathways, and degree attainment in cybersecurity. The project will introduce an updated cybersecurity curriculum that is closely aligned with the unique cybersecurity workforce needs of industry and military base partners in Southern Maryland. The curricular modifications are also aligned with continuing the college's designation as a National Center of Academic Excellence in Cyber Defense - 2-Year Education (CAE-2Y). Activities will include:&lt;br/&gt;* developing a new business area of concentration in Cybersecurity Policy, with stackable certificates and the opportunity for students to earn professional cybersecurity certifications;&lt;br/&gt;* summer orientation events;&lt;br/&gt;* boot camp workshops to prepare students for certification exams;&lt;br/&gt;* monthly cohort activities, such as guest speakers, field trips, hackathons, and career enrichment;&lt;br/&gt;* cybersecurity career awareness workshops for K-12 teachers, parents, and students;&lt;br/&gt;* a virtual learning community that will bring together students attending classes on different campuses;&lt;br/&gt;* engaging industry partners in the design of courses and curricula;&lt;br/&gt;* integrating real-life cybersecurity enrichment activities into the cybersecurity program to increase student satisfaction and improve retention; and&lt;br/&gt;* increasing the number of women, minorities, and first-generation college students entering cybersecurity careers.&lt;br/&gt;&lt;br/&gt;This project is funded by the Advanced Technological Education (ATE) program, which focuses on the education of technicians for the advanced-technology fields that drive the nation's economy.&lt;br/&gt;&lt;br/&gt;This award reflects NSF's statutory mission and has been deemed worthy of support through evaluation using the Foundation's intellectual merit and broader impacts review criteria.</AbstractNarration>
<MinAmdLetterDate>07/31/2019</MinAmdLetterDate>
<MaxAmdLetterDate>10/17/2019</MaxAmdLetterDate>
<ARRAAmount/>
<AwardID>1901757</AwardID>
<Investigator>
<FirstName>Bernice</FirstName>
<LastName>Brezina</LastName>
<EmailAddress>bdbrezina@csmd.edu</EmailAddress>
<StartDate>07/31/2019</StartDate>
<EndDate/>
<RoleCode>Co-Principal Investigator</RoleCode>
</Investigator>
<Investigator>
<FirstName>Thomas</FirstName>
<LastName>Luginbill</LastName>
<EmailAddress>tjluginbill@csmd.edu</EmailAddress>
<StartDate>07/31/2019</StartDate>
<EndDate>10/17/2019</EndDate>
<RoleCode>Former Principal Investigator</RoleCode>
</Investigator>
<Investigator>
<FirstName>Mary Beth</FirstName>
<LastName>Klinger</LastName>
<EmailAddress>mbklinger@csmd.edu</EmailAddress>
<StartDate>07/31/2019</StartDate>
<EndDate/>
<RoleCode>Co-Principal Investigator</RoleCode>
</Investigator>
<Investigator>
<FirstName>Christopher</FirstName>
<LastName>Estes</LastName>
<EmailAddress>caestes@csmd.edu</EmailAddress>
<StartDate>10/17/2019</StartDate>
<EndDate/>
<RoleCode>Principal Investigator</RoleCode>
</Investigator>
<Institution>
<Name>College of Southern Maryland</Name>
<CityName>LA PLATA</CityName>
<ZipCode>206460910</ZipCode>
<PhoneNumber>3019347627</PhoneNumber>
<StreetAddress>P.O. Box 910</StreetAddress>
<CountryName>United States</CountryName>
<StateName>Maryland</StateName>
<StateCode>MD</StateCode>
</Institution>
<ProgramElement>
<Code>7412</Code>
<Text>Advanced Tech Education Prog</Text>
</ProgramElement>
<ProgramReference>
<Code>1032</Code>
<Text>ADVANCED TECHNOLOGY EDUCATION</Text>
</ProgramReference>
<ProgramReference>
<Code>9178</Code>
<Text>UNDERGRADUATE EDUCATION</Text>
</ProgramReference>
<ProgramReference>
<Code>SMET</Code>
<Text>SCIENCE, MATH, ENG &amp; TECH EDUCATION</Text>
</ProgramReference>
</Award>
</rootTag>
