<?xml version="1.0" encoding="UTF-8"?>
<rootTag>
<Award>
<AwardTitle>Boundaries of Random Walks and Applications</AwardTitle>
<AwardEffectiveDate>04/01/2019</AwardEffectiveDate>
<AwardExpirationDate>03/31/2020</AwardExpirationDate>
<AwardTotalIntnAmount>30000.00</AwardTotalIntnAmount>
<AwardAmount>30000</AwardAmount>
<AwardInstrument>
<Value>Standard Grant</Value>
</AwardInstrument>
<Organization>
<Code>03040000</Code>
<Directorate>
<Abbreviation>MPS</Abbreviation>
<LongName>Direct For Mathematical &amp; Physical Scien</LongName>
</Directorate>
<Division>
<Abbreviation>DMS</Abbreviation>
<LongName>Division Of Mathematical Sciences</LongName>
</Division>
</Organization>
<ProgramOfficer>
<SignBlockName>Marian Bocea</SignBlockName>
</ProgramOfficer>
<AbstractNarration>This award provides funding for US participation in the conference "Boundaries of Random Walks and Applications" that will be held on June 4-6, 2019 at Bowdoin College. &lt;br/&gt; &lt;br/&gt;The conference focuses on the topic of random walks on groups, which interfaces core areas of mathematical analysis and related fields, specifically probability, ergodic theory, geometry, and operator algebras.   A number of distinguished mathematicians have agreed to attend and speak at this conference.  This award gives early career researchers, members of underrepresented groups, researchers not funded by NSF an opportunity to attend and participate in this conference.   The organizing committee will strive to make this funding opportunity known to target groups through a number of different activities.   More information will be made available at: https://sites.google.com/view/boundariesrw/home&lt;br/&gt;&lt;br/&gt;This award reflects NSF's statutory mission and has been deemed worthy of support through evaluation using the Foundation's intellectual merit and broader impacts review criteria.</AbstractNarration>
<MinAmdLetterDate>03/25/2019</MinAmdLetterDate>
<MaxAmdLetterDate>03/25/2019</MaxAmdLetterDate>
<ARRAAmount/>
<AwardID>1901147</AwardID>
<Investigator>
<FirstName>Mehrdad</FirstName>
<LastName>Kalantar</LastName>
<EmailAddress>kalantar@math.uh.edu</EmailAddress>
<StartDate>03/25/2019</StartDate>
<EndDate/>
<RoleCode>Co-Principal Investigator</RoleCode>
</Investigator>
<Investigator>
<FirstName>Giulio</FirstName>
<LastName>Tiozzo</LastName>
<EmailAddress>giulio.tiozzo@yale.edu</EmailAddress>
<StartDate>03/25/2019</StartDate>
<EndDate/>
<RoleCode>Co-Principal Investigator</RoleCode>
</Investigator>
<Investigator>
<FirstName>Behrang</FirstName>
<LastName>Forghani</LastName>
<EmailAddress>bforghan@bowdoin.edu</EmailAddress>
<StartDate>03/25/2019</StartDate>
<EndDate/>
<RoleCode>Principal Investigator</RoleCode>
</Investigator>
<Institution>
<Name>Bowdoin College</Name>
<CityName>Brunswick</CityName>
<ZipCode>040118451</ZipCode>
<PhoneNumber>2077253767</PhoneNumber>
<StreetAddress>6000 COLLEGE STA</StreetAddress>
<CountryName>United States</CountryName>
<StateName>Maine</StateName>
<StateCode>ME</StateCode>
</Institution>
<ProgramElement>
<Code>1281</Code>
<Text>ANALYSIS PROGRAM</Text>
</ProgramElement>
<ProgramReference>
<Code>7556</Code>
<Text>CONFERENCE AND WORKSHOPS</Text>
</ProgramReference>
</Award>
</rootTag>
