<?xml version="1.0" encoding="UTF-8"?>
<rootTag>
<Award>
<AwardTitle>RAPID: Characterization of Pathogens in Water, Soil and Animal Facilities for Resilience Assessment of Civil Infrastructure After Extreme Weather Events</AwardTitle>
<AwardEffectiveDate>11/15/2018</AwardEffectiveDate>
<AwardExpirationDate>10/31/2020</AwardExpirationDate>
<AwardTotalIntnAmount>60000.00</AwardTotalIntnAmount>
<AwardAmount>60000</AwardAmount>
<AwardInstrument>
<Value>Standard Grant</Value>
</AwardInstrument>
<Organization>
<Code>07030000</Code>
<Directorate>
<Abbreviation>ENG</Abbreviation>
<LongName>Directorate For Engineering</LongName>
</Directorate>
<Division>
<Abbreviation>CMMI</Abbreviation>
<LongName>Div Of Civil, Mechanical, &amp; Manufact Inn</LongName>
</Division>
</Organization>
<ProgramOfficer>
<SignBlockName>Walter Peacock</SignBlockName>
</ProgramOfficer>
<AbstractNarration>Hurricane Florence caused extensive flooding in North Carolina. Facilities housing thousands of pigs and millions of chickens were flooded, causing the spread of the hog waste, manure, animal residue and potentially releasing dangerous pathogens into the water. The inundation after hurricanes may lead to the outbreak of one or more In agricultural-dependent coastal regions and the joint impact of extreme natural events on human and animal infrastructure has not been studied. A robust civil infrastructure (animal shelters, water distribution and treatment systems, transportation, and animal waste lagoons) is critical to minimize these interactions and to limit the outbreak of diseases after a natural disaster. Surveillance and detection of a broad range of pathogens are not usually initiated until a few human cases of infection are reported. This Rapid Response Research (RAPID) project will collect key data on the presence and abundance of pathogens, which are often assumed otherwise, leading to potentially inaccurate reactive resource allocation strategies for disease outbreak prevention and containment.&lt;br/&gt;&lt;br/&gt;The objective of this RAPID project is to use genomic epidemiology combined with bioinformatics and computational phylogenetic analyses to track pathogen sources and dispersal in water bodies to create spatial pathogenic profiles. Water and soil samples will be systematically collected near flooded farms with upstream locations serving as controls. Results from field data collection and associated analysis will provide data on the abundance, presence, and source of pathogens in water to assess the functionality of water infrastructure in the studied regions. The pathogen profiles will be combined with the human population, socio-demographics, infrastructure damage information, and data from a rapid flood model to develop a preliminary index which will characterize the spatial risk of disease outbreaks in the affected region. The analysis will help provide guidance on where to focus countermeasures (infrastructure rehabilitation, medicines, emergency personal, relief, and clean water supplies) to contain the risk of infection.&lt;br/&gt;&lt;br/&gt;This award reflects NSF's statutory mission and has been deemed worthy of support through evaluation using the Foundation's intellectual merit and broader impacts review criteria.</AbstractNarration>
<MinAmdLetterDate>11/15/2018</MinAmdLetterDate>
<MaxAmdLetterDate>01/29/2019</MaxAmdLetterDate>
<ARRAAmount/>
<AwardID>1901754</AwardID>
<Investigator>
<FirstName>Rachel</FirstName>
<LastName>Whitaker</LastName>
<EmailAddress>rwhitaker@life.uiuc.edu</EmailAddress>
<StartDate>11/15/2018</StartDate>
<EndDate/>
<RoleCode>Co-Principal Investigator</RoleCode>
</Investigator>
<Investigator>
<FirstName>Thanh</FirstName>
<LastName>Nguyen</LastName>
<EmailAddress>thn@illinois.edu</EmailAddress>
<StartDate>11/15/2018</StartDate>
<EndDate/>
<RoleCode>Principal Investigator</RoleCode>
</Investigator>
<Investigator>
<FirstName>Joanna</FirstName>
<LastName>Shisler</LastName>
<EmailAddress>jshisler@illinois.edu</EmailAddress>
<StartDate>11/15/2018</StartDate>
<EndDate>01/29/2019</EndDate>
<RoleCode>Former Co-Principal Investigator</RoleCode>
</Investigator>
<Investigator>
<FirstName>Avinash</FirstName>
<LastName>Unnikrishnan</LastName>
<EmailAddress>uavinash@pdx.edu</EmailAddress>
<StartDate>11/15/2018</StartDate>
<EndDate/>
<RoleCode>Co-Principal Investigator</RoleCode>
</Investigator>
<Investigator>
<FirstName>Antarpreet</FirstName>
<LastName>Jutla</LastName>
<EmailAddress>ajutla@ufl.edu</EmailAddress>
<StartDate>11/15/2018</StartDate>
<EndDate/>
<RoleCode>Co-Principal Investigator</RoleCode>
</Investigator>
<Institution>
<Name>University of Illinois at Urbana-Champaign</Name>
<CityName>Champaign</CityName>
<ZipCode>618207406</ZipCode>
<PhoneNumber>2173332187</PhoneNumber>
<StreetAddress>1901 South First Street</StreetAddress>
<CountryName>United States</CountryName>
<StateName>Illinois</StateName>
<StateCode>IL</StateCode>
</Institution>
<ProgramElement>
<Code>1440</Code>
<Text>EnvE-Environmental Engineering</Text>
</ProgramElement>
<ProgramElement>
<Code>1631</Code>
<Text>CIS-Civil Infrastructure Syst</Text>
</ProgramElement>
<ProgramReference>
<Code>029E</Code>
<Text>INFRASTRUCTURE SYSTEMS MGT</Text>
</ProgramReference>
<ProgramReference>
<Code>036E</Code>
<Text>CIVIL INFRASTRUCTURE</Text>
</ProgramReference>
<ProgramReference>
<Code>080Z</Code>
<Text>Research related to Hurricane Florence</Text>
</ProgramReference>
<ProgramReference>
<Code>1057</Code>
<Text>CIS BASE RESEARCH</Text>
</ProgramReference>
<ProgramReference>
<Code>7914</Code>
<Text>RAPID</Text>
</ProgramReference>
<ProgramReference>
<Code>9102</Code>
<Text>WOMEN, MINORITY, DISABLED, NEC</Text>
</ProgramReference>
<ProgramReference>
<Code>9178</Code>
<Text>UNDERGRADUATE EDUCATION</Text>
</ProgramReference>
<ProgramReference>
<Code>9179</Code>
<Text>GRADUATE INVOLVEMENT</Text>
</ProgramReference>
</Award>
</rootTag>
