<?xml version="1.0" encoding="UTF-8"?>
<rootTag>
<Award>
<AwardTitle>CHS: Medium: Improving Information Accessibility with Sign Language First Technology</AwardTitle>
<AwardEffectiveDate>10/01/2019</AwardEffectiveDate>
<AwardExpirationDate>09/30/2022</AwardExpirationDate>
<AwardTotalIntnAmount>991840.00</AwardTotalIntnAmount>
<AwardAmount>352084</AwardAmount>
<AwardInstrument>
<Value>Continuing grant</Value>
</AwardInstrument>
<Organization>
<Code>05020000</Code>
<Directorate>
<Abbreviation>CSE</Abbreviation>
<LongName>Direct For Computer &amp; Info Scie &amp; Enginr</LongName>
</Directorate>
<Division>
<Abbreviation>IIS</Abbreviation>
<LongName>Div Of Information &amp; Intelligent Systems</LongName>
</Division>
</Organization>
<ProgramOfficer>
<SignBlockName>Ephraim Glinert</SignBlockName>
</ProgramOfficer>
<AbstractNarration>In the United States, American Sign Language (ASL) is the primary language of many deaf adults, and many deaf students receive classroom instruction in ASL while learning English as a second language. However, most interactive computing tools are presented and navigated exclusively in English, even those designed for deaf audiences. Making access to technology contingent upon a sufficient command of a second language creates significant barriers and access delays for deaf individuals. This project takes a human-centered computing approach to build a foundation that advances understanding of how deaf individuals could work and learn in environments that are designed with their needs and preferences at the forefront.  It investigates the feasibility and effectiveness of new SL1 technology, which will provide delivery of signed language (SL) content by allowing deaf signers to navigate, search, and interact with technology completely in their first language (L1). The optimization of SL1-based user interfaces has never before been attempted and could lead to a breakthrough in historic communication and learning barriers; determining preferences, needs and optimized presentation of information for Deaf users will benefit this population and future populations of ASL signers. Technology that is truly accessible to deaf SL-signers has the power to facilitate lifelong learning, enhance access to educational content such as STEM topics, improve career opportunities, and allow SL-based organization of SL corpora, assessments, dictionaries, learning and employment resources. This work will directly impact deaf individuals, parents, interpreters, teachers, and students studying SL.  Direct collaboration with deaf graduate and undergraduate students, deaf faculty, and deaf researchers, along with several partner schools for the deaf will ensure that the Deaf community has an instrumental leadership role in the design of future tools that meet their needs.&lt;br/&gt;&lt;br/&gt;Because there are no character-based written forms for signed languages, SL1 technology requires the development of SL-based user interface components, including menus, navigation, and search functions. Building on the team's prior work on the ASL STEM Concept Learning Resource (ASL Clear), and the ASL Assessment Instrument (ASLAI), this project will explore the viability, benefits, and impacts of sign language user interfaces, identify design considerations and best practices for this technology, and identify challenges for the integration of sign language into interactive systems. A formative study with deaf adults will explore challenges encountered with existing technology resources, and user needs and preferences for SL-based tools. Through an iterative and participatory design process, the team will study and refine appropriate layout, search and navigation designs in interactive computing contexts, then develop design guidelines that optimize the experiences of deaf users. The results will contribute new human-computer interaction techniques, design guidelines for optimizing technology for deaf users, exposure of barriers and features needing technical improvement, and empirical evidence and subjective feedback on the benefits of such interfaces on user task performance.&lt;br/&gt;&lt;br/&gt;This award reflects NSF's statutory mission and has been deemed worthy of support through evaluation using the Foundation's intellectual merit and broader impacts review criteria.</AbstractNarration>
<MinAmdLetterDate>09/03/2019</MinAmdLetterDate>
<MaxAmdLetterDate>09/03/2019</MaxAmdLetterDate>
<ARRAAmount/>
<AwardID>1901026</AwardID>
<Investigator>
<FirstName>Erin</FirstName>
<LastName>Solovey</LastName>
<EmailAddress>esolovey@wpi.edu</EmailAddress>
<StartDate>09/03/2019</StartDate>
<EndDate/>
<RoleCode>Principal Investigator</RoleCode>
</Investigator>
<Investigator>
<FirstName>Jeanne</FirstName>
<LastName>Reis</LastName>
<EmailAddress>jeanne_reis@tlcdeaf.org</EmailAddress>
<StartDate>09/03/2019</StartDate>
<EndDate/>
<RoleCode>Co-Principal Investigator</RoleCode>
</Investigator>
<Institution>
<Name>Worcester Polytechnic Institute</Name>
<CityName>WORCESTER</CityName>
<ZipCode>016092247</ZipCode>
<PhoneNumber>5088315000</PhoneNumber>
<StreetAddress>100 INSTITUTE RD</StreetAddress>
<CountryName>United States</CountryName>
<StateName>Massachusetts</StateName>
<StateCode>MA</StateCode>
</Institution>
<ProgramElement>
<Code>7367</Code>
<Text>CHS-Cyber-Human Systems</Text>
</ProgramElement>
<ProgramReference>
<Code>7367</Code>
<Text>Cyber-Human Systems</Text>
</ProgramReference>
<ProgramReference>
<Code>7924</Code>
<Text>MEDIUM PROJECT</Text>
</ProgramReference>
</Award>
</rootTag>
