<?xml version="1.0" encoding="UTF-8"?>
<rootTag>
<Award>
<AwardTitle>NSF Student Travel Grant for 2019 IEEE Computer Security Foundations Symposium (CSF19)</AwardTitle>
<AwardEffectiveDate>04/01/2019</AwardEffectiveDate>
<AwardExpirationDate>03/31/2020</AwardExpirationDate>
<AwardTotalIntnAmount>12000.00</AwardTotalIntnAmount>
<AwardAmount>12000</AwardAmount>
<AwardInstrument>
<Value>Standard Grant</Value>
</AwardInstrument>
<Organization>
<Code>05050000</Code>
<Directorate>
<Abbreviation>CSE</Abbreviation>
<LongName>Direct For Computer &amp; Info Scie &amp; Enginr</LongName>
</Directorate>
<Division>
<Abbreviation>CNS</Abbreviation>
<LongName>Division Of Computer and Network Systems</LongName>
</Division>
</Organization>
<ProgramOfficer>
<SignBlockName>Nina Amla</SignBlockName>
</ProgramOfficer>
<AbstractNarration>This proposal supports student travel to attend the 2018 Computer Security Foundations Symposium (CSF) to be held in Hoboken, New Jersey in Summer 2018. CSF is an annual conference for researchers in computer security, to examine current theories of security, the formal models that provide a context for those theories, and techniques for verifying security. This travel grant will enable career development and learning opportunities for US-based and/or US citizen graduate students. Attending conferences is an important component of graduate school education for our society's future computer security researchers. Students have the opportunity to discuss leading edge research with world-class computer security researchers, and establish networks, connections, and mentoring relationships that will serve them well during their research careers.&lt;br/&gt;&lt;br/&gt;This award reflects NSF's statutory mission and has been deemed worthy of support through evaluation using the Foundation's intellectual merit and broader impacts review criteria.</AbstractNarration>
<MinAmdLetterDate>11/01/2018</MinAmdLetterDate>
<MaxAmdLetterDate>11/01/2018</MaxAmdLetterDate>
<ARRAAmount/>
<AwardID>1901636</AwardID>
<Investigator>
<FirstName>Limin</FirstName>
<LastName>Jia</LastName>
<EmailAddress>liminjia@cmu.edu</EmailAddress>
<StartDate>11/01/2018</StartDate>
<EndDate/>
<RoleCode>Principal Investigator</RoleCode>
</Investigator>
<Institution>
<Name>Carnegie-Mellon University</Name>
<CityName>PITTSBURGH</CityName>
<ZipCode>152133815</ZipCode>
<PhoneNumber>4122688746</PhoneNumber>
<StreetAddress>5000 Forbes Avenue</StreetAddress>
<CountryName>United States</CountryName>
<StateName>Pennsylvania</StateName>
<StateCode>PA</StateCode>
</Institution>
<ProgramElement>
<Code>8060</Code>
<Text>Secure &amp;Trustworthy Cyberspace</Text>
</ProgramElement>
<ProgramReference>
<Code>025Z</Code>
<Text>SaTC: Secure and Trustworthy Cyberspace</Text>
</ProgramReference>
<ProgramReference>
<Code>7434</Code>
<Text>CNCI</Text>
</ProgramReference>
<ProgramReference>
<Code>7556</Code>
<Text>CONFERENCE AND WORKSHOPS</Text>
</ProgramReference>
<ProgramReference>
<Code>9102</Code>
<Text>WOMEN, MINORITY, DISABLED, NEC</Text>
</ProgramReference>
</Award>
</rootTag>
