<?xml version="1.0" encoding="UTF-8"?>
<rootTag>
<Award>
<AwardTitle>RR Lyrae/Cepheid 2019 Conference</AwardTitle>
<AwardEffectiveDate>09/01/2019</AwardEffectiveDate>
<AwardExpirationDate>03/31/2020</AwardExpirationDate>
<AwardTotalIntnAmount>31433.00</AwardTotalIntnAmount>
<AwardAmount>31433</AwardAmount>
<AwardInstrument>
<Value>Standard Grant</Value>
</AwardInstrument>
<Organization>
<Code>03020000</Code>
<Directorate>
<Abbreviation>MPS</Abbreviation>
<LongName>Direct For Mathematical &amp; Physical Scien</LongName>
</Directorate>
<Division>
<Abbreviation>AST</Abbreviation>
<LongName>Division Of Astronomical Sciences</LongName>
</Division>
</Organization>
<ProgramOfficer>
<SignBlockName>Hans Krimm</SignBlockName>
</ProgramOfficer>
<AbstractNarration>This conference will bring together researchers and students, observers and theorists representing a variety of surveys and missions for the presentation and discussion of the latest discoveries and on-going work with RR Lyrae and Cepheid type pulsating variable stars.  During the meeting, participants will discuss and share the latest results from a variety of datasets (ground-based surveys and space-based missions), the latest theoretical models (from hydrodynamical codes describing stellar interiors, stellar evolution of pulsating stars, and pulsation theory), and topics on the small (binary systems) and large (near-field cosmology) scale.   The conference is scheduled for October 13-18, 2019 in Cloudcroft, New Mexico.&lt;br/&gt;&lt;br/&gt;The conference is well situated to bring astronomy to the local communities in southeastern New Mexico. One aim to broaden the impact of the meeting is to engage with the local Native Americans to share their understanding of the night sky with our group of scientists. This cultural exchange is expected to be illuminating and inspirational, and educational for everyone. The second aim is to reach out to the amateur astronomy community to encourage joint research projects with professional astronomers.&lt;br/&gt;&lt;br/&gt;This award reflects NSF's statutory mission and has been deemed worthy of support through evaluation using the Foundation's intellectual merit and broader impacts review criteria.</AbstractNarration>
<MinAmdLetterDate>03/15/2019</MinAmdLetterDate>
<MaxAmdLetterDate>03/15/2019</MaxAmdLetterDate>
<ARRAAmount/>
<AwardID>1901654</AwardID>
<Investigator>
<FirstName>Karen</FirstName>
<LastName>Kinemuchi</LastName>
<EmailAddress>kinemuchi@apo.nmsu.edu</EmailAddress>
<StartDate>03/15/2019</StartDate>
<EndDate/>
<RoleCode>Principal Investigator</RoleCode>
</Investigator>
<Institution>
<Name>New Mexico State University</Name>
<CityName>Las Cruces</CityName>
<ZipCode>880038002</ZipCode>
<PhoneNumber>5756461590</PhoneNumber>
<StreetAddress>Corner of Espina St. &amp; Stewart</StreetAddress>
<CountryName>United States</CountryName>
<StateName>New Mexico</StateName>
<StateCode>NM</StateCode>
</Institution>
<ProgramElement>
<Code>1215</Code>
<Text>STELLAR ASTRONOMY &amp; ASTROPHYSC</Text>
</ProgramElement>
<ProgramReference>
<Code>1206</Code>
<Text>THEORETICAL &amp; COMPUTATIONAL ASTROPHYSICS</Text>
</ProgramReference>
<ProgramReference>
<Code>1207</Code>
<Text>OBSERVATIONAL ASTRONOMY</Text>
</ProgramReference>
<ProgramReference>
<Code>7556</Code>
<Text>CONFERENCE AND WORKSHOPS</Text>
</ProgramReference>
<ProgramReference>
<Code>9150</Code>
<Text>EXP PROG TO STIM COMP RES</Text>
</ProgramReference>
</Award>
</rootTag>
