<?xml version="1.0" encoding="UTF-8"?>
<rootTag>
<Award>
<AwardTitle>CHS: Medium: Geometric Deep Learning for Accurate and Efficient Physics Simulation</AwardTitle>
<AwardEffectiveDate>09/01/2019</AwardEffectiveDate>
<AwardExpirationDate>08/31/2023</AwardExpirationDate>
<AwardTotalIntnAmount>1180756.00</AwardTotalIntnAmount>
<AwardAmount>298199</AwardAmount>
<AwardInstrument>
<Value>Continuing grant</Value>
</AwardInstrument>
<Organization>
<Code>05020000</Code>
<Directorate>
<Abbreviation>CSE</Abbreviation>
<LongName>Direct For Computer &amp; Info Scie &amp; Enginr</LongName>
</Directorate>
<Division>
<Abbreviation>IIS</Abbreviation>
<LongName>Div Of Information &amp; Intelligent Systems</LongName>
</Division>
</Organization>
<ProgramOfficer>
<SignBlockName>Ephraim Glinert</SignBlockName>
</ProgramOfficer>
<AbstractNarration>The simulation of deformable objects is a widely used technology at the core of many disciplines, from automobile and aircraft design to computer graphics and animation. Simulation methods have been historically split into two broad categories: either they are designed to be accurate but slow, or they are designed to operate in real-time at the expense of accuracy. The first category is usually based on high-resolution and complex models for the materials and the underlying physics, which are accurately solved using intense computing.  Whereas the second category trades-off such accuracy for speed, so that the systems can be made interactive. This project will develop novel deep learning techniques that are able to combine both accuracy and efficiency, by leveraging physical priors in the design of neural network architectures. Such priors may be expressed in terms of conservation laws (such as energy or momentum), or with prespecified symmetries (such as invariance of the system to viewpoint changes). If successful, project outcomes will bring closer together high-precision scientific computing, real-time simulation, and machine learning. The applications of such redefined physical simulation are vast and go far beyond those covered by the present project, impacting broad areas of mechanical engineering, material design, and physical sciences. The project will promote cross-disciplinary collaborations across different areas of engineering, machine learning and physics, and will support education and diversity by creating novel courses and outreach activities integrating the above disciplines.&lt;br/&gt;&lt;br/&gt;The goal of this project is to develop a novel paradigm for physical simulation, based on a tight integration between accurate mathematical modeling of the underlying physics and a data-driven pipeline that provides adaptation and efficiency. For this purpose, geometric deep learning techniques will be enhanced with physics-based priors and with a novel self-supervised training paradigm, whereby the tradeoff between accuracy and computational efficiency can be explicitly controlled. Specifically, on the machine learning side, neural networks that operate on 2D and 3D meshes will be developed that contain the inductive biases of classical mechanics such as rigid motion invariance and stability to local deformations, and are able to scale to the hundreds of thousands of degrees of freedom that are typical in simulation applications. On the simulation side, the project will determine the components of the simulation pipeline that can be effectively accelerated by neural networks while maintaining full control over accuracy. The developed techniques will be demonstrated on two representative applications: the acceleration of simulations for metamaterial design and the risk-averse optimization of aircraft wings.&lt;br/&gt;&lt;br/&gt;This award reflects NSF's statutory mission and has been deemed worthy of support through evaluation using the Foundation's intellectual merit and broader impacts review criteria.</AbstractNarration>
<MinAmdLetterDate>08/19/2019</MinAmdLetterDate>
<MaxAmdLetterDate>08/19/2019</MaxAmdLetterDate>
<ARRAAmount/>
<AwardID>1901091</AwardID>
<Investigator>
<FirstName>Denis</FirstName>
<LastName>Zorin</LastName>
<EmailAddress>dzorin@mrl.nyu.edu</EmailAddress>
<StartDate>08/19/2019</StartDate>
<EndDate/>
<RoleCode>Co-Principal Investigator</RoleCode>
</Investigator>
<Investigator>
<FirstName>Daniele</FirstName>
<LastName>Panozzo</LastName>
<EmailAddress>panozzo@nyu.edu</EmailAddress>
<StartDate>08/19/2019</StartDate>
<EndDate/>
<RoleCode>Co-Principal Investigator</RoleCode>
</Investigator>
<Investigator>
<FirstName>Joan</FirstName>
<LastName>Bruna Estrach</LastName>
<EmailAddress>jb4496@nyu.edu</EmailAddress>
<StartDate>08/19/2019</StartDate>
<EndDate/>
<RoleCode>Principal Investigator</RoleCode>
</Investigator>
<Investigator>
<FirstName>Benjamin</FirstName>
<LastName>Peherstorfer</LastName>
<EmailAddress>pehersto@cims.nyu.edu</EmailAddress>
<StartDate>08/19/2019</StartDate>
<EndDate/>
<RoleCode>Co-Principal Investigator</RoleCode>
</Investigator>
<Institution>
<Name>New York University</Name>
<CityName>NEW YORK</CityName>
<ZipCode>100121019</ZipCode>
<PhoneNumber>2129982121</PhoneNumber>
<StreetAddress>70 WASHINGTON SQUARE S</StreetAddress>
<CountryName>United States</CountryName>
<StateName>New York</StateName>
<StateCode>NY</StateCode>
</Institution>
<ProgramElement>
<Code>7367</Code>
<Text>CHS-Cyber-Human Systems</Text>
</ProgramElement>
<ProgramReference>
<Code>7367</Code>
<Text>Cyber-Human Systems</Text>
</ProgramReference>
<ProgramReference>
<Code>7924</Code>
<Text>MEDIUM PROJECT</Text>
</ProgramReference>
</Award>
</rootTag>
