<?xml version="1.0" encoding="UTF-8"?>
<rootTag>
<Award>
<AwardTitle>Investigations in Combinatorics and Number Theory via Ergodic Theoretic Methods</AwardTitle>
<AwardEffectiveDate>07/01/2019</AwardEffectiveDate>
<AwardExpirationDate>06/30/2022</AwardExpirationDate>
<AwardTotalIntnAmount>116675.00</AwardTotalIntnAmount>
<AwardAmount>116675</AwardAmount>
<AwardInstrument>
<Value>Standard Grant</Value>
</AwardInstrument>
<Organization>
<Code>03040000</Code>
<Directorate>
<Abbreviation>MPS</Abbreviation>
<LongName>Direct For Mathematical &amp; Physical Scien</LongName>
</Directorate>
<Division>
<Abbreviation>DMS</Abbreviation>
<LongName>Division Of Mathematical Sciences</LongName>
</Division>
</Organization>
<ProgramOfficer>
<SignBlockName>Marian Bocea</SignBlockName>
</ProgramOfficer>
<AbstractNarration>Historically, the theory of dynamical systems was rooted in the study of the movement of macroscopic objects (such as moons, planets, etc.) and microscopic particles (such as molecules and atoms). Today, it is a vast area that pursues the study of orbits and transformations in general systems evolving with time. It is a rich and active research area that not only plays an important role in contemporary mathematics, but also greatly contributes to other sciences and finds many applications. This project seeks to improve upon the analytic tools and techniques available in dynamical systems, with anticipated impact in a wide range of fields.&lt;br/&gt;&lt;br/&gt;The primary objectives of this project are concentrated at the interface of three different areas in pure mathematics: the theory of dynamical systems, combinatorics, and number theory. The employment of analytic tools stemming from measurable, topological, and symbolic dynamics often offers novel ways to analyze number-theoretic and combinatorial situations. This approach has proven to be powerful in solving seemingly intractable problems. In the same vein, this project aims to address, and potentially settle, conjectures and open questions in arithmetic combinatorics and number theory with the help of dynamical methods. The main challenges of the project range from recasting problems in discrete mathematics in a dynamical language to developing the pertinent dynamical tools for solving these reformulations.&lt;br/&gt;&lt;br/&gt;This award reflects NSF's statutory mission and has been deemed worthy of support through evaluation using the Foundation's intellectual merit and broader impacts review criteria.</AbstractNarration>
<MinAmdLetterDate>06/21/2019</MinAmdLetterDate>
<MaxAmdLetterDate>06/21/2019</MaxAmdLetterDate>
<ARRAAmount/>
<AwardID>1901453</AwardID>
<Investigator>
<FirstName>Florian</FirstName>
<LastName>Richter</LastName>
<EmailAddress>FKR@NORTHWESTERN.EDU</EmailAddress>
<StartDate>06/21/2019</StartDate>
<EndDate/>
<RoleCode>Principal Investigator</RoleCode>
</Investigator>
<Institution>
<Name>Northwestern University</Name>
<CityName>Evanston</CityName>
<ZipCode>602013149</ZipCode>
<PhoneNumber>8474913003</PhoneNumber>
<StreetAddress>1801 Maple Ave.</StreetAddress>
<CountryName>United States</CountryName>
<StateName>Illinois</StateName>
<StateCode>IL</StateCode>
</Institution>
<ProgramElement>
<Code>1281</Code>
<Text>ANALYSIS PROGRAM</Text>
</ProgramElement>
</Award>
</rootTag>
