<?xml version="1.0" encoding="UTF-8"?>
<rootTag>
<Award>
<AwardTitle>Motivic and Equivariant Tensor-Triangular Geometry</AwardTitle>
<AwardEffectiveDate>07/01/2019</AwardEffectiveDate>
<AwardExpirationDate>06/30/2022</AwardExpirationDate>
<AwardTotalIntnAmount>319897.00</AwardTotalIntnAmount>
<AwardAmount>319897</AwardAmount>
<AwardInstrument>
<Value>Standard Grant</Value>
</AwardInstrument>
<Organization>
<Code>03040000</Code>
<Directorate>
<Abbreviation>MPS</Abbreviation>
<LongName>Direct For Mathematical &amp; Physical Scien</LongName>
</Directorate>
<Division>
<Abbreviation>DMS</Abbreviation>
<LongName>Division Of Mathematical Sciences</LongName>
</Division>
</Organization>
<ProgramOfficer>
<SignBlockName>James Matthew Douglass</SignBlockName>
</ProgramOfficer>
<AbstractNarration>An exciting aspect of any scientific research, in particular in mathematics, is the opportunity to merge a priori disparate phenomena into a unified theory. Such unification makes research more efficient overall, reduces duplication, and fosters creativity. The transposition of technical methods from one field to another, in potentially unexpected ways, not only strengthens research but often inspires new ideas that lead to breakthroughs. This project is concerned with such a unification, known as "Tensor-Triangular Geometry," that merges aspects of topology, algebraic geometry, representation theory and of other areas of mathematics under a single umbrella. In this project, Tensor-Triangular Geometry will be deployed at the interface of modular representation theory of finite groups and the theory of motives in number theory. The explicit nature of the former enhances our understanding of the latter, providing classification results among other applications. Graduate students will be trained through the research.&lt;br/&gt; &lt;br/&gt;The specific objectives of this project are the classifications of objects that appear in two categories in two distinct areas. On one hand, one can consider Artin-Tate motives over various ground fields in Voevodsky's derived category of motives, and on the other one can consider complexes of filtered representations over pro-finite groups, typically the absolute Galois groups of the above fields. Thanks to tensor-triangular geometry, such classifications are equivalent to the computation of a space (the spectrum) associated to the categories in question. The proposed methods involve etale extensions in tensor-triangular geometry. These extensions are a new development that have incarnations in both settings, as finite extensions of the ground field in the motivic case and as the corresponding restriction to finite-index subgroups in the equivariant case. Understanding Artin-Tate motives via filtered representations in turn sheds new light on the classification of objects in the larger and more mysterious category of motives, which is a long-term goal of researchers in the field.&lt;br/&gt;&lt;br/&gt;This award reflects NSF's statutory mission and has been deemed worthy of support through evaluation using the Foundation's intellectual merit and broader impacts review criteria.</AbstractNarration>
<MinAmdLetterDate>06/21/2019</MinAmdLetterDate>
<MaxAmdLetterDate>06/21/2019</MaxAmdLetterDate>
<ARRAAmount/>
<AwardID>1901696</AwardID>
<Investigator>
<FirstName>Paul</FirstName>
<LastName>Balmer</LastName>
<EmailAddress>balmer@math.ucla.edu</EmailAddress>
<StartDate>06/21/2019</StartDate>
<EndDate/>
<RoleCode>Principal Investigator</RoleCode>
</Investigator>
<Institution>
<Name>University of California-Los Angeles</Name>
<CityName>LOS ANGELES</CityName>
<ZipCode>900951406</ZipCode>
<PhoneNumber>3107940102</PhoneNumber>
<StreetAddress>10889 Wilshire Boulevard</StreetAddress>
<CountryName>United States</CountryName>
<StateName>California</StateName>
<StateCode>CA</StateCode>
</Institution>
<ProgramElement>
<Code>1264</Code>
<Text>ALGEBRA,NUMBER THEORY,AND COM</Text>
</ProgramElement>
<ProgramElement>
<Code>1267</Code>
<Text>TOPOLOGY</Text>
</ProgramElement>
</Award>
</rootTag>
