<?xml version="1.0" encoding="UTF-8"?>
<rootTag>
<Award>
<AwardTitle>CHS: Medium: Collaborative Research: Collaborative Online Learning and Control for Motor Prosthesis</AwardTitle>
<AwardEffectiveDate>09/01/2019</AwardEffectiveDate>
<AwardExpirationDate>08/31/2022</AwardExpirationDate>
<AwardTotalIntnAmount>508255.00</AwardTotalIntnAmount>
<AwardAmount>166481</AwardAmount>
<AwardInstrument>
<Value>Continuing grant</Value>
</AwardInstrument>
<Organization>
<Code>05020000</Code>
<Directorate>
<Abbreviation>CSE</Abbreviation>
<LongName>Direct For Computer &amp; Info Scie &amp; Enginr</LongName>
</Directorate>
<Division>
<Abbreviation>IIS</Abbreviation>
<LongName>Div Of Information &amp; Intelligent Systems</LongName>
</Division>
</Organization>
<ProgramOfficer>
<SignBlockName>Ephraim Glinert</SignBlockName>
</ProgramOfficer>
<AbstractNarration>It is estimated that approximately 5.4 million people in the United States live with some form of paralysis, defined as a central nervous system disorder resulting in difficulty or inability to move the upper and/or lower extremities. Many paralyzed individuals consider restoration of lost basic motor functions such as grasping and walking as important abilities that could improve their quality of life. The goal of this project is to develop and evaluate advanced machine learning algorithms that enable quadriplegic individuals to control a robotic hand with heterologous muscles (that is, muscles not typically involved in moving the limbs; for example, muscles of the neck). To enable this research, prospective algorithms will be initially evaluated in normally-enabled individuals. The most promising algorithms will subsequently be evaluated in quadriplegic individuals. This research is a first step toward providing benefit to the paralyzed community by creating pathways toward the development and commercialization of functional motor prosthetic systems. Paralyzed individuals can be trained to use the system by planning the movements in their minds, much like moving their natural limbs. Success of this research could lead to a significant advance in improving function and quality of life for individuals affected by stroke or spinal cord injury. High-School students as well as undergraduate and graduate students will be trained on this multi-disciplinary project.&lt;br/&gt;&lt;br/&gt;This research involves learning human intent from biological signals, extracting higher-level goals using sensors embodied in the patient, and developing controllers for motor manipulation based on estimated motor movement intent and higher-level goals. Specific sub-goals proposed to achieve the overall goal of the project include: a collaborative brain-machine learning system that trains the human brain to remap limb movement control to heterologous muscles while simultaneously training the machine to interpret the movement intent from surface electromyograms of the heterologous muscles; algorithms to extract higher-level movement goals using biologic and auxiliary sensor signals; shared brain-machine controllers of robotic hands using the extracted goal and decoded movement intent; and experimental assessment of the capabilities of the methods on individuals with paralysis of the upper limbs. In addition to the innovations in the development of motor prostheses for people with paralysis of the limbs, the proposed research will provide new insights into online learning in nonlinear and time-varying environments, collaborative brain-machine learning, and shared brain-machine control algorithms for motor prostheses.&lt;br/&gt;&lt;br/&gt;This award reflects NSF's statutory mission and has been deemed worthy of support through evaluation using the Foundation's intellectual merit and broader impacts review criteria.</AbstractNarration>
<MinAmdLetterDate>08/26/2019</MinAmdLetterDate>
<MaxAmdLetterDate>08/26/2019</MaxAmdLetterDate>
<ARRAAmount/>
<AwardID>1901236</AwardID>
<Investigator>
<FirstName>Gregory</FirstName>
<LastName>Clark</LastName>
<EmailAddress>greg.clark@m.cc.utah.edu</EmailAddress>
<StartDate>08/26/2019</StartDate>
<EndDate/>
<RoleCode>Co-Principal Investigator</RoleCode>
</Investigator>
<Investigator>
<FirstName>David</FirstName>
<LastName>Warren</LastName>
<EmailAddress>David.Warren@utah.edu</EmailAddress>
<StartDate>08/26/2019</StartDate>
<EndDate/>
<RoleCode>Principal Investigator</RoleCode>
</Investigator>
<Institution>
<Name>University of Utah</Name>
<CityName>SALT LAKE CITY</CityName>
<ZipCode>841128930</ZipCode>
<PhoneNumber>8015816903</PhoneNumber>
<StreetAddress>75 S 2000 E</StreetAddress>
<CountryName>United States</CountryName>
<StateName>Utah</StateName>
<StateCode>UT</StateCode>
</Institution>
<ProgramElement>
<Code>7367</Code>
<Text>CHS-Cyber-Human Systems</Text>
</ProgramElement>
<ProgramReference>
<Code>7367</Code>
<Text>Cyber-Human Systems</Text>
</ProgramReference>
<ProgramReference>
<Code>7924</Code>
<Text>MEDIUM PROJECT</Text>
</ProgramReference>
</Award>
</rootTag>
