<?xml version="1.0" encoding="UTF-8"?>
<rootTag>
<Award>
<AwardTitle>Excellence in Research: A Network-centric Framework for Cyber Threat Intelligence</AwardTitle>
<AwardEffectiveDate>06/01/2019</AwardEffectiveDate>
<AwardExpirationDate>05/31/2022</AwardExpirationDate>
<AwardTotalIntnAmount>249990.00</AwardTotalIntnAmount>
<AwardAmount>249990</AwardAmount>
<AwardInstrument>
<Value>Standard Grant</Value>
</AwardInstrument>
<Organization>
<Code>05050000</Code>
<Directorate>
<Abbreviation>CSE</Abbreviation>
<LongName>Direct For Computer &amp; Info Scie &amp; Enginr</LongName>
</Directorate>
<Division>
<Abbreviation>CNS</Abbreviation>
<LongName>Division Of Computer and Network Systems</LongName>
</Division>
</Organization>
<ProgramOfficer>
<SignBlockName>Fay Cobb Payton</SignBlockName>
</ProgramOfficer>
<AbstractNarration>This project seeks to develop a Network-centric classification as the central component of a Cyber Threat Intelligence framework.  This framework will permit security personnel to analyze a broad spectrum of information harvested from different sources. In addition, the research proposes an analytical approach to the study of network structure and the prediction of network behavior in the context of this framework. The ability to accurately model these characteristics provides a strong theoretical and practical basis for the Cyber Threat Intelligence framework.&lt;br/&gt;&lt;br/&gt;This award reflects NSF's statutory mission and has been deemed worthy of support through evaluation using the Foundation's intellectual merit and broader impacts review criteria.</AbstractNarration>
<MinAmdLetterDate>05/09/2019</MinAmdLetterDate>
<MaxAmdLetterDate>05/09/2019</MaxAmdLetterDate>
<ARRAAmount/>
<AwardID>1901150</AwardID>
<Investigator>
<FirstName>Roy</FirstName>
<LastName>George</LastName>
<EmailAddress>rgeorge@cau.edu</EmailAddress>
<StartDate>05/09/2019</StartDate>
<EndDate/>
<RoleCode>Principal Investigator</RoleCode>
</Investigator>
<Institution>
<Name>Clark Atlanta University</Name>
<CityName>Atlanta</CityName>
<ZipCode>303144358</ZipCode>
<PhoneNumber>4048806990</PhoneNumber>
<StreetAddress>223 James P. Brawley Dr. S.W.</StreetAddress>
<CountryName>United States</CountryName>
<StateName>Georgia</StateName>
<StateCode>GA</StateCode>
</Institution>
<ProgramElement>
<Code>1594</Code>
<Text>Hist Black Colleges and Univ</Text>
</ProgramElement>
<ProgramElement>
<Code>1714</Code>
<Text>Special Projects - CNS</Text>
</ProgramElement>
<ProgramReference>
<Code>041Z</Code>
<Text>HBCU-Strengthening Research Capacities</Text>
</ProgramReference>
<ProgramReference>
<Code>9178</Code>
<Text>UNDERGRADUATE EDUCATION</Text>
</ProgramReference>
</Award>
</rootTag>
