<?xml version="1.0" encoding="UTF-8"?>
<rootTag>
<Award>
<AwardTitle>RAPID: Collaborative Research: Assessing chemical and microbiological contamination in environmental waters in Eastern North Carolina after Hurricane Florence</AwardTitle>
<AwardEffectiveDate>12/01/2018</AwardEffectiveDate>
<AwardExpirationDate>11/30/2019</AwardExpirationDate>
<AwardTotalIntnAmount>99694.00</AwardTotalIntnAmount>
<AwardAmount>99694</AwardAmount>
<AwardInstrument>
<Value>Standard Grant</Value>
</AwardInstrument>
<Organization>
<Code>07020000</Code>
<Directorate>
<Abbreviation>ENG</Abbreviation>
<LongName>Directorate For Engineering</LongName>
</Directorate>
<Division>
<Abbreviation>CBET</Abbreviation>
<LongName>Div Of Chem, Bioeng, Env, &amp; Transp Sys</LongName>
</Division>
</Organization>
<ProgramOfficer>
<SignBlockName>Karl Rockne</SignBlockName>
</ProgramOfficer>
<AbstractNarration>Hurricane Florence passed through southeast North Carolina in 2018 resulting in widespread flooding. The counties most affected by flooding house thousands of swine and poultry confined animal feeding operations (CAFOs). These areas are also home to many low-income, African American, Hispanic, and American Indian communities. The objective of this research is to study the spread of contaminants into the environment caused by Hurricane floodwaters. The pollutants assessed include heavy metals from coal ash, emerging chemical contaminants related to industrial and municipal wastewater, and pathogens and nutrients associated with CAFOs. This project will result in improved understanding of the risks posed by extreme flooding. Local communities affected by the flooding will be engaged in this research through the identification of sampling sites and communication of research results. The results will have broader impact through the identification of waste management operations that can be modified to prevent such releases in future flooding events.&lt;br/&gt;&lt;br/&gt;The central aim of this work is to assess microbial and chemical contamination of the environment near livestock and industrial operations flooding caused by Hurricane Florence floodwaters. A secondary aim is to understand the relative impacts of different land-usage and livestock waste management practices on contaminant loading. To achieve these aims, this research project has the following objectives: (1) Collect samples to quantify spatiotemporal variability in molecular targets for microbial contamination (i.e., human-, poultry-, and swine-specific fecal microbial source tracking targets and antimicrobial resistance genes), nutrients (N and P), heavy metals, and chemical contaminants of emerging concern; (2) Identify spatial relationships between contamination, flooding extent, land-use (e.g., CAFO densities, industrial sites, urban areas) and manure management practices using satellite imagery and machine learning techniques; (3) Assess persistence of biological and chemical species in the natural environment post-flooding. To achieve these objectives, the research team will sample across 50 sites in multiple coastal plain river basins where intense flooding occurred after Hurricane Florence to map advanced chemical and biological water quality indicators in high spatial resolution.  The team sampled within a week after the hurricane, and then will sample after ~1 month, ~2 months, and ~6 months. Knowledge gained from this study will directly inform improvements to emergency management protocols post-hurricane in landscapes with many contaminant sources. The work will have broader impact through the promulgation of waste management recommendations that account for the increasing likelihood and severity of extreme flooding events expected in the future as our climate changes.&lt;br/&gt;&lt;br/&gt;This award reflects NSF's statutory mission and has been deemed worthy of support through evaluation using the Foundation's intellectual merit and broader impacts review criteria.</AbstractNarration>
<MinAmdLetterDate>11/29/2018</MinAmdLetterDate>
<MaxAmdLetterDate>11/29/2018</MaxAmdLetterDate>
<ARRAAmount/>
<AwardID>1901588</AwardID>
<Investigator>
<FirstName>Ryan</FirstName>
<LastName>Emanuel</LastName>
<EmailAddress>ryan_emanuel@ncsu.edu</EmailAddress>
<StartDate>11/29/2018</StartDate>
<EndDate/>
<RoleCode>Co-Principal Investigator</RoleCode>
</Investigator>
<Investigator>
<FirstName>Natalie</FirstName>
<LastName>Nelson</LastName>
<EmailAddress>nnelson4@ncsu.edu</EmailAddress>
<StartDate>11/29/2018</StartDate>
<EndDate/>
<RoleCode>Co-Principal Investigator</RoleCode>
</Investigator>
<Investigator>
<FirstName>Angela</FirstName>
<LastName>Harris</LastName>
<EmailAddress>aharris5@ncsu.edu</EmailAddress>
<StartDate>11/29/2018</StartDate>
<EndDate/>
<RoleCode>Principal Investigator</RoleCode>
</Investigator>
<Investigator>
<FirstName>Joshua</FirstName>
<LastName>Kearns</LastName>
<EmailAddress>jpkearns@ncsu.edu</EmailAddress>
<StartDate>11/29/2018</StartDate>
<EndDate/>
<RoleCode>Co-Principal Investigator</RoleCode>
</Investigator>
<Investigator>
<FirstName>Mahmoud</FirstName>
<LastName>Sharara</LastName>
<EmailAddress>msharar@ncsu.edu</EmailAddress>
<StartDate>11/29/2018</StartDate>
<EndDate/>
<RoleCode>Co-Principal Investigator</RoleCode>
</Investigator>
<Institution>
<Name>North Carolina State University</Name>
<CityName>Raleigh</CityName>
<ZipCode>276950001</ZipCode>
<PhoneNumber>9195152444</PhoneNumber>
<StreetAddress>2701 Sullivan DR STE 240</StreetAddress>
<CountryName>United States</CountryName>
<StateName>North Carolina</StateName>
<StateCode>NC</StateCode>
</Institution>
<ProgramElement>
<Code>1440</Code>
<Text>EnvE-Environmental Engineering</Text>
</ProgramElement>
<ProgramElement>
<Code>1642</Code>
<Text>Special Initiatives</Text>
</ProgramElement>
<ProgramReference>
<Code>080Z</Code>
<Text>Research related to Hurricane Florence</Text>
</ProgramReference>
<ProgramReference>
<Code>7914</Code>
<Text>RAPID</Text>
</ProgramReference>
</Award>
</rootTag>
