<?xml version="1.0" encoding="UTF-8"?>
<rootTag>
<Award>
<AwardTitle>Chemomechanics in the Solvent-Assisted Recycling of Engineering Composites</AwardTitle>
<AwardEffectiveDate>08/01/2019</AwardEffectiveDate>
<AwardExpirationDate>07/31/2022</AwardExpirationDate>
<AwardTotalIntnAmount>586973.00</AwardTotalIntnAmount>
<AwardAmount>586973</AwardAmount>
<AwardInstrument>
<Value>Standard Grant</Value>
</AwardInstrument>
<Organization>
<Code>07030000</Code>
<Directorate>
<Abbreviation>ENG</Abbreviation>
<LongName>Directorate For Engineering</LongName>
</Directorate>
<Division>
<Abbreviation>CMMI</Abbreviation>
<LongName>Div Of Civil, Mechanical, &amp; Manufact Inn</LongName>
</Division>
</Organization>
<ProgramOfficer>
<SignBlockName>Nakhiah Goulbourne</SignBlockName>
</ProgramOfficer>
<AbstractNarration>Many engineering composites are troublesome to recycle because the polymers used in these materials are bonded together permanently. Currently, the disposal of composite wastes mainly relies on the landfills or incineration, which lead to significant environmental and health burdens. A new green, sustainable recycling method was recently developed to address this problem. It uses a bond-exchange reaction between a solvent and the composite to decompose the polymer material at a mild temperature and reclaim clean fibers. The decomposed products can be used to fabricate new composites with near identical material and mechanical properties for the same applications. However, due to the nascent development of this recycling technique, existing studies are limited to the proof of concept demonstrations. This award supports fundamental studies to uncover the relationships between waste material properties, processing conditions, recycling speed, and final mechanical properties of recycled thermosets and composites. The provided scientific knowledge will pave the road for the immediate applications of this innovative recycling method and significantly ease the environmental and health concerns associated with the traditional waste disposal methods. This research will also impact large-scale applications in other industries involving polymer decomposition and recycling, such as removable encapsulation of electronics, non-destructive surface coatings, controlled drug delivery, membrane science, and microlithography. Additionally, the project will provide opportunities to educate and train graduate and undergraduate students with a focus on underrepresented students in science, technology, engineering, and math.&lt;br/&gt;&lt;br/&gt;The research objectives will be realized using an integrated experimental - theoretical - computational approach at multiple length scales: In the microscale, constitutive chemomechanics relations will be defined to link the molecular-level bond-exchange reactions to the evolution of stress field, network structure, and mechanical properties of thermosets during the recycling. In the mesoscale, the constitutive relations will be incorporated into a computational model to study the influences of the fiber-polymer interface on the recycling performance of a composite lamina. In the macroscale, an efficient reduced-order computational model will be developed to guide the selection of solvent and processing conditions to recycle composite structures with the well-controlled geometry and mechanical properties. The chemomechanics theory defined in this award will be used to address three fundamental questions that are mostly concerned in the composite recycling industry: (i) how fast can the composites be recycled, (ii) what is the lowest recycling cost, and (iii) how to improve the mechanical properties of recycled products?&lt;br/&gt;&lt;br/&gt;This award reflects NSF's statutory mission and has been deemed worthy of support through evaluation using the Foundation's intellectual merit and broader impacts review criteria.</AbstractNarration>
<MinAmdLetterDate>05/28/2019</MinAmdLetterDate>
<MaxAmdLetterDate>05/28/2019</MaxAmdLetterDate>
<ARRAAmount/>
<AwardID>1901807</AwardID>
<Investigator>
<FirstName>Christopher</FirstName>
<LastName>Yakacki</LastName>
<EmailAddress>chris.yakacki@ucdenver.edu</EmailAddress>
<StartDate>05/28/2019</StartDate>
<EndDate/>
<RoleCode>Co-Principal Investigator</RoleCode>
</Investigator>
<Investigator>
<FirstName>Kai</FirstName>
<LastName>Yu</LastName>
<EmailAddress>kai.2.yu@ucdenver.edu</EmailAddress>
<StartDate>05/28/2019</StartDate>
<EndDate/>
<RoleCode>Principal Investigator</RoleCode>
</Investigator>
<Institution>
<Name>University of Colorado at Denver-Downtown Campus</Name>
<CityName>Aurora</CityName>
<ZipCode>800452571</ZipCode>
<PhoneNumber>3037240090</PhoneNumber>
<StreetAddress>F428, AMC Bldg 500</StreetAddress>
<CountryName>United States</CountryName>
<StateName>Colorado</StateName>
<StateCode>CO</StateCode>
</Institution>
<ProgramElement>
<Code>1630</Code>
<Text>Mechanics of Materials and Str</Text>
</ProgramElement>
<ProgramElement>
<Code>7643</Code>
<Text>EnvS-Environmtl Sustainability</Text>
</ProgramElement>
<ProgramReference>
<Code>013E</Code>
<Text>MULTI-SCALE MODELING</Text>
</ProgramReference>
<ProgramReference>
<Code>022E</Code>
<Text>SOLID MECHANICS</Text>
</ProgramReference>
<ProgramReference>
<Code>024E</Code>
<Text>MATERIALS DESIGN</Text>
</ProgramReference>
</Award>
</rootTag>
