<?xml version="1.0" encoding="UTF-8"?>
<rootTag>
<Award>
<AwardTitle>Themes in Holomorphic Low-Dimensional Dynamics</AwardTitle>
<AwardEffectiveDate>07/15/2019</AwardEffectiveDate>
<AwardExpirationDate>06/30/2022</AwardExpirationDate>
<AwardTotalIntnAmount>310000.00</AwardTotalIntnAmount>
<AwardAmount>310000</AwardAmount>
<AwardInstrument>
<Value>Standard Grant</Value>
</AwardInstrument>
<Organization>
<Code>03040000</Code>
<Directorate>
<Abbreviation>MPS</Abbreviation>
<LongName>Direct For Mathematical &amp; Physical Scien</LongName>
</Directorate>
<Division>
<Abbreviation>DMS</Abbreviation>
<LongName>Division Of Mathematical Sciences</LongName>
</Division>
</Organization>
<ProgramOfficer>
<SignBlockName>Marian Bocea</SignBlockName>
</ProgramOfficer>
<AbstractNarration>Theory of Dynamical systems studies the long-term behavior of trajectories described by a certain iteration procedure, and the way this phase portrait depends on the parameters of the system. Very interesting fractal objects may appear as phase and parameter diagrams for such systems. The principal investigator focuses on complex low-dimensional dynamical systems described by simple quadratic equations in this project. Despite simplicity of the description, these systems are known to display complicated chaotic behavior serving as a good model for various phenomena that appear in celestial mechanics, fluid dynamics, biology, and other branches of natural science. The activity will result in deeper insights into small scale structure of dynamical systems, in training of highly qualified postdocs and graduate students  who will apply their skills in academia and industry, in broader interactions between experts in various branches of real and complex dynamics, in publishing a book that would help a broad student and research community to acquire background in the area, in promotion of communication in the field by organizing conferences and scientific programs, giving mini-courses, and  maintaining a dynamics web site: http//www.math.stonybrook/dynamics.&lt;br/&gt;&lt;br/&gt;In this research a broad research program on several intertwined geometric themes of complex low-dimensional dynamics is investigated. The principal investigator will make a gradual transition from the one-dimensional to the two-dimensional world.  The principal investigator will pursue several one-dimensional projects unified by the idea of renormalization as a powerful tool of penetrating into small-scale structure of dynamical objects aimed towards complete their classification. They include the Pacman Renormalization Theory, scaling of Mandelbrot limbs, and a priori bounds for infinitely renormalizable quadratic polynomials.  The principal investigator will keep exploring the structure of the group of quasisymmetris for various classes of Julia sets and develop a new theory: the dynamics generated by Schwarz reflections in quadrature domains. In two complex dimensions, the principal investigator plans to keep working on the dynamics of dissipative complex Henon maps. Specific themes will include exploring the problem of existence of wandering domains, search for new examples of hyperbolic Henon maps, and description of their structure. The principal investigator also plans to finish the first two volumes of a book "Conformal Geometry and Dynamics of Quadratic Polynomials".&lt;br/&gt;&lt;br/&gt;This award reflects NSF's statutory mission and has been deemed worthy of support through evaluation using the Foundation's intellectual merit and broader impacts review criteria.</AbstractNarration>
<MinAmdLetterDate>07/05/2019</MinAmdLetterDate>
<MaxAmdLetterDate>07/05/2019</MaxAmdLetterDate>
<ARRAAmount/>
<AwardID>1901357</AwardID>
<Investigator>
<FirstName>Mikhail</FirstName>
<LastName>Lyubich</LastName>
<EmailAddress>mlyubich@math.stonybrook.edu</EmailAddress>
<StartDate>07/05/2019</StartDate>
<EndDate/>
<RoleCode>Principal Investigator</RoleCode>
</Investigator>
<Institution>
<Name>SUNY at Stony Brook</Name>
<CityName>Stony Brook</CityName>
<ZipCode>117940001</ZipCode>
<PhoneNumber>6316329949</PhoneNumber>
<StreetAddress>WEST 5510 FRK MEL LIB</StreetAddress>
<CountryName>United States</CountryName>
<StateName>New York</StateName>
<StateCode>NY</StateCode>
</Institution>
<ProgramElement>
<Code>1281</Code>
<Text>ANALYSIS PROGRAM</Text>
</ProgramElement>
</Award>
</rootTag>
