<?xml version="1.0" encoding="UTF-8"?>
<rootTag>
<Award>
<AwardTitle>Representation Theory and Integrable Systems</AwardTitle>
<AwardEffectiveDate>07/01/2019</AwardEffectiveDate>
<AwardExpirationDate>06/30/2020</AwardExpirationDate>
<AwardTotalIntnAmount>20000.00</AwardTotalIntnAmount>
<AwardAmount>20000</AwardAmount>
<AwardInstrument>
<Value>Standard Grant</Value>
</AwardInstrument>
<Organization>
<Code>03040000</Code>
<Directorate>
<Abbreviation>MPS</Abbreviation>
<LongName>Direct For Mathematical &amp; Physical Scien</LongName>
</Directorate>
<Division>
<Abbreviation>DMS</Abbreviation>
<LongName>Division Of Mathematical Sciences</LongName>
</Division>
</Organization>
<ProgramOfficer>
<SignBlockName>James Matthew Douglass</SignBlockName>
</ProgramOfficer>
<AbstractNarration>The international conference "Representation theory and integrable systems" will take place at ETH Zurich August 12-16, 2019. There will be twenty invited lectures by renowned experts, contributed talks by younger faculty, and a number of graduate student presentations. The goal of the conference is to study the recent advances in the area in the title and to educate the younger researchers. This award will fund participation of US scientists in this conference, with priority given to recent PhDs and underrepresented minorities, so they can share their research and learn about the new ideas in the field.&lt;br/&gt;&lt;br/&gt;Quantum integrable systems are large families of commuting operators (Hamiltonians) acting on a vector space. Such families naturally appear in the representation theory of reductive Lie algebras and their corresponding quantum groups. The main goal is to study the spectra of the Hamiltoninians. It turns out that this question has deep connections to various mathematical theories: differential and difference equations, equivariant cohomology and K-theory, the theory of special functions, combinatorics, and more. The conference will provide a common venue for a diverse group of researchers who study the subject using different methods with different goals to interact and share recent advances. More details about the conference are available at http://rtis2019.math.iupui.edu/  and http://www.nccr-swissmap.ch/events/representation-theory-and-integrable-systems.&lt;br/&gt;&lt;br/&gt;This award reflects NSF's statutory mission and has been deemed worthy of support through evaluation using the Foundation's intellectual merit and broader impacts review criteria.</AbstractNarration>
<MinAmdLetterDate>05/15/2019</MinAmdLetterDate>
<MaxAmdLetterDate>05/15/2019</MaxAmdLetterDate>
<ARRAAmount/>
<AwardID>1901810</AwardID>
<Investigator>
<FirstName>Evgeny</FirstName>
<LastName>Mukhin</LastName>
<EmailAddress>emukhin@iupui.edu</EmailAddress>
<StartDate>05/15/2019</StartDate>
<EndDate/>
<RoleCode>Principal Investigator</RoleCode>
</Investigator>
<Institution>
<Name>Indiana University</Name>
<CityName>Bloomington</CityName>
<ZipCode>474013654</ZipCode>
<PhoneNumber>8128550516</PhoneNumber>
<StreetAddress>509 E 3RD ST</StreetAddress>
<CountryName>United States</CountryName>
<StateName>Indiana</StateName>
<StateCode>IN</StateCode>
</Institution>
<ProgramElement>
<Code>1264</Code>
<Text>ALGEBRA,NUMBER THEORY,AND COM</Text>
</ProgramElement>
<ProgramReference>
<Code>7556</Code>
<Text>CONFERENCE AND WORKSHOPS</Text>
</ProgramReference>
</Award>
</rootTag>
