<?xml version="1.0" encoding="UTF-8"?>
<rootTag>
<Award>
<AwardTitle>34th Summer Conference on Topology and Its Applications</AwardTitle>
<AwardEffectiveDate>06/01/2019</AwardEffectiveDate>
<AwardExpirationDate>05/31/2020</AwardExpirationDate>
<AwardTotalIntnAmount>49419.00</AwardTotalIntnAmount>
<AwardAmount>49419</AwardAmount>
<AwardInstrument>
<Value>Standard Grant</Value>
</AwardInstrument>
<Organization>
<Code>03040000</Code>
<Directorate>
<Abbreviation>MPS</Abbreviation>
<LongName>Direct For Mathematical &amp; Physical Scien</LongName>
</Directorate>
<Division>
<Abbreviation>DMS</Abbreviation>
<LongName>Division Of Mathematical Sciences</LongName>
</Division>
</Organization>
<ProgramOfficer>
<SignBlockName>Joanna Kania-Bartoszynsk</SignBlockName>
</ProgramOfficer>
<AbstractNarration>The 34th Summer Conference on Topology and its Applications (SUMTOPO 2019) will take place in Johannesburg, South Africa, July 1 - 4, 2019  with sessions from diverse areas of topology. New this year is the session on topology in data science, complimenting the NSF "big idea" of Harnessing Data for 21st Century Science and Engineering. At SUMTOPO 2019, we will bring together established researchers, early career faculty, and students from all over the world to make progress on the unsolved foundational problems in mathematics while also applying our topological expertise to other areas of mathematics and other fields of study. In particular, mathematicians are using topological methods to understand the structure of data. Results presented at the conference can be of use to disciplines in which big data forms an important part. A main goal of the conference series is to promote participation of young researchers by making room for many contributed talks and also by highlighting young researchers as semi-plenary speakers. Organizers continue to recruit women and other under-resented groups to the conference. &lt;br/&gt;&lt;br/&gt;This year's SUMTOPO will include plenary speakers and daily sessions in the areas of set-theoretic topology, continuum theory and dynamics, asymmetric structures and order, topological algebra and analysis, and topology in data science. This grant will support the travel of US-based participants who are students, early in their career, have no other travel support, or are members of an under-represented population. The featured lectures will highlight cutting edge research in each of the represented areas while the sessions provide a vibrant and welcoming space for researchers, established and new, to share ideas and form connections. The conference webpage is: https://www.sumtopo2019.co.za/&lt;br/&gt;&lt;br/&gt;This award reflects NSF's statutory mission and has been deemed worthy of support through evaluation using the Foundation's intellectual merit and broader impacts review criteria.</AbstractNarration>
<MinAmdLetterDate>04/03/2019</MinAmdLetterDate>
<MaxAmdLetterDate>04/03/2019</MaxAmdLetterDate>
<ARRAAmount/>
<AwardID>1901664</AwardID>
</Award>
</rootTag>
