<?xml version="1.0" encoding="UTF-8"?>
<rootTag>
<Award>
<AwardTitle>South-Central Combinatorics Conference (CombinaTexas) 2019</AwardTitle>
<AwardEffectiveDate>02/15/2019</AwardEffectiveDate>
<AwardExpirationDate>01/31/2020</AwardExpirationDate>
<AwardTotalIntnAmount>8600.00</AwardTotalIntnAmount>
<AwardAmount>8600</AwardAmount>
<AwardInstrument>
<Value>Standard Grant</Value>
</AwardInstrument>
<Organization>
<Code>03040000</Code>
<Directorate>
<Abbreviation>MPS</Abbreviation>
<LongName>Direct For Mathematical &amp; Physical Scien</LongName>
</Directorate>
<Division>
<Abbreviation>DMS</Abbreviation>
<LongName>Division Of Mathematical Sciences</LongName>
</Division>
</Organization>
<ProgramOfficer>
<SignBlockName>Stefaan De Winter</SignBlockName>
</ProgramOfficer>
<AbstractNarration>The CombinaTexas 2019 conference will be held at Texas A&amp;M University, in College Station, Texas, on March 23-24, 2019. The conference will take place on Saturday and Sunday to make it easy for researchers to attend, and will feature six fifty-minute plenary lectures and a number of twenty-minute contributed talks. The aim of the CombinaTexas conference series is to enhance the educational and research atmosphere of combinatorialists in Texas and the surrounding states, increase communication among mathematicians of the region, and provide a forum for presentation and discussion of the most recent developments in the field of Combinatorics. The first CombinaTexas conference was held in 2000; CombinaTexas 2019 is the eighteenth conference in this series. Over 65 participants are anticipated in 2019, with 20-25 contributed talks in parallel sessions. The conference will be publicized using distribution lists and on related conference websites.&lt;br/&gt;&lt;br/&gt;The conference will feature a broad selection of combinatorial research. Researchers will present their new results and there will be time for open discussions to explore unsolved problems in the field. The confirmed plenary speakers are Ira Gessel (Brandeis University), Jessica McDonald (Auburn University), Criel Merino (UNAM, Mexico), Svetlana Poznanovikj (Clemson University), Brendon Rhoades (University of California, San Diego), and Joel Spencer (New York University). More details can be found at the conference website:&lt;br/&gt;http://www.math.tamu.edu/conferences/combinatexas/&lt;br/&gt;&lt;br/&gt;This award reflects NSF's statutory mission and has been deemed worthy of support through evaluation using the Foundation's intellectual merit and broader impacts review criteria.</AbstractNarration>
<MinAmdLetterDate>02/07/2019</MinAmdLetterDate>
<MaxAmdLetterDate>02/07/2019</MaxAmdLetterDate>
<ARRAAmount/>
<AwardID>1901444</AwardID>
<Investigator>
<FirstName>Huafei C</FirstName>
<LastName>Yan</LastName>
<EmailAddress>cyan@math.tamu.edu</EmailAddress>
<StartDate>02/07/2019</StartDate>
<EndDate/>
<RoleCode>Co-Principal Investigator</RoleCode>
</Investigator>
<Investigator>
<FirstName>Laura</FirstName>
<LastName>Matusevich</LastName>
<EmailAddress>laura@math.tamu.edu</EmailAddress>
<StartDate>02/07/2019</StartDate>
<EndDate/>
<RoleCode>Principal Investigator</RoleCode>
</Investigator>
<Investigator>
<FirstName>Yue</FirstName>
<LastName>Cai</LastName>
<EmailAddress>ycai@math.tamu.edu</EmailAddress>
<StartDate>02/07/2019</StartDate>
<EndDate/>
<RoleCode>Co-Principal Investigator</RoleCode>
</Investigator>
<Institution>
<Name>Texas A&amp;M University Main Campus</Name>
<CityName>College Station</CityName>
<ZipCode>778454375</ZipCode>
<PhoneNumber>9798626777</PhoneNumber>
<StreetAddress>400 Harvey Mitchell Pkwy South</StreetAddress>
<CountryName>United States</CountryName>
<StateName>Texas</StateName>
<StateCode>TX</StateCode>
</Institution>
<ProgramElement>
<Code>7970</Code>
<Text>Combinatorics</Text>
</ProgramElement>
<ProgramReference>
<Code>7556</Code>
<Text>CONFERENCE AND WORKSHOPS</Text>
</ProgramReference>
</Award>
</rootTag>
