<?xml version="1.0" encoding="UTF-8"?>
<rootTag>
<Award>
<AwardTitle>International Conference on Equivariant Topology and Derived Algebra</AwardTitle>
<AwardEffectiveDate>04/01/2019</AwardEffectiveDate>
<AwardExpirationDate>03/31/2020</AwardExpirationDate>
<AwardTotalIntnAmount>20000.00</AwardTotalIntnAmount>
<AwardAmount>20000</AwardAmount>
<AwardInstrument>
<Value>Standard Grant</Value>
</AwardInstrument>
<Organization>
<Code>03040000</Code>
<Directorate>
<Abbreviation>MPS</Abbreviation>
<LongName>Direct For Mathematical &amp; Physical Scien</LongName>
</Directorate>
<Division>
<Abbreviation>DMS</Abbreviation>
<LongName>Division Of Mathematical Sciences</LongName>
</Division>
</Organization>
<ProgramOfficer>
<SignBlockName>Krishnan Shankar</SignBlockName>
</ProgramOfficer>
<AbstractNarration>This project supports the travel and local expenses of early-career US-based mathematicians attending the international conference "Equivariant Topology and Derived Algebra (ETDA)" to be held from July 29 to August 2, 2019 at the Norwegian University of Science and Technology in Trondheim. These mathematical research areas have seen a dramatic expansion in recent years and have attracted increased interest at an international level, especially amongst young researchers, who are taking these fields in new directions. The direct impact of this funding will be to augment the training and career development of approximately twenty junior US researchers, who will gain the opportunity to participate in a major conference in Europe. A secondary impact is to further develop collaboration between emerging research groups in algebraic topology, derived algebra, and derived algebraic geometry in the US and Europe. &lt;br/&gt;&lt;br/&gt;The conference topics are centered on the areas of equivariant stable homotopy theory, derived commutative algebra, and derived algebraic geometry. The conference program features invited talks on all three areas by leading researchers and time for contributed talks, with a focus on young researchers. The conference will be an ideal venue for results and new questions arising from recent research progress to be announced and discussed. It will also provide a place to reinforce the networks of connections between mathematicians and add junior researchers as new nodes. Moreover, the particular topic of equivariant symmetric monoidal structures, together with the derived algebra that realizes those structures, is experiencing rapid development and will be a focal point of the conference talks. The conference website is: https://sites.google.com/view/etda2019/home&lt;br/&gt;&lt;br/&gt;This award reflects NSF's statutory mission and has been deemed worthy of support through evaluation using the Foundation's intellectual merit and broader impacts review criteria.</AbstractNarration>
<MinAmdLetterDate>12/21/2018</MinAmdLetterDate>
<MaxAmdLetterDate>12/21/2018</MaxAmdLetterDate>
<ARRAAmount/>
<AwardID>1901120</AwardID>
<Investigator>
<FirstName>Paul</FirstName>
<LastName>Goerss</LastName>
<EmailAddress>pgoerss@math.northwestern.edu</EmailAddress>
<StartDate>12/21/2018</StartDate>
<EndDate/>
<RoleCode>Co-Principal Investigator</RoleCode>
</Investigator>
<Investigator>
<FirstName>Brooke</FirstName>
<LastName>Shipley</LastName>
<EmailAddress>shipleyb@uic.edu</EmailAddress>
<StartDate>12/21/2018</StartDate>
<EndDate/>
<RoleCode>Principal Investigator</RoleCode>
</Investigator>
<Institution>
<Name>University of Illinois at Chicago</Name>
<CityName>CHICAGO</CityName>
<ZipCode>606124305</ZipCode>
<PhoneNumber>3129962862</PhoneNumber>
<StreetAddress>809 S. Marshfield Avenue</StreetAddress>
<CountryName>United States</CountryName>
<StateName>Illinois</StateName>
<StateCode>IL</StateCode>
</Institution>
<ProgramElement>
<Code>1267</Code>
<Text>TOPOLOGY</Text>
</ProgramElement>
<ProgramReference>
<Code>7556</Code>
<Text>CONFERENCE AND WORKSHOPS</Text>
</ProgramReference>
</Award>
</rootTag>
