<?xml version="1.0" encoding="UTF-8"?>
<rootTag>
<Award>
<AwardTitle>Online Competency-Based Education of Technicians in Computer-aided Design and Cyber Security</AwardTitle>
<AwardEffectiveDate>10/01/2019</AwardEffectiveDate>
<AwardExpirationDate>09/30/2022</AwardExpirationDate>
<AwardTotalIntnAmount>228017.00</AwardTotalIntnAmount>
<AwardAmount>228017</AwardAmount>
<AwardInstrument>
<Value>Standard Grant</Value>
</AwardInstrument>
<Organization>
<Code>11040100</Code>
<Directorate>
<Abbreviation>EHR</Abbreviation>
<LongName>Direct For Education and Human Resources</LongName>
</Directorate>
<Division>
<Abbreviation>DUE</Abbreviation>
<LongName>Division Of Undergraduate Education</LongName>
</Division>
</Organization>
<ProgramOfficer>
<SignBlockName>Virginia Carter</SignBlockName>
</ProgramOfficer>
<AbstractNarration>Providing high-quality college education and professional opportunities in rural areas continue to be a national challenge. To help address this challenge, Texas State Technical College will develop and implement on-line competency-based programs in Computer Aided Design and in Cyber Security.  The project will focus on serving non-traditional students and individuals living in rural areas, populations that have less access to technical education programs.  Project activities will include updating and expanding existing curricula to respond to current industry demands; providing professional development for faculty; providing on-going mentoring and support services for students; developing handbooks for faculty who are teaching the courses; developing a model for on-line competency-based education that can be used in other career and technical fields and by other institutions; and supporting job placement opportunities for graduates. This project will also reach high school students through dual enrollment and, thus, has the potential to increase the number of students seeking academic and career opportunities in Computer Aided Design and Cyber Security across Texas. &lt;br/&gt;&lt;br/&gt;Beyond creating and implementing the new curricula, the project is designed to increase connections between students, faculty, the college, and industry.  Such connections have the potential to enhance students' educational experiences, expand the capacity of faculty to understand industry needs and opportunities, and increase the placement of highly qualified technicians into high demand fields.  Program evaluation activities will assess the curriculum development processes, the success of new industry advisory boards, the retention and academic performance of the students, and rates of graduation and placement into industry jobs.  Project results will be presented at academic and professional conferences and submitted for publication. This project is funded by the NSF Advanced Technological Education program that focuses on the education of technicians for the advanced-technology fields that drive the nation's economy.&lt;br/&gt;&lt;br/&gt;This award reflects NSF's statutory mission and has been deemed worthy of support through evaluation using the Foundation's intellectual merit and broader impacts review criteria.</AbstractNarration>
<MinAmdLetterDate>07/01/2019</MinAmdLetterDate>
<MaxAmdLetterDate>10/10/2019</MaxAmdLetterDate>
<ARRAAmount/>
<AwardID>1901776</AwardID>
<Investigator>
<FirstName>Amy</FirstName>
<LastName>Hertel</LastName>
<EmailAddress>amy.hertel@tstc.edu</EmailAddress>
<StartDate>07/01/2019</StartDate>
<EndDate/>
<RoleCode>Co-Principal Investigator</RoleCode>
</Investigator>
<Investigator>
<FirstName>Chris</FirstName>
<LastName>Lemon</LastName>
<EmailAddress>chris.lemon@tstc.edu</EmailAddress>
<StartDate>07/01/2019</StartDate>
<EndDate>10/10/2019</EndDate>
<RoleCode>Former Principal Investigator</RoleCode>
</Investigator>
<Investigator>
<FirstName>Randall</FirstName>
<LastName>Garver</LastName>
<EmailAddress>randall.garver@tstc.edu</EmailAddress>
<StartDate>07/01/2019</StartDate>
<EndDate>10/10/2019</EndDate>
<RoleCode>Former Co-Principal Investigator</RoleCode>
</Investigator>
<Investigator>
<FirstName>Samuel</FirstName>
<LastName>Pizano</LastName>
<EmailAddress>spizano@tstc.edu</EmailAddress>
<StartDate>07/01/2019</StartDate>
<EndDate/>
<RoleCode>Co-Principal Investigator</RoleCode>
</Investigator>
<Investigator>
<FirstName>Gena</FirstName>
<LastName>Jean</LastName>
<EmailAddress>gena.jean@tstc.edu</EmailAddress>
<StartDate>10/10/2019</StartDate>
<EndDate/>
<RoleCode>Co-Principal Investigator</RoleCode>
</Investigator>
<Investigator>
<FirstName>Norma</FirstName>
<LastName>Colunga-Hernandez</LastName>
<EmailAddress>ncolunga-herna@tstc.edu</EmailAddress>
<StartDate>10/10/2019</StartDate>
<EndDate/>
<RoleCode>Principal Investigator</RoleCode>
</Investigator>
<Institution>
<Name>Texas State Technical College</Name>
<CityName>Waco</CityName>
<ZipCode>767051327</ZipCode>
<PhoneNumber>2548674800</PhoneNumber>
<StreetAddress>3801 Campus Drive</StreetAddress>
<CountryName>United States</CountryName>
<StateName>Texas</StateName>
<StateCode>TX</StateCode>
</Institution>
<ProgramElement>
<Code>7412</Code>
<Text>Advanced Tech Education Prog</Text>
</ProgramElement>
<ProgramReference>
<Code>1032</Code>
<Text>ADVANCED TECHNOLOGY EDUCATION</Text>
</ProgramReference>
<ProgramReference>
<Code>9178</Code>
<Text>UNDERGRADUATE EDUCATION</Text>
</ProgramReference>
<ProgramReference>
<Code>SMET</Code>
<Text>SCIENCE, MATH, ENG &amp; TECH EDUCATION</Text>
</ProgramReference>
</Award>
</rootTag>
