<?xml version="1.0" encoding="UTF-8"?>
<rootTag>
<Award>
<AwardTitle>Excellence in Research:  Dynamics of Photogenerated Charge Carriers in Mixed Dimensional van der Waals Heterostructures</AwardTitle>
<AwardEffectiveDate>07/01/2019</AwardEffectiveDate>
<AwardExpirationDate>06/30/2022</AwardExpirationDate>
<AwardTotalIntnAmount>406366.00</AwardTotalIntnAmount>
<AwardAmount>406366</AwardAmount>
<AwardInstrument>
<Value>Standard Grant</Value>
</AwardInstrument>
<Organization>
<Code>03070000</Code>
<Directorate>
<Abbreviation>MPS</Abbreviation>
<LongName>Direct For Mathematical &amp; Physical Scien</LongName>
</Directorate>
<Division>
<Abbreviation>DMR</Abbreviation>
<LongName>Division Of Materials Research</LongName>
</Division>
</Organization>
<ProgramOfficer>
<SignBlockName>James H. Edgar</SignBlockName>
</ProgramOfficer>
<AbstractNarration>Nontechnical Description:  Atomically thin two-dimensional semiconductor nanostructures are an intriguing alternative to bulk semiconductors that underpin much of current optical and electronic technology. These nanostructures, which include graphene and transition metal dichalcogenides, exhibit weaker bonding in the out-of-plane direction and can thus be integrated with a broad range of organic and inorganic semiconductors without the materials compatibility requirements limiting conventional semiconductor devices. Mixed dimensional systems combining two dimensional nanostructures with zero- and one-dimensional nanostructures offer new degrees of freedom to engineer devices by tailoring the properties of each component. Significant questions remain, however, regarding the movement of charge carriers within and between the different types of nanostructures. This research is using multiple experimental tools to elucidate the properties of excited charge carriers in mixed dimensional systems. This project provides opportunities for undergraduate and graduate student researchers drawn from the predominantly underrepresented minority student population of North Carolina Central University and expands institutional research capabilities. Materials and research methods studied as part of this project are infused into undergraduate and graduate physics courses, introducing nanoscience and materials science to a broader group of students. &lt;br/&gt;&lt;br/&gt;Technical Description:  The scientific goal of this project is to improve the fundamental understanding of carrier dynamics and charge transport in mixed-dimensional van der Waals heterostructures integrating two-dimensional transition metal dichalcogenides (MoS2, WS2) with one-dimensional inorganic metal chalcogenide (CdSxSe1-x) semiconductor nanowires and zero-dimensional organic semiconductors (pentacene, zinc phthalocyanine). The local morphologies and band energies of the zero- and one-dimensional components is expected to significantly impact the dynamics of photogenerated charge carriers in these heterostructures. The experimental approach of this project focuses on fabrication of heterostructures with controlled morphologies and band offsets, and characterization of these heterostructures using correlated ultrafast optical microscopy, Kelvin probe microscopy, and time resolved millimeter wave photoconductivity measurements to track the evolution of photoexcited charge carriers across a wide range of time  and length scales. These measurements address multiple steps that occur during relaxation of charge carriers, including exciton dissociation, charge transfer across the interface, lifetimes of charge transfer states and carrier diffusion through comparison of data from heterostructures and individual components, and shed light on the influence of nano- or micro-scale morphology through spatially resolved mapping.&lt;br/&gt;&lt;br/&gt;This award reflects NSF's statutory mission and has been deemed worthy of support through evaluation using the Foundation's intellectual merit and broader impacts review criteria.</AbstractNarration>
<MinAmdLetterDate>06/20/2019</MinAmdLetterDate>
<MaxAmdLetterDate>06/20/2019</MaxAmdLetterDate>
<ARRAAmount/>
<AwardID>1901128</AwardID>
<Investigator>
<FirstName>Marvin</FirstName>
<LastName>Wu</LastName>
<EmailAddress>mwu@nccu.edu</EmailAddress>
<StartDate>06/20/2019</StartDate>
<EndDate/>
<RoleCode>Principal Investigator</RoleCode>
</Investigator>
<Institution>
<Name>North Carolina Central University</Name>
<CityName>Durham</CityName>
<ZipCode>277073129</ZipCode>
<PhoneNumber>9195307333</PhoneNumber>
<StreetAddress>1801 Fayetteville Street</StreetAddress>
<CountryName>United States</CountryName>
<StateName>North Carolina</StateName>
<StateCode>NC</StateCode>
</Institution>
<ProgramElement>
<Code>070Y</Code>
<Text>HBCU-EiR - HBCU-Excellence in</Text>
</ProgramElement>
<ProgramElement>
<Code>1775</Code>
<Text>ELECTRONIC/PHOTONIC MATERIALS</Text>
</ProgramElement>
<ProgramReference>
<Code>6863</Code>
<Text>SEBML-MOORE'S LAW</Text>
</ProgramReference>
<ProgramReference>
<Code>7237</Code>
<Text>NANO NON-SOLIC SCI &amp; ENG AWD</Text>
</ProgramReference>
<ProgramReference>
<Code>8396</Code>
<Text>Clean Energy Technology</Text>
</ProgramReference>
<ProgramReference>
<Code>8611</Code>
<Text>Energy Efficiency and End Use</Text>
</ProgramReference>
<ProgramReference>
<Code>8614</Code>
<Text>Nanomaterials</Text>
</ProgramReference>
<ProgramReference>
<Code>8990</Code>
<Text>Optics and Photonics</Text>
</ProgramReference>
</Award>
</rootTag>
