<?xml version="1.0" encoding="UTF-8"?>
<rootTag>
<Award>
<AwardTitle>Tropical and Non-Archimedean Analytic Methods in Algebraic Geometry</AwardTitle>
<AwardEffectiveDate>09/01/2018</AwardEffectiveDate>
<AwardExpirationDate>08/31/2020</AwardExpirationDate>
<AwardTotalIntnAmount>239999.00</AwardTotalIntnAmount>
<AwardAmount>239999</AwardAmount>
<AwardInstrument>
<Value>Continuing grant</Value>
</AwardInstrument>
<Organization>
<Code>03040000</Code>
<Directorate>
<Abbreviation>MPS</Abbreviation>
<LongName>Direct For Mathematical &amp; Physical Scien</LongName>
</Directorate>
<Division>
<Abbreviation>DMS</Abbreviation>
<LongName>Division Of Mathematical Sciences</LongName>
</Division>
</Organization>
<ProgramOfficer>
<SignBlockName>Michelle Manes</SignBlockName>
</ProgramOfficer>
<AbstractNarration>Algebraic geometry studies solution sets of systems of polynomial equations (algebraic varieties) and has many applications in areas within mathematics and beyond, including physics, computer science, and engineering.  The research supported by this award will center on using modern degeneration techniques, especially those from the field of tropical geometry, to study classical spaces from algebraic geometry. The main goal of tropical geometry is transforming questions about algebraic varieties into questions about polyhedral complexes. A process called tropicalization attaches a polyhedral complex to an algebraic variety. The polyhedral complex, a combinatorial object, encodes some of the geometry of the original algebraic variety. The research develops further tools for the study of algebraic varieties in terms of their so called "nonarchimedean analytification". Overall this project will refine, abstract, and generalize these new methods and explore deeper applications to open problems in algebraic geometry. In conjunction with this research program, the PI will continue to direct the SUMRY program for undergraduate research in mathematics at Yale, providing not only research opportunities for the undergraduate participants, but also mentorship opportunities for the graduate students and postdocs leading small group projects. &lt;br/&gt;&lt;br/&gt;The PI will extend the tropical independence methods developed in proofs of the Gieseker-Petri theorem and the maximal rank conjecture for quadrics, developing new notions of tropicalization of linear series and combining piecewise linear methods with reduction of rational functions to pursue further progress toward the maximal rank conjecture and strong maximal rank conjecture. He will continue his work using the combinatorial topology of moduli spaces of stable tropical curves to extract information about the top weight cohomology of moduli spaces of curves, looking for additional structures such as hidden filtrations whose graded pieces are representation stable with respect to the action induced by permutation of the marked points. The PI also aims to develop foundations for a tropical theory of vector bundles, by generalizing the theory of convergence Newton polygons for vector bundles with connection on algebraic curves to vector bundles with integrable connections on higher dimensional varieties, using toric vector bundles as a test case.  &lt;br/&gt;&lt;br/&gt; </AbstractNarration>
<MinAmdLetterDate>11/05/2018</MinAmdLetterDate>
<MaxAmdLetterDate>06/11/2019</MaxAmdLetterDate>
<ARRAAmount/>
<AwardID>1901840</AwardID>
<Investigator>
<FirstName>Sam</FirstName>
<LastName>Payne</LastName>
<EmailAddress>sampayne@utexas.edu</EmailAddress>
<StartDate>11/05/2018</StartDate>
<EndDate/>
<RoleCode>Principal Investigator</RoleCode>
</Investigator>
<Institution>
<Name>University of Texas at Austin</Name>
<CityName>Austin</CityName>
<ZipCode>787595316</ZipCode>
<PhoneNumber>5124716424</PhoneNumber>
<StreetAddress>3925 W Braker Lane, Ste 3.340</StreetAddress>
<CountryName>United States</CountryName>
<StateName>Texas</StateName>
<StateCode>TX</StateCode>
</Institution>
<ProgramElement>
<Code>1264</Code>
<Text>ALGEBRA,NUMBER THEORY,AND COM</Text>
</ProgramElement>
<ProgramElement>
<Code>7970</Code>
<Text>Combinatorics</Text>
</ProgramElement>
<ProgramReference>
<Code>9251</Code>
<Text>REU SUPP-Res Exp for Ugrd Supp</Text>
</ProgramReference>
</Award>
</rootTag>
