<?xml version="1.0" encoding="UTF-8"?>
<rootTag>
<Award>
<AwardTitle>Logarithmic Gauged Linear Sigma Models</AwardTitle>
<AwardEffectiveDate>07/01/2019</AwardEffectiveDate>
<AwardExpirationDate>06/30/2022</AwardExpirationDate>
<AwardTotalIntnAmount>171396.00</AwardTotalIntnAmount>
<AwardAmount>171396</AwardAmount>
<AwardInstrument>
<Value>Standard Grant</Value>
</AwardInstrument>
<Organization>
<Code>03040000</Code>
<Directorate>
<Abbreviation>MPS</Abbreviation>
<LongName>Direct For Mathematical &amp; Physical Scien</LongName>
</Directorate>
<Division>
<Abbreviation>DMS</Abbreviation>
<LongName>Division Of Mathematical Sciences</LongName>
</Division>
</Organization>
<ProgramOfficer>
<SignBlockName>James Matthew Douglass</SignBlockName>
</ProgramOfficer>
<AbstractNarration>Over the past few decades, deep connections between pure mathematics and physics have developed. One such area of fruitful interaction is between string theory, a branch of theoretical physics connected with the structure of elementary particles, and enumerative geometry, which studies counts of the number of solutions to geometric problems (how many lines, for example, pass through four fixed lines in space). This project  will develop a new technique, which is inspired from the gauged linear sigma model (GLSM) in physics, to solve several enumerative problems.&lt;br/&gt;&lt;br/&gt;In more detail, the project will develop a new technique (log GLSM) in higher genus Gromov-Witten theory. The goal is to prove conjectures from physics such as the holomorphic anomaly equations for quintic threefolds and more general complete intersection Calabi-Yau 3-folds. For this, a new moduli space will be constructed whose localization formula gives a way of computing Gromov-Witten invariants of a convex complete intersection from those of its ambient space, and new "effective invariants". Different applications will exploit the structure of the localization formula, and correspondences between effective invariants.&lt;br/&gt;&lt;br/&gt;This award reflects NSF's statutory mission and has been deemed worthy of support through evaluation using the Foundation's intellectual merit and broader impacts review criteria.</AbstractNarration>
<MinAmdLetterDate>06/21/2019</MinAmdLetterDate>
<MaxAmdLetterDate>06/21/2019</MaxAmdLetterDate>
<ARRAAmount/>
<AwardID>1901748</AwardID>
<Investigator>
<FirstName>Felix</FirstName>
<LastName>Janda</LastName>
<EmailAddress>janda@umich.edu</EmailAddress>
<StartDate>06/21/2019</StartDate>
<EndDate/>
<RoleCode>Principal Investigator</RoleCode>
</Investigator>
<Institution>
<Name>University of Michigan Ann Arbor</Name>
<CityName>Ann Arbor</CityName>
<ZipCode>481091274</ZipCode>
<PhoneNumber>7347636438</PhoneNumber>
<StreetAddress>3003 South State St. Room 1062</StreetAddress>
<CountryName>United States</CountryName>
<StateName>Michigan</StateName>
<StateCode>MI</StateCode>
</Institution>
<ProgramElement>
<Code>1264</Code>
<Text>ALGEBRA,NUMBER THEORY,AND COM</Text>
</ProgramElement>
<ProgramReference>
<Code>9251</Code>
<Text>REU SUPP-Res Exp for Ugrd Supp</Text>
</ProgramReference>
</Award>
</rootTag>
