<?xml version="1.0" encoding="UTF-8"?>
<rootTag>
<Award>
<AwardTitle>CAREER: RUI: NetDA -- Protein Network-Based Software for Disease Analysis Using Cliques, Bipartite Graphs, and Diffusion Kernels</AwardTitle>
<AwardEffectiveDate>06/15/2018</AwardEffectiveDate>
<AwardExpirationDate>05/31/2022</AwardExpirationDate>
<AwardTotalIntnAmount>274977.00</AwardTotalIntnAmount>
<AwardAmount>279967</AwardAmount>
<AwardInstrument>
<Value>Continuing grant</Value>
</AwardInstrument>
<Organization>
<Code>05020000</Code>
<Directorate>
<Abbreviation>CSE</Abbreviation>
<LongName>Direct For Computer &amp; Info Scie &amp; Enginr</LongName>
</Directorate>
<Division>
<Abbreviation>IIS</Abbreviation>
<LongName>Div Of Information &amp; Intelligent Systems</LongName>
</Division>
</Organization>
<ProgramOfficer>
<SignBlockName>Sylvia Spengler</SignBlockName>
</ProgramOfficer>
<AbstractNarration>This project will investigate and analyze the complex phenomena of disease progression at the protein network level. A software tool, NetDA (Network-based Disease Analysis) to understand the essential mechanisms of disease progression as transitions between disease stages will be developed. The outcome of this study will help not only in early diagnosis of a disease but also in drug design specific for a disease stage.  Undergraduate students will be involved in the research.&lt;br/&gt;&lt;br/&gt;The process of disease progression will be analyzed as an event-schedule-like structure, where a) each event representing a disease stage completed by a group of proteins will be analyzed in terms of clique and clique-like graphs, b) transfer of signals from one stage to the next will be analyzed using bipartite and bipartite-like graphs, and c) the strength of signals will be analyzed using diffusion kernels. The outcome of this study will help not only in early diagnosis of a disease but also in drug design specific for a disease stage.  The project will integrate research into the undergraduate curriculum by assigning projects, in courses already developed by the PI, to solve problems in the proposed work. The project will provide research experience for undergraduate students using focused short projects during both academic year and summer.   There is also a plan for the project to provide research experience for middle and high school students. The project will also develop approaches to introduce K-12 students to programming concepts as well as bioinformatics with the help of graphics. A summer institute is also planned to enhance student participation.</AbstractNarration>
<MinAmdLetterDate>10/25/2018</MinAmdLetterDate>
<MaxAmdLetterDate>03/06/2019</MaxAmdLetterDate>
<ARRAAmount/>
<AwardID>1901628</AwardID>
<Investigator>
<FirstName>Ananda</FirstName>
<LastName>Mondal</LastName>
<EmailAddress>amondal@fiu.edu</EmailAddress>
<StartDate>10/25/2018</StartDate>
<EndDate/>
<RoleCode>Principal Investigator</RoleCode>
</Investigator>
<Institution>
<Name>Florida International University</Name>
<CityName>Miami</CityName>
<ZipCode>331990001</ZipCode>
<PhoneNumber>3053482494</PhoneNumber>
<StreetAddress>11200 SW 8TH ST</StreetAddress>
<CountryName>United States</CountryName>
<StateName>Florida</StateName>
<StateCode>FL</StateCode>
</Institution>
<ProgramElement>
<Code>7364</Code>
<Text>Info Integration &amp; Informatics</Text>
</ProgramElement>
<ProgramReference>
<Code>1045</Code>
<Text>CAREER-Faculty Erly Career Dev</Text>
</ProgramReference>
<ProgramReference>
<Code>7364</Code>
<Text>INFO INTEGRATION &amp; INFORMATICS</Text>
</ProgramReference>
<ProgramReference>
<Code>9150</Code>
<Text>EXP PROG TO STIM COMP RES</Text>
</ProgramReference>
<ProgramReference>
<Code>9229</Code>
<Text>RES IN UNDERGRAD INST-RESEARCH</Text>
</ProgramReference>
</Award>
</rootTag>
