<?xml version="1.0" encoding="UTF-8"?>
<rootTag>
<Award>
<AwardTitle>Logic Meeting at UCLA</AwardTitle>
<AwardEffectiveDate>01/01/2019</AwardEffectiveDate>
<AwardExpirationDate>12/31/2019</AwardExpirationDate>
<AwardTotalIntnAmount>14000.00</AwardTotalIntnAmount>
<AwardAmount>14000</AwardAmount>
<AwardInstrument>
<Value>Standard Grant</Value>
</AwardInstrument>
<Organization>
<Code>03040000</Code>
<Directorate>
<Abbreviation>MPS</Abbreviation>
<LongName>Direct For Mathematical &amp; Physical Scien</LongName>
</Directorate>
<Division>
<Abbreviation>DMS</Abbreviation>
<LongName>Division Of Mathematical Sciences</LongName>
</Division>
</Organization>
<ProgramOfficer>
<SignBlockName>Tomek Bartoszynski</SignBlockName>
</ProgramOfficer>
<AbstractNarration>This award supports participation in a meeting on mathematical logic, titled a Very Informal Gathering of Logicians, held February 1-3, 2019, at the University of California, Los Angeles. This is the twentieth in a series of biennial logic meetings at UCLA which, starting in the mid-1970s, has been one of the most important forums for mathematical logic on the West Coast. &lt;br/&gt;&lt;br/&gt;The meeting is a key opportunity for logicians to learn about and discuss important advances in research, to exchange ideas, and to collaborate on scientific projects. About half the grant funds are dedicated to travel awards for graduate students and early-career researchers. Sharing of information among meeting participants will have a positive impact on their research and teaching. The meeting's webpage is at http://www.math.ucla.edu/~ineeman/Conf/VIG2019/&lt;br/&gt;&lt;br/&gt;This award reflects NSF's statutory mission and has been deemed worthy of support through evaluation using the Foundation's intellectual merit and broader impacts review criteria.</AbstractNarration>
<MinAmdLetterDate>12/10/2018</MinAmdLetterDate>
<MaxAmdLetterDate>12/10/2018</MaxAmdLetterDate>
<ARRAAmount/>
<AwardID>1901676</AwardID>
</Award>
</rootTag>
