<?xml version="1.0" encoding="UTF-8"?>
<rootTag>
<Award>
<AwardTitle>RAPID/Collaborative Research: Capacity Adjustment, Resilience and Information Sharing in a Network for Good (CARING)</AwardTitle>
<AwardEffectiveDate>11/01/2018</AwardEffectiveDate>
<AwardExpirationDate>10/31/2020</AwardExpirationDate>
<AwardTotalIntnAmount>19980.00</AwardTotalIntnAmount>
<AwardAmount>19980</AwardAmount>
<AwardInstrument>
<Value>Standard Grant</Value>
</AwardInstrument>
<Organization>
<Code>07030000</Code>
<Directorate>
<Abbreviation>ENG</Abbreviation>
<LongName>Directorate For Engineering</LongName>
</Directorate>
<Division>
<Abbreviation>CMMI</Abbreviation>
<LongName>Div Of Civil, Mechanical, &amp; Manufact Inn</LongName>
</Division>
</Organization>
<ProgramOfficer>
<SignBlockName>Walter Peacock</SignBlockName>
</ProgramOfficer>
<AbstractNarration>This Rapid Response Research (RAPID) project will support data collection efforts to capture the after-effects of Hurricane Florence on the Food Bank of Central and Eastern North Carolina (FBCENC). Food Banks operate a unique supply chain network to support people in hunger need in their service region. Natural disasters like hurricanes disrupt the normal operation of a food bank causing a sudden increase in demand, damaging sources of local supplies and upsetting the regular food delivery system. During Hurricane Florence, FBCENC operations were severely disrupted as more than 50 percent of their service network including two branch locations were affected by the storm. Immediately after the storm, FBCENC needed to respond to the disruption caused by Florence while keeping the regular business of satisfying dynamic hunger need. This RAPID NSF project will collect data on the challenges encountered by FBCENC after Hurricane Florence to provide insight for how nonprofit food distribution organizations can prepare, respond, and recover from disruptions to their network. This scientific research contribution thus supports NSF's mission to promote the progress of science and to advance our national welfare. In this case, the benefits will be insights to improve management of humanitarian logistics post disaster which can save lives and reduce economic losses. &lt;br/&gt;&lt;br/&gt;This RAPID project will collect time sensitive operational information and data related to a food bank network's preparation, incident management and recovery for Hurricane Florence. The research objectives of the project are to: (i) study the decisions taken by a food bank having its operational network undergoing a natural disaster; (ii) scrutinize the responses of the  human components (donors, food bank personnel, agency owners, clients) in the disrupted network; (iii) characterize the impact on demand and supply before, during and after a disaster; (iv) identify the optimal trade-offs between equity, efficiency, and effectiveness for disaster preparation and recovery; and (v) distinguish the disaster-related parameters impacting  food demand. The project will facilitate the study of how the differences in organizational characteristics and structure affect the ability of food banks (and agencies) to be resilient to the impact of disasters like hurricanes. This project will collect the data necessary to develop smart recommendations for disaster preparedness and response based on field data collected from a large-scale network disruptive event.&lt;br/&gt;&lt;br/&gt;This award reflects NSF's statutory mission and has been deemed worthy of support through evaluation using the Foundation's intellectual merit and broader impacts review criteria.</AbstractNarration>
<MinAmdLetterDate>10/29/2018</MinAmdLetterDate>
<MaxAmdLetterDate>10/29/2018</MaxAmdLetterDate>
<ARRAAmount/>
<AwardID>1901764</AwardID>
<Investigator>
<FirstName>Steven</FirstName>
<LastName>Jiang</LastName>
<EmailAddress>xjiang@ncat.edu</EmailAddress>
<StartDate>10/29/2018</StartDate>
<EndDate/>
<RoleCode>Co-Principal Investigator</RoleCode>
</Investigator>
<Investigator>
<FirstName>Lauren</FirstName>
<LastName>Davis</LastName>
<EmailAddress>lbdavis@ncat.edu</EmailAddress>
<StartDate>10/29/2018</StartDate>
<EndDate/>
<RoleCode>Principal Investigator</RoleCode>
</Investigator>
<Investigator>
<FirstName>Tobin</FirstName>
<LastName>Walton</LastName>
<EmailAddress>tnwalton@ncat.edu</EmailAddress>
<StartDate>10/29/2018</StartDate>
<EndDate/>
<RoleCode>Co-Principal Investigator</RoleCode>
</Investigator>
<Institution>
<Name>North Carolina Agricultural &amp; Technical State University</Name>
<CityName>Greensboro</CityName>
<ZipCode>274110001</ZipCode>
<PhoneNumber>3363347995</PhoneNumber>
<StreetAddress>1601 E. Market Street</StreetAddress>
<CountryName>United States</CountryName>
<StateName>North Carolina</StateName>
<StateCode>NC</StateCode>
</Institution>
<ProgramElement>
<Code>1638</Code>
<Text>HDBE-Humans, Disasters, and th</Text>
</ProgramElement>
<ProgramReference>
<Code>041E</Code>
<Text>HAZARD AND DISASTER REDUCTION</Text>
</ProgramReference>
<ProgramReference>
<Code>042E</Code>
<Text>HAZARD AND DISASTER RESPONSE</Text>
</ProgramReference>
<ProgramReference>
<Code>080Z</Code>
<Text>Research related to Hurricane Florence</Text>
</ProgramReference>
<ProgramReference>
<Code>7914</Code>
<Text>RAPID</Text>
</ProgramReference>
<ProgramReference>
<Code>9102</Code>
<Text>WOMEN, MINORITY, DISABLED, NEC</Text>
</ProgramReference>
<ProgramReference>
<Code>9178</Code>
<Text>UNDERGRADUATE EDUCATION</Text>
</ProgramReference>
<ProgramReference>
<Code>9179</Code>
<Text>GRADUATE INVOLVEMENT</Text>
</ProgramReference>
</Award>
</rootTag>
