<?xml version="1.0" encoding="UTF-8"?>
<rootTag>
<Award>
<AwardTitle>Collaborative Research: Observational and Numerical Modeling Studies of Rain Microphysics</AwardTitle>
<AwardEffectiveDate>06/15/2019</AwardEffectiveDate>
<AwardExpirationDate>05/31/2022</AwardExpirationDate>
<AwardTotalIntnAmount>380000.00</AwardTotalIntnAmount>
<AwardAmount>380000</AwardAmount>
<AwardInstrument>
<Value>Standard Grant</Value>
</AwardInstrument>
<Organization>
<Code>06020100</Code>
<Directorate>
<Abbreviation>GEO</Abbreviation>
<LongName>Directorate For Geosciences</LongName>
</Directorate>
<Division>
<Abbreviation>AGS</Abbreviation>
<LongName>Div Atmospheric &amp; Geospace Sciences</LongName>
</Division>
</Organization>
<ProgramOfficer>
<SignBlockName>Chungu Lu</SignBlockName>
</ProgramOfficer>
<AbstractNarration>Since 1988, the US National Weather Service has operated a network of around 160 advanced Doppler weather radars for monitoring severe weather and issue warnings, for example, of tornadoes, flash-floods, etc. The last major upgrade of these radars occurred in 2013 involving dual-polarization capability which greatly enhances the ability to detect flash-flood producing storms and extreme rainfall from land-falling hurricanes. This project seeks to improve the measurement accuracy of rainfall by such radars using advanced instruments that measure the properties of individual rain drops such as size, shape, concentration and fall speeds. From knowledge of these properties in different rain intensities and types, the algorithms for radar estimation of rainfall rates can be developed with greater accuracy than possible hitherto. In parallel, numerical models that use detailed microphysics of rain formation and evolution are being compared against radar observations to verify that the physical representation and assumptions in the numerical models are indeed correct. This is difficult because heavy rain at the surface originates from many sources aloft at colder temperatures within the storm and it evolves in a complex manner as the drops reach the surface. Thus, the integration of radar measurements with surface rain properties and numerical models is an essential component of this research which is likely to result in improved accuracy of warnings of flood-producing storms issued by the National Weather Service. &lt;br/&gt;&lt;br/&gt;The main scientific goal of this project is to obtain a deeper understanding of microphysical processes governing the evolution of drop size distributions (DSDs) using a synergistic combination of dual-polarization radar retrievals of DSD moments and one-dimensional (1D) model-predictions of moments and process rates for well-observed cases by the scanning polarimetric C-band ARMOR radar and the Mobile Integrated Profiling System (MIPS) operated by the University of Alabama at Huntsville (UAH). The simulations are based on two new numerical models, (i) the cloud particle model (CPM) developed at the University of Oklahoma which explicitly accounts for the evolution of all the cloud particles under warm rain microphysical processes, and (ii) a novel Monte-Carlo microphysics model (McSnow) developed by the German Weather Service that simulates the evolution of ice, mixed phase and rain based on the physical properties of "super-particles". Three different instruments will be used to measure and characterize the DSDs over the entire range of sizes from 0.1-8 mm with good accuracy (Meteorological Particle Spectrometer, 2D-video disdrometer, and Precipitation Occurrence Sensor System). Simultaneously, the volume above the instruments will be scanned by the dual-pol ARMOR radar as well as MIPS. The two particle models will be run in 1D and the DSD evolution will be compared against surface measurements and radar profiles to infer the dominant microphysical processes that shape the DSD. The coupling between ice processes above the melting level to rain processes below the melting level to the surface needs to be better understood. McSnow-predicted profiles and slopes of dual-pol variables with height from above the bright-band to the surface will be compared with radar observations to infer the dominant processes as well as rain types. Surface measurements will serve as constraints to the model predictions.&lt;br/&gt;&lt;br/&gt;One central assumption in nearly all collisional process modeling is that raindrops fall at terminal velocity depending only on the drop mass. However, some recent observations of fall speed distributions show that under turbulent conditions, mm-sized drops can deviate significantly from the Gunn-Kinzer terminal velocity equation which needs to be confirmed. The explicit cloud particle model will be used to predict if there is a significant impact of turbulence-induced fall speed deviations (mean and variance) on collisional processes and subsequently on DSD evolution.&lt;br/&gt;&lt;br/&gt;This award reflects NSF's statutory mission and has been deemed worthy of support through evaluation using the Foundation's intellectual merit and broader impacts review criteria.</AbstractNarration>
<MinAmdLetterDate>06/13/2019</MinAmdLetterDate>
<MaxAmdLetterDate>06/13/2019</MaxAmdLetterDate>
<ARRAAmount/>
<AwardID>1901585</AwardID>
<Investigator>
<FirstName>V.</FirstName>
<LastName>Bringi</LastName>
<EmailAddress>bringi@engr.colostate.edu</EmailAddress>
<StartDate>06/13/2019</StartDate>
<EndDate/>
<RoleCode>Principal Investigator</RoleCode>
</Investigator>
<Institution>
<Name>Colorado State University</Name>
<CityName>Fort Collins</CityName>
<ZipCode>805232002</ZipCode>
<PhoneNumber>9704916355</PhoneNumber>
<StreetAddress>601 S Howes St</StreetAddress>
<CountryName>United States</CountryName>
<StateName>Colorado</StateName>
<StateCode>CO</StateCode>
</Institution>
<ProgramElement>
<Code>1525</Code>
<Text>Physical &amp; Dynamic Meteorology</Text>
</ProgramElement>
</Award>
</rootTag>
