<?xml version="1.0" encoding="UTF-8"?>
<rootTag>
<Award>
<AwardTitle>RI: SMALL: Fast Prediction and Model Compression for Large-Scale Machine Learning</AwardTitle>
<AwardEffectiveDate>08/13/2018</AwardEffectiveDate>
<AwardExpirationDate>07/31/2020</AwardExpirationDate>
<AwardTotalIntnAmount>362846.00</AwardTotalIntnAmount>
<AwardAmount>362846</AwardAmount>
<AwardInstrument>
<Value>Standard Grant</Value>
</AwardInstrument>
<Organization>
<Code>05020000</Code>
<Directorate>
<Abbreviation>CSE</Abbreviation>
<LongName>Direct For Computer &amp; Info Scie &amp; Enginr</LongName>
</Directorate>
<Division>
<Abbreviation>IIS</Abbreviation>
<LongName>Div Of Information &amp; Intelligent Systems</LongName>
</Division>
</Organization>
<ProgramOfficer>
<SignBlockName>Rebecca Hwa</SignBlockName>
</ProgramOfficer>
<AbstractNarration>In order to handle large-scale problems, many algorithms have been proposed for improving the training speed of machine learning models. However, in many real world applications the bottleneck is at the prediction phase instead of the training phase due to the time and space complexity of prediction. Unlike the training phase that can run for several hours on multiple machines, the prediction phase usually runs on real-time systems; as a result, each prediction has to be done in a few seconds in order to provide immediate feedback to users. Furthermore, applications that run on mobile devices have even more strict constraints on memory capacity and computational resources. To address these issues, this research develops a new family of machine learning algorithms with faster prediction time and smaller model size. The outcome of this project creates a fundamental shift in the applicability of machine learning models to real-time online systems and on-device applications. Software packages and experimental platforms are made available to the public after being tested on applications. Besides the research objectives, the PI also pursues educational objectives including promoting undergraduate research, involving under-represented minorities in science and engineering, and developing undergraduate and graduate data science curriculums.&lt;br/&gt;&lt;br/&gt;The goal of this project is to develop novel approaches for reducing prediction time and model size of machine learning algorithms. In particular, the project focuses on machine learning applications with large output space (matrix factorization, extreme multi-class/multi-label classification), and highly nonlinear models (kernel methods and deep neural networks). A series of approximation algorithms are studied, including tree-based algorithms, clustering approaches, and sub-linear time search algorithms. A unified framework is developed for these algorithms and the trade-off between accuracy and prediction time/model size is studied both in theory and in practice. The proposed algorithms are evaluated on a broad range of real world applications, including online web services and on-device applications.</AbstractNarration>
<MinAmdLetterDate>02/12/2019</MinAmdLetterDate>
<MaxAmdLetterDate>02/12/2019</MaxAmdLetterDate>
<ARRAAmount/>
<AwardID>1901527</AwardID>
<Investigator>
<FirstName>Cho-Jui</FirstName>
<LastName>Hsieh</LastName>
<EmailAddress>chohsieh@cs.ucla.edu</EmailAddress>
<StartDate>02/12/2019</StartDate>
<EndDate/>
<RoleCode>Principal Investigator</RoleCode>
</Investigator>
<Institution>
<Name>University of California-Los Angeles</Name>
<CityName>LOS ANGELES</CityName>
<ZipCode>900951406</ZipCode>
<PhoneNumber>3107940102</PhoneNumber>
<StreetAddress>10889 Wilshire Boulevard</StreetAddress>
<CountryName>United States</CountryName>
<StateName>California</StateName>
<StateCode>CA</StateCode>
</Institution>
<ProgramElement>
<Code>7495</Code>
<Text>Robust Intelligence</Text>
</ProgramElement>
<ProgramReference>
<Code>7495</Code>
<Text>ROBUST INTELLIGENCE</Text>
</ProgramReference>
<ProgramReference>
<Code>7923</Code>
<Text>SMALL PROJECT</Text>
</ProgramReference>
</Award>
</rootTag>
