<?xml version="1.0" encoding="UTF-8"?>
<rootTag>
<Award>
<AwardTitle>School, Workshop, and Conference on Integrability and Randomness in Mathematical Physics</AwardTitle>
<AwardEffectiveDate>02/15/2019</AwardEffectiveDate>
<AwardExpirationDate>01/31/2020</AwardExpirationDate>
<AwardTotalIntnAmount>35000.00</AwardTotalIntnAmount>
<AwardAmount>35000</AwardAmount>
<AwardInstrument>
<Value>Standard Grant</Value>
</AwardInstrument>
<Organization>
<Code>03040000</Code>
<Directorate>
<Abbreviation>MPS</Abbreviation>
<LongName>Direct For Mathematical &amp; Physical Scien</LongName>
</Directorate>
<Division>
<Abbreviation>DMS</Abbreviation>
<LongName>Division Of Mathematical Sciences</LongName>
</Division>
</Organization>
<ProgramOfficer>
<SignBlockName>Marian Bocea</SignBlockName>
</ProgramOfficer>
<AbstractNarration>This award provides funding for US participation for three one-week events during a semester-long program at the Centre International de Rencontres Mathematiques (CIRM), in Marseille, France. Specifically, the three events are: &lt;br/&gt;(i) Research School: Coulomb Gases, Integrability and Painleve Equations, 11-15 March 2019 &lt;br/&gt;(ii) Large Conference: Integrability and Randomness in Mathematical Physics, 8-12 April 2019 &lt;br/&gt;(iii) Research workshop: Integrability and Nonlinear Dispersive Waves, 24-28 June 2019 &lt;br/&gt;The award gives US-based early-career researchers, researchers who are members of underrepresented groups, and researchers without other sources of support a chance to attend and participate in this international meeting. The organizing committee will make major efforts to recruit speakers and attendees from these groups to promote diversity.  &lt;br/&gt;&lt;br/&gt;The conference focuses on recent developments in the field of mathematical analysis, especially in the subfield of mathematical physics.   The main topics will be integrable systems and random phenomena, and their relations to other fields of mathematics, including probability theory, operator analysis, representation theory, combinatorics, partial differential equations, and complex analysis.  More information can be found on the program's web site https://www.chairejeanmorlet.com/2019-1-grava-bufetov.html&lt;br/&gt;&lt;br/&gt;This award reflects NSF's statutory mission and has been deemed worthy of support through evaluation using the Foundation's intellectual merit and broader impacts review criteria.</AbstractNarration>
<MinAmdLetterDate>02/07/2019</MinAmdLetterDate>
<MaxAmdLetterDate>02/07/2019</MaxAmdLetterDate>
<ARRAAmount/>
<AwardID>1901407</AwardID>
<Investigator>
<FirstName>Kenneth</FirstName>
<LastName>T-R McLaughlin</LastName>
<EmailAddress>kenmcl@rams.colostate.edu</EmailAddress>
<StartDate>02/07/2019</StartDate>
<EndDate/>
<RoleCode>Principal Investigator</RoleCode>
</Investigator>
<Institution>
<Name>Colorado State University</Name>
<CityName>Fort Collins</CityName>
<ZipCode>805232002</ZipCode>
<PhoneNumber>9704916355</PhoneNumber>
<StreetAddress>601 S Howes St</StreetAddress>
<CountryName>United States</CountryName>
<StateName>Colorado</StateName>
<StateCode>CO</StateCode>
</Institution>
<ProgramElement>
<Code>1281</Code>
<Text>ANALYSIS PROGRAM</Text>
</ProgramElement>
<ProgramReference>
<Code>7556</Code>
<Text>CONFERENCE AND WORKSHOPS</Text>
</ProgramReference>
</Award>
</rootTag>
