<?xml version="1.0" encoding="UTF-8"?>
<rootTag>
<Award>
<AwardTitle>Supporting Inclusive Participation in the Symposium on Educational Advances in Artificial Intelligence</AwardTitle>
<AwardEffectiveDate>01/01/2019</AwardEffectiveDate>
<AwardExpirationDate>12/31/2020</AwardExpirationDate>
<AwardTotalIntnAmount>27254.00</AwardTotalIntnAmount>
<AwardAmount>27254</AwardAmount>
<AwardInstrument>
<Value>Standard Grant</Value>
</AwardInstrument>
<Organization>
<Code>11040000</Code>
<Directorate>
<Abbreviation>EHR</Abbreviation>
<LongName>Direct For Education and Human Resources</LongName>
</Directorate>
<Division>
<Abbreviation>DUE</Abbreviation>
<LongName>Division Of Undergraduate Education</LongName>
</Division>
</Organization>
<ProgramOfficer>
<SignBlockName>Stephanie August</SignBlockName>
</ProgramOfficer>
<AbstractNarration>The integration of artificial intelligence (AI) into everyday life is increasing.  This creates a parallel increase in the difficulty and importance of related discussions related to AI research, policy, and public debate. Broad and informed participation in these discussions by a diverse community is critical to the nation's future. This project supports the engagement of AI educators from a diverse set of backgrounds to participate in the Symposium on Educational Advances in Artificial Intelligence (EAAI) in 2019 and 2020. EAAI provides a venue for AI researchers and educators to discuss pedagogical issues and share resources related to teaching and using AI in education across a variety of curricular levels, from K-12 through postgraduate training. Increased diversity in EAAI participation has the potential to broaden the pipeline of AI professionals as well as the types of discussions surrounding the development of AI technologies, including those of ethical implications and unintended consequences. The symposium is co-located with the Association for the Advancement of Artificial Intelligence Conference on Artificial Intelligence. This is one of the premier conferences on AI, drawing wide domestic and international participation. Co-location allows EAAI participants to engage in discussions of both cutting-edge disciplinary research and state-of-the-art methods of educational delivery and assessment. &lt;br/&gt;&lt;br/&gt;This project addresses the need to develop a diverse set of faculty to educate the next generation of AI researchers, practitioners, and policy makers. The goal of this effort is to increase understanding of how to engage a more demographically diverse pool of AI educators. Support for participation in EAAI over two years will be provided to ten students, ten current higher education faculty and secondary school educators, ten new or future educators, and four invited speakers. Priority for support will be given to first authors/presenters, paper co-authors, Birds-of-a-Feather undergraduate participants, and poster authors. The Selection Committee will be composed of the EAAI co-chairs and track chairs. Recruitment will target women and other groups underrepresented in the AI community, as well as late-stage graduate students or early-stage faculty. This last group, the New or Future Educators, will be invited to assume future EAAI leadership positions. This project aims to collect, analyze, and disseminate data on the efficacy of recruitment venues for achieving a demographically diverse EAAI community.&lt;br/&gt;&lt;br/&gt;This award reflects NSF's statutory mission and has been deemed worthy of support through evaluation using the Foundation's intellectual merit and broader impacts review criteria.</AbstractNarration>
<MinAmdLetterDate>12/19/2018</MinAmdLetterDate>
<MaxAmdLetterDate>12/19/2018</MaxAmdLetterDate>
<ARRAAmount/>
<AwardID>1901575</AwardID>
<Investigator>
<FirstName>Nate</FirstName>
<LastName>Derbinsky</LastName>
<EmailAddress>n.derbinsky@northeastern.edu</EmailAddress>
<StartDate>12/19/2018</StartDate>
<EndDate/>
<RoleCode>Principal Investigator</RoleCode>
</Investigator>
<Institution>
<Name>Northeastern University</Name>
<CityName>BOSTON</CityName>
<ZipCode>021155005</ZipCode>
<PhoneNumber>6173733004</PhoneNumber>
<StreetAddress>360 HUNTINGTON AVE</StreetAddress>
<CountryName>United States</CountryName>
<StateName>Massachusetts</StateName>
<StateCode>MA</StateCode>
</Institution>
<ProgramElement>
<Code>1998</Code>
<Text>IUSE</Text>
</ProgramElement>
<ProgramReference>
<Code>7556</Code>
<Text>CONFERENCE AND WORKSHOPS</Text>
</ProgramReference>
<ProgramReference>
<Code>8209</Code>
<Text>Improv Undergrad STEM Ed(IUSE)</Text>
</ProgramReference>
<ProgramReference>
<Code>9178</Code>
<Text>UNDERGRADUATE EDUCATION</Text>
</ProgramReference>
</Award>
</rootTag>
