<?xml version="1.0" encoding="UTF-8"?>
<rootTag>
<Award>
<AwardTitle>Double Affine Hecke Algebras</AwardTitle>
<AwardEffectiveDate>07/01/2019</AwardEffectiveDate>
<AwardExpirationDate>06/30/2024</AwardExpirationDate>
<AwardTotalIntnAmount>575000.00</AwardTotalIntnAmount>
<AwardAmount>170581</AwardAmount>
<AwardInstrument>
<Value>Continuing grant</Value>
</AwardInstrument>
<Organization>
<Code>03040000</Code>
<Directorate>
<Abbreviation>MPS</Abbreviation>
<LongName>Direct For Mathematical &amp; Physical Scien</LongName>
</Directorate>
<Division>
<Abbreviation>DMS</Abbreviation>
<LongName>Division Of Mathematical Sciences</LongName>
</Division>
</Organization>
<ProgramOfficer>
<SignBlockName>James Matthew Douglass</SignBlockName>
</ProgramOfficer>
<AbstractNarration>The aim of the project is the study of double affine Hecke algebras (DAHAs) and their applications in geometry, number theory, topology, harmonic analysis, and combinatorics, as well as exciting applications in modern mathematical physics, for instance in string theory. This includes new connections between physics and number theory via DAHAs, which can connect correlation functions in physics with count of points over finite fields in geometry. This work is firmly aligned with Quantum Leap, one of the NSF's 10 Big Ideas, through software to be developed that will compute the DAHA-Fourier transform at roots of unity.&lt;br/&gt;&lt;br/&gt;The major themes of the proposed research are: (1) DAHA and motivic theory of invariants of algebraic links and plane curve singularities, including the corresponding Riemann hypothesis, (2) harmonic analysis on DAHA, which generalizes theory of affine Hecke algebras and is related to the PI's theory of difference hypergeometric functions, and (3) applications in number theory, including q-zeta functions and Rogers-Ramanujan identities. The key is a recent connection between the DAHA superpolynomials (conjecturally related to the reduced Khovanov-Rozansky polynomials) and the zeta-functions of plane curve singularities. This connection conjecturally identifies the so-called super-duality in physics (say S-duality in M-theory) and that in DAHA theory with the functional equation in number theory.&lt;br/&gt;&lt;br/&gt;This award reflects NSF's statutory mission and has been deemed worthy of support through evaluation using the Foundation's intellectual merit and broader impacts review criteria.</AbstractNarration>
<MinAmdLetterDate>06/26/2019</MinAmdLetterDate>
<MaxAmdLetterDate>06/26/2019</MaxAmdLetterDate>
<ARRAAmount/>
<AwardID>1901796</AwardID>
<Investigator>
<FirstName>Ivan</FirstName>
<LastName>Cherednik</LastName>
<EmailAddress>chered@math.unc.edu</EmailAddress>
<StartDate>06/26/2019</StartDate>
<EndDate/>
<RoleCode>Principal Investigator</RoleCode>
</Investigator>
<Institution>
<Name>University of North Carolina at Chapel Hill</Name>
<CityName>CHAPEL HILL</CityName>
<ZipCode>275991350</ZipCode>
<PhoneNumber>9199663411</PhoneNumber>
<StreetAddress>104 AIRPORT DR STE 2200</StreetAddress>
<CountryName>United States</CountryName>
<StateName>North Carolina</StateName>
<StateCode>NC</StateCode>
</Institution>
<ProgramElement>
<Code>1264</Code>
<Text>ALGEBRA,NUMBER THEORY,AND COM</Text>
</ProgramElement>
<ProgramReference>
<Code>7203</Code>
<Text>QUANTUM INFORMATION SCIENCE</Text>
</ProgramReference>
</Award>
</rootTag>
