<?xml version="1.0" encoding="UTF-8"?>
<rootTag>
<Award>
<AwardTitle>Analytic Properties of Group Actions of Finitely Generated Groups</AwardTitle>
<AwardEffectiveDate>09/01/2019</AwardEffectiveDate>
<AwardExpirationDate>08/31/2023</AwardExpirationDate>
<AwardTotalIntnAmount>320000.00</AwardTotalIntnAmount>
<AwardAmount>32426</AwardAmount>
<AwardInstrument>
<Value>Continuing grant</Value>
</AwardInstrument>
<Organization>
<Code>03040000</Code>
<Directorate>
<Abbreviation>MPS</Abbreviation>
<LongName>Direct For Mathematical &amp; Physical Scien</LongName>
</Directorate>
<Division>
<Abbreviation>DMS</Abbreviation>
<LongName>Division Of Mathematical Sciences</LongName>
</Division>
</Organization>
<ProgramOfficer>
<SignBlockName>Tomek Bartoszynski</SignBlockName>
</ProgramOfficer>
<AbstractNarration>The core of the project is based on the recent techniques developed by PI and aimed to deepen the  understanding of several analytic properties of groups and their actions. One of the central notions of  the research is amenability, which relates to an averaging operation that is invariant under translation by group elements. It naturally appears in many fields of mathematics: operator algebras, functional analysis, ergodic theory, probability theory, harmonic analysis. Amenability has many  applications and considerable effort has been given throughout the years to showing that various  groups are amenable.  &lt;br/&gt; &lt;br/&gt;The PI will study a newly developed property of group actions: Liouville property.  The property can be used to prove non-amenability due to the fact that if a group admits a non-Liouville action, then the group is not amenable. The PI have already developed tools for verifying Liouville property for graphs of the actions. These tools brought a connection of Liouville property of actions for strongly transitive groups and additive combinatorics. The project describes several questions on Liouville actions with streamlined approaches, as well as more ambitious problems and conjectures. In particular, the PI outlines an approach to non-amenability of Thompson group F, which is a widely open problem in the group theory. The PI provides an approach to amenability of interval exchange transformation groups.  The actions of these are Liouville, moreover, they are completely Liouville. Thus, amenability of these groups can not be approached using Liouville property. For this reason, the PI will study a property of random walk of action: growth of inverted orbits. Using this property there is a potential to determine amenability of the interval exchange transformation group. On the other hand the study of this property property leads to a more general theory that is planned to be developed.&lt;br/&gt;&lt;br/&gt;This award reflects NSF's statutory mission and has been deemed worthy of support through evaluation using the Foundation's intellectual merit and broader impacts review criteria.</AbstractNarration>
<MinAmdLetterDate>05/15/2019</MinAmdLetterDate>
<MaxAmdLetterDate>05/15/2019</MaxAmdLetterDate>
<ARRAAmount/>
<AwardID>1901467</AwardID>
<Investigator>
<FirstName>Kate</FirstName>
<LastName>Juschenko</LastName>
<EmailAddress>kate.juschenko@gmail.com</EmailAddress>
<StartDate>05/15/2019</StartDate>
<EndDate/>
<RoleCode>Principal Investigator</RoleCode>
</Investigator>
<Institution>
<Name>University of Texas at Austin</Name>
<CityName>Austin</CityName>
<ZipCode>787595316</ZipCode>
<PhoneNumber>5124716424</PhoneNumber>
<StreetAddress>3925 W Braker Lane, Ste 3.340</StreetAddress>
<CountryName>United States</CountryName>
<StateName>Texas</StateName>
<StateCode>TX</StateCode>
</Institution>
<ProgramElement>
<Code>1265</Code>
<Text>GEOMETRIC ANALYSIS</Text>
</ProgramElement>
<ProgramElement>
<Code>1281</Code>
<Text>ANALYSIS PROGRAM</Text>
</ProgramElement>
</Award>
</rootTag>
