<?xml version="1.0" encoding="UTF-8"?>
<rootTag>
<Award>
<AwardTitle>COLLABORATIVE RESEARCH: DYNAMICS OF DENSITIES: MODELING, CONTROL AND ESTIMATION</AwardTitle>
<AwardEffectiveDate>08/16/2018</AwardEffectiveDate>
<AwardExpirationDate>08/31/2021</AwardExpirationDate>
<AwardTotalIntnAmount>250000.00</AwardTotalIntnAmount>
<AwardAmount>250000</AwardAmount>
<AwardInstrument>
<Value>Standard Grant</Value>
</AwardInstrument>
<Organization>
<Code>07010000</Code>
<Directorate>
<Abbreviation>ENG</Abbreviation>
<LongName>Directorate For Engineering</LongName>
</Directorate>
<Division>
<Abbreviation>ECCS</Abbreviation>
<LongName>Div Of Electrical, Commun &amp; Cyber Sys</LongName>
</Division>
</Organization>
<ProgramOfficer>
<SignBlockName>Radhakisan Baheti</SignBlockName>
</ProgramOfficer>
<AbstractNarration>Present day advances in guidance and control, from aerospace applications to modern device technologies, require ever more sophisticated ways to deal with the deluge of data and to cope with the probabilistic nature of uncertainty. The proposed research aims at developing novel computational techniques and new mathematics that address problems in decision and control of uncertain systems and in regulating collections of dynamical systems in a unified manner. Typical examples include the steering of collections of dynamical systems such as a collection of unmanned area vehicles, a particle beam, micro-mechanical systems subject to thermal fluctuations, laser-driven molecular reactions, or the scheduling and control of the flow of resources across a network. Multiple engineering and scientific disciplines stand to gain from successful completion of the project.&lt;br/&gt;&lt;br/&gt;The basis of the proposed framework is the newly discovered Riemannian structure of Optimal Mass Transport (OMT) on probability densities. The ensuing geometry allows new techniques for the analysis of stochastic differential equations, a new perspective of collective dynamics of particles that leads to new modeling principles, and leads to a unified approach for designing suitable control laws that ensure stability and performance of collections of dynamical systems. Density functions become the primary object of study as these represent the state of the collection of dynamical systems. Data provide empirical snapshots, statistics, and histograms viewed as points on the Riemannian manifold of density functions. The description of system-states and uncertainty via density functions is compatible with novel mathematical concepts and tools in partial differential equations that can be now used for control purposes. This new viewpoint transcends control applications and may impact non-equilibrium statistical mechanics, medical imaging, filtering and signal analysis. The mathematics that we will develop aim to extend the current framework OMT to address multi-dimensional objects and tensor fields and, thereby, applications in diffusion tensor imaging, stochastically driven density flows of interacting dynamical particles, and network transport applications will be a focus of the research.&lt;br/&gt;&lt;br/&gt;This award reflects NSF's statutory mission and has been deemed worthy of support through evaluation using the Foundation's intellectual merit and broader impacts review criteria.</AbstractNarration>
<MinAmdLetterDate>10/23/2018</MinAmdLetterDate>
<MaxAmdLetterDate>10/23/2018</MaxAmdLetterDate>
<ARRAAmount/>
<AwardID>1901599</AwardID>
<Investigator>
<FirstName>Yongxin</FirstName>
<LastName>Chen</LastName>
<EmailAddress>yongchen@gatech.edu</EmailAddress>
<StartDate>10/23/2018</StartDate>
<EndDate/>
<RoleCode>Principal Investigator</RoleCode>
</Investigator>
<Institution>
<Name>Georgia Tech Research Corporation</Name>
<CityName>Atlanta</CityName>
<ZipCode>303320420</ZipCode>
<PhoneNumber>4048944819</PhoneNumber>
<StreetAddress>Office of Sponsored Programs</StreetAddress>
<CountryName>United States</CountryName>
<StateName>Georgia</StateName>
<StateCode>GA</StateCode>
</Institution>
<ProgramElement>
<Code>7607</Code>
<Text>EPCN-Energy-Power-Ctrl-Netwrks</Text>
</ProgramElement>
<ProgramReference>
<Code>092E</Code>
<Text>Control systems &amp; applications</Text>
</ProgramReference>
</Award>
</rootTag>
