<?xml version="1.0" encoding="UTF-8"?>
<rootTag>
<Award>
<AwardTitle>Operations of the Tokyo Activities</AwardTitle>
<AwardEffectiveDate>10/01/2018</AwardEffectiveDate>
<AwardExpirationDate>10/31/2020</AwardExpirationDate>
<AwardTotalIntnAmount>95000.00</AwardTotalIntnAmount>
<AwardAmount>35000</AwardAmount>
<AwardInstrument>
<Value>Contract Interagency Agreement</Value>
</AwardInstrument>
<Organization>
<Code>01090500</Code>
<Directorate>
<Abbreviation>O/D</Abbreviation>
<LongName>Office Of The Director</LongName>
</Directorate>
<Division>
<Abbreviation>OISE</Abbreviation>
<LongName>Office Of Internatl Science &amp;Engineering</LongName>
</Division>
</Organization>
<ProgramOfficer>
<SignBlockName>Simona Gilbert</SignBlockName>
</ProgramOfficer>
<AbstractNarration/>
<MinAmdLetterDate>10/09/2018</MinAmdLetterDate>
<MaxAmdLetterDate>07/18/2019</MaxAmdLetterDate>
<ARRAAmount/>
<AwardID>1901538</AwardID>
<Investigator>
<FirstName>Beau</FirstName>
<LastName>Johnson</LastName>
<EmailAddress>johnsonbb2@state.gov</EmailAddress>
<StartDate>10/09/2018</StartDate>
<EndDate/>
<RoleCode>Principal Investigator</RoleCode>
</Investigator>
<Institution>
<Name>DEPARTMENT OF STATE</Name>
<CityName>Washington</CityName>
<ZipCode>205220002</ZipCode>
<PhoneNumber/>
<StreetAddress>2201 C Street NW</StreetAddress>
<CountryName>United States</CountryName>
<StateName>District of Columbia</StateName>
<StateCode>DC</StateCode>
</Institution>
<ProgramElement>
<Code>7572</Code>
<Text>Operation NSF Overseas Offices</Text>
</ProgramElement>
<ProgramReference>
<Code>5921</Code>
<Text>JAPAN</Text>
</ProgramReference>
<ProgramReference>
<Code>5978</Code>
<Text>EAST ASIA AND PACIFIC PROGRAM</Text>
</ProgramReference>
</Award>
</rootTag>
