<?xml version="1.0" encoding="UTF-8"?>
<rootTag>
<Award>
<AwardTitle>Research Initiation Award: Highly Stable Nanoparticle-Doped Metal-Organic Frameworks for Applications in Water Purification</AwardTitle>
<AwardEffectiveDate>04/01/2019</AwardEffectiveDate>
<AwardExpirationDate>03/31/2022</AwardExpirationDate>
<AwardTotalIntnAmount>286319.00</AwardTotalIntnAmount>
<AwardAmount>286319</AwardAmount>
<AwardInstrument>
<Value>Standard Grant</Value>
</AwardInstrument>
<Organization>
<Code>11060000</Code>
<Directorate>
<Abbreviation>EHR</Abbreviation>
<LongName>Direct For Education and Human Resources</LongName>
</Directorate>
<Division>
<Abbreviation>HRD</Abbreviation>
<LongName>Division Of Human Resource Development</LongName>
</Division>
</Organization>
<ProgramOfficer>
<SignBlockName>Michelle Claville</SignBlockName>
</ProgramOfficer>
<AbstractNarration>Research Initiation Awards provide support for junior and mid-career faculty at Historically Black Colleges and Universities who are building new research programs or redirecting and rebuilding existing programs. It is expected that the award helps to further the faculty member's research capability and effectiveness, improves research and teaching at the home institution, and involves undergraduate students in research experiences. The award to Virginia Union University will seek to determine the best synthetic protocols to analyze nanoparticle-doped meal-organic framework (NP@MOFs) systems for their water filtration and sanitation properties and to make structural modifications of these material based on observed performance. &lt;br/&gt;&lt;br/&gt;The proposed work explores the simultaneous elimination of biological and chemical contaminants in water through one composite system. The objectives are to investigate the impact of the encapsulation of metal nanoparticles inside water stable MOFs on water purification properties and determine the stability and recyclability of new and existing NP@MOF systems when used for water purification applications. The study will be done in four phases with efforts to offer a system which allows minimal diffusion of doped nanoparticles in the filtration process. The broader impacts of the proposed work will be the application of the proposed NP@MOF systems into an advanced mechanism for water filtration which is essential in underdeveloped civilizations and undeserved citizenry. Moreover, the proposed work will enhance the infrastructure of research at VUU, while creating opportunities and access to underrepresented students.&lt;br/&gt;&lt;br/&gt;This award reflects NSF's statutory mission and has been deemed worthy of support through evaluation using the Foundation's intellectual merit and broader impacts review criteria.</AbstractNarration>
<MinAmdLetterDate>03/19/2019</MinAmdLetterDate>
<MaxAmdLetterDate>03/19/2019</MaxAmdLetterDate>
<ARRAAmount/>
<AwardID>1901181</AwardID>
<Investigator>
<FirstName>Karl</FirstName>
<LastName>Jackson</LastName>
<EmailAddress>ktjackson2@vuu.edu</EmailAddress>
<StartDate>03/19/2019</StartDate>
<EndDate/>
<RoleCode>Principal Investigator</RoleCode>
</Investigator>
<Institution>
<Name>Virginia Union University</Name>
<CityName>Richmond</CityName>
<ZipCode>232201711</ZipCode>
<PhoneNumber>8042575807</PhoneNumber>
<StreetAddress>1500 N Lombardy Street</StreetAddress>
<CountryName>United States</CountryName>
<StateName>Virginia</StateName>
<StateCode>VA</StateCode>
</Institution>
<ProgramElement>
<Code>1594</Code>
<Text>Hist Black Colleges and Univ</Text>
</ProgramElement>
<ProgramReference>
<Code>9178</Code>
<Text>UNDERGRADUATE EDUCATION</Text>
</ProgramReference>
</Award>
</rootTag>
