<?xml version="1.0" encoding="UTF-8"?>
<rootTag>
<Award>
<AwardTitle>CNS Core: Large: Collaborative Research: Towards an Evolvable Public Key Infrastructure</AwardTitle>
<AwardEffectiveDate>06/01/2019</AwardEffectiveDate>
<AwardExpirationDate>05/31/2022</AwardExpirationDate>
<AwardTotalIntnAmount>617561.00</AwardTotalIntnAmount>
<AwardAmount>417378</AwardAmount>
<AwardInstrument>
<Value>Continuing grant</Value>
</AwardInstrument>
<Organization>
<Code>05050000</Code>
<Directorate>
<Abbreviation>CSE</Abbreviation>
<LongName>Direct For Computer &amp; Info Scie &amp; Enginr</LongName>
</Directorate>
<Division>
<Abbreviation>CNS</Abbreviation>
<LongName>Division Of Computer and Network Systems</LongName>
</Division>
</Organization>
<ProgramOfficer>
<SignBlockName>Samee Khan</SignBlockName>
</ProgramOfficer>
<AbstractNarration>The importance of the Transport Layer Security (TLS) public key infrastructure (PKI) to the success of the Internet cannot be overstated.  From social networking to banking, from mobile devices to cloud computing, the PKI allows communicating parties to be sure of whom they are communicating with, that their communication is confidential, and that their communication has not been tampered with.  Despite its incredible importance, the PKI has been notoriously difficult to evolve to meet new security concerns and Internet demands.  This project introduces new, deployable alternatives to key parts of the PKI to make it more evolvable, manageable, and secure.&lt;br/&gt;&lt;br/&gt;The project has three primary thrusts.  The first introduces a key enabling technology behind the subsequent thrusts, called assertion-carrying certificates (ACCs).  ACCs expand today's certificates with the capability of including a small amount of code (in the form of assertions) to be evaluated as part of the certificate validation process.  The second thrust applies ACCs to enable certificate authorities to more readily evolve to new demands for certificate delegation and automated issuance.  The third thrust applies ACCs and trusted execution environments to enable web-hosting services like content delivery networks to securely manage their customers' cryptographic keys.&lt;br/&gt;&lt;br/&gt;Correct operation of the PKI is paramount to ensuring a secure, authenticated Internet.  Recent efforts have proven that progress towards a more secure PKI is possible, but a more fundamental focus is needed to address the underlying challenges.  This project will do just that by developing a new, extensible approach to constraining when identities on the Internet should be trusted.  This project will make it straightforward and safe to extend the basic abstractions offered by the PKI, thereby enabling it to evolve to meet changing trends.&lt;br/&gt;&lt;br/&gt;The project's code and data will be made publicly available and maintained at https://securepki.org&lt;br/&gt;&lt;br/&gt;This award reflects NSF's statutory mission and has been deemed worthy of support through evaluation using the Foundation's intellectual merit and broader impacts review criteria.</AbstractNarration>
<MinAmdLetterDate>04/04/2019</MinAmdLetterDate>
<MaxAmdLetterDate>04/04/2019</MaxAmdLetterDate>
<ARRAAmount/>
<AwardID>1901325</AwardID>
<Investigator>
<FirstName>David</FirstName>
<LastName>Levin</LastName>
<EmailAddress>dml@cs.umd.edu</EmailAddress>
<StartDate>04/04/2019</StartDate>
<EndDate/>
<RoleCode>Principal Investigator</RoleCode>
</Investigator>
<Institution>
<Name>University of Maryland College Park</Name>
<CityName>COLLEGE PARK</CityName>
<ZipCode>207425141</ZipCode>
<PhoneNumber>3014056269</PhoneNumber>
<StreetAddress>3112 LEE BLDG 7809 Regents Drive</StreetAddress>
<CountryName>United States</CountryName>
<StateName>Maryland</StateName>
<StateCode>MD</StateCode>
</Institution>
<ProgramElement>
<Code>8060</Code>
<Text>Secure &amp;Trustworthy Cyberspace</Text>
</ProgramElement>
<ProgramReference>
<Code>025Z</Code>
<Text>SaTC: Secure and Trustworthy Cyberspace</Text>
</ProgramReference>
<ProgramReference>
<Code>7434</Code>
<Text>CNCI</Text>
</ProgramReference>
<ProgramReference>
<Code>7925</Code>
<Text>LARGE PROJECT</Text>
</ProgramReference>
</Award>
</rootTag>
