<?xml version="1.0" encoding="UTF-8"?>
<rootTag>
<Award>
<AwardTitle>Modern Aspects of Complex Analysis and Its Applications</AwardTitle>
<AwardEffectiveDate>07/01/2019</AwardEffectiveDate>
<AwardExpirationDate>06/30/2020</AwardExpirationDate>
<AwardTotalIntnAmount>30000.00</AwardTotalIntnAmount>
<AwardAmount>30000</AwardAmount>
<AwardInstrument>
<Value>Standard Grant</Value>
</AwardInstrument>
<Organization>
<Code>03040000</Code>
<Directorate>
<Abbreviation>MPS</Abbreviation>
<LongName>Direct For Mathematical &amp; Physical Scien</LongName>
</Directorate>
<Division>
<Abbreviation>DMS</Abbreviation>
<LongName>Division Of Mathematical Sciences</LongName>
</Division>
</Organization>
<ProgramOfficer>
<SignBlockName>Marian Bocea</SignBlockName>
</ProgramOfficer>
<AbstractNarration>This award supports participation in the conference Modern Aspects of Complex Analysis and Its Applications, held at the University of Washington in Seattle, Washington, during August 19-23, 2019.  The meeting aims to foster interaction between experts and early-career mathematicians working in the field of complex analysis. The structure of the conference will comprise a number of workshop-style talks directed at beginning researchers that are focused on presenting and discussing fundamental ideas in the field. The organizers are making an effort to attract younger and minority researchers to participate in the conference.&lt;br/&gt;&lt;br/&gt;The field of complex analysis is a classical discipline at the root of much of modern mathematics. Over the years, its boundaries have been pushed in many different and often surprising directions: from random geometric objects, to fractal geometry and dynamics, to discrete networks and data science.  The goal of the conference is to bring together researchers across generational cohorts in the field of complex analysis with various related areas, including random conformal maps, dynamical systems, and geometric function theory.  Topics discussed will include harmonic analysis, geometric measure theory, quasiconformal maps, analysis on metric spaces, and probability.  More information can be found at the meeting web site https://www.math.ksu.edu/~pietro/seattle19.html.&lt;br/&gt;&lt;br/&gt;This award reflects NSF's statutory mission and has been deemed worthy of support through evaluation using the Foundation's intellectual merit and broader impacts review criteria.</AbstractNarration>
<MinAmdLetterDate>02/06/2019</MinAmdLetterDate>
<MaxAmdLetterDate>02/06/2019</MaxAmdLetterDate>
<ARRAAmount/>
<AwardID>1901600</AwardID>
<Investigator>
<FirstName>Pietro</FirstName>
<LastName>Poggi-Corradini</LastName>
<EmailAddress>pietro@math.ksu.edu</EmailAddress>
<StartDate>02/06/2019</StartDate>
<EndDate/>
<RoleCode>Principal Investigator</RoleCode>
</Investigator>
<Investigator>
<FirstName>Steffen</FirstName>
<LastName>Rohde</LastName>
<EmailAddress>rohde@math.washington.edu</EmailAddress>
<StartDate>02/06/2019</StartDate>
<EndDate/>
<RoleCode>Co-Principal Investigator</RoleCode>
</Investigator>
<Investigator>
<FirstName>Mario</FirstName>
<LastName>Bonk</LastName>
<EmailAddress>mbonk@math.ucla.edu</EmailAddress>
<StartDate>02/06/2019</StartDate>
<EndDate/>
<RoleCode>Co-Principal Investigator</RoleCode>
</Investigator>
<Institution>
<Name>Kansas State University</Name>
<CityName>Manhattan</CityName>
<ZipCode>665061100</ZipCode>
<PhoneNumber>7855326804</PhoneNumber>
<StreetAddress>2 FAIRCHILD HALL</StreetAddress>
<CountryName>United States</CountryName>
<StateName>Kansas</StateName>
<StateCode>KS</StateCode>
</Institution>
<ProgramElement>
<Code>1281</Code>
<Text>ANALYSIS PROGRAM</Text>
</ProgramElement>
<ProgramReference>
<Code>7556</Code>
<Text>CONFERENCE AND WORKSHOPS</Text>
</ProgramReference>
<ProgramReference>
<Code>9150</Code>
<Text>EXP PROG TO STIM COMP RES</Text>
</ProgramReference>
</Award>
</rootTag>
