<?xml version="1.0" encoding="UTF-8"?>
<rootTag>
<Award>
<AwardTitle>Frustration and Crystallization of Vortices in Artificial Spins / Superconductor Hybrids</AwardTitle>
<AwardEffectiveDate>07/01/2019</AwardEffectiveDate>
<AwardExpirationDate>06/30/2022</AwardExpirationDate>
<AwardTotalIntnAmount>410531.00</AwardTotalIntnAmount>
<AwardAmount>410531</AwardAmount>
<AwardInstrument>
<Value>Standard Grant</Value>
</AwardInstrument>
<Organization>
<Code>03070000</Code>
<Directorate>
<Abbreviation>MPS</Abbreviation>
<LongName>Direct For Mathematical &amp; Physical Scien</LongName>
</Directorate>
<Division>
<Abbreviation>DMR</Abbreviation>
<LongName>Division Of Materials Research</LongName>
</Division>
</Organization>
<ProgramOfficer>
<SignBlockName>Tomasz Durakiewicz</SignBlockName>
</ProgramOfficer>
<AbstractNarration>Non-technical:&lt;br/&gt;Artificial spin ices are arrays of lithographically created nanoscale single domain bar magnets. They are introduced to mimic the behavior of electron spins naturally occurring in magnetic materials. Instead of focusing on bar magnets, each of the nanobars can be 'broken up' into a positive and negative magnetic charges, enabling to design an artificial spin structure that produces a magnetic charge ice with reconfigurable charge configurations. When an artificial-spin-ice structure is placed onto a superconducting thin film, its magnetic charges strongly interact with the flux quanta in the superconductor, enabling the realization of various disordered and crystallized flux quanta states. The different states have measurable effects on the superconducting critical current profile, which can be reconfigured by precise selection of the spin ice magnetic state through application of an external magnetic field. This research provides a foundation for understanding and manipulating the new complex and collective effects that are expected in the flux quanta system in a controllable way. This project also supports the training of graduate and undergraduate students, enhancing their academic knowledge and improving their likelihood to succeed in future careers in academia, industry, or government.&lt;br/&gt;&lt;br/&gt;Technical:&lt;br/&gt;&lt;br/&gt;Geometric frustration emerges when local interaction energies cannot be simultaneously minimized, resulting in numerous degenerate states. A paradigm system with geometric frustration is spin ice materials such as pyrochlores with 'two spins in, two spins out' spin configuration, which are magnetic analogues of the old problem of how hydrogen atoms order in the water ice lattice. Recently, an artificial spin structure has been developed to produce magnetic charge ices with in-situ tunable long-range ordering. This project is to investigate a hetero-structure consisting of such an artificial-spin structure on top of a superconducting thin film. Certain magnetic charge configurations of the spin structure lead to ordered arrangements of vortices in the superconducting film, whereas others frustrate the vortex ensemble. This research is to establish a new front in geometric frustration research by pursuing the experimental realization and novel properties of frustrated vortex matter. This project can lead to new approaches for in-situ tunable critical currents in a superconductor and novel superconducting devices such as vortex diodes. The coupling of an artificial-spin-structure with other functional materials provides a new setting for designing and controlling geometric frustrations in magnetic 'particle' systems, such as magnetic skyrmions and magnetic colloids. It also leads to an effective way to design in-situ reconfigurable functionalities and electronic devices in a wide range of electronic materials, such as graphene, topological insulators, and quantum wells.&lt;br/&gt;&lt;br/&gt;This award reflects NSF's statutory mission and has been deemed worthy of support through evaluation using the Foundation's intellectual merit and broader impacts review criteria.</AbstractNarration>
<MinAmdLetterDate>06/21/2019</MinAmdLetterDate>
<MaxAmdLetterDate>06/21/2019</MaxAmdLetterDate>
<ARRAAmount/>
<AwardID>1901843</AwardID>
<Investigator>
<FirstName>Zhili</FirstName>
<LastName>Xiao</LastName>
<EmailAddress>zxiao@niu.edu</EmailAddress>
<StartDate>06/21/2019</StartDate>
<EndDate/>
<RoleCode>Principal Investigator</RoleCode>
</Investigator>
<Institution>
<Name>Northern Illinois University</Name>
<CityName>De Kalb</CityName>
<ZipCode>601152828</ZipCode>
<PhoneNumber>8157531581</PhoneNumber>
<StreetAddress>301 Lowden Hall</StreetAddress>
<CountryName>United States</CountryName>
<StateName>Illinois</StateName>
<StateCode>IL</StateCode>
</Institution>
<ProgramElement>
<Code>1710</Code>
<Text>CONDENSED MATTER PHYSICS</Text>
</ProgramElement>
<ProgramReference>
<Code>8614</Code>
<Text>Nanomaterials</Text>
</ProgramReference>
</Award>
</rootTag>
