<?xml version="1.0" encoding="UTF-8"?>
<rootTag>
<Award>
<AwardTitle>Measuring Galois Actions and Moduli Spaces</AwardTitle>
<AwardEffectiveDate>08/01/2019</AwardEffectiveDate>
<AwardExpirationDate>07/31/2022</AwardExpirationDate>
<AwardTotalIntnAmount>176343.00</AwardTotalIntnAmount>
<AwardAmount>57900</AwardAmount>
<AwardInstrument>
<Value>Continuing grant</Value>
</AwardInstrument>
<Organization>
<Code>03040000</Code>
<Directorate>
<Abbreviation>MPS</Abbreviation>
<LongName>Direct For Mathematical &amp; Physical Scien</LongName>
</Directorate>
<Division>
<Abbreviation>DMS</Abbreviation>
<LongName>Division Of Mathematical Sciences</LongName>
</Division>
</Organization>
<ProgramOfficer>
<SignBlockName>Michelle Manes</SignBlockName>
</ProgramOfficer>
<AbstractNarration>The field of arithmetic geometry focuses on the study of shapes (called varieties) that are defined by polynomial equations and the number of solutions to those equations.  The PI will investigate properties of curves and related varieties that are of particular interest to number theorists. The project includes studying Fermat curves (connected to the celebrated proof of Fermat's Last Theorem by Andrew Wiles), curves with a large set of symmetries (for which the interplay between the arithmetic and the geometry provides a rich structure), and arithmetic invariants of more general curves. The PI also proposes two projects to train students in number theory.  The first is to train undergraduates at Colorado State University in mathematics research during summer 2020.  The second is to host a video-conference training seminar in arithmetic geometry, with world-wide open access.  This will train graduate students in this field and build connections among researchers in this area.  The PI will continue to mentor and train students and to provide service to the math community.&lt;br/&gt; &lt;br/&gt;&lt;br/&gt;The PI plans to study 3 topics: (1) Galois cohomology of Fermat curves: The proof of Fermat's Last Theorem determined all of the points on the Fermat curves that are defined over the rational field Q. The PI proposes to study a map in Galois cohomology that measures an obstruction for rational points and to show that this obstruction does not vanish for the Fermat curves defined over cyclotomic fields.  (2) Special Shimura varieties for Jacobians and Pryms: For curves of genus g &lt; 3, the image of the Torelli morphism is open and dense in the moduli space of abelian varieties of dimension g. The PI proposes to study families of curves with extra automorphisms for which the image of the Torelli morphism is open and dense in an associated Shimura variety; these families are called special. The PI proposes to find and analyze more special families of curves and Prym varieties. The PI also proposes a method to deduce results about non-special families, working inductively starting with the input of special families. (3) Variation of p-torsion invariants for Galois covers: An elliptic curve defined over a finite field can be ordinary or supersingular, as studied by Hasse, Deuring, and Igusa. For g &gt; 1, there are invariants that generalize the supersingular property for a curve of genus g or an abelian variety of dimension g. For example, the Newton polygon characterizes information about the Frobenius operator on the cohomology. Measuring these invariants is important because they determine arithmetic and geometric information about the curve. It is a tantalizing open question to determine which of these invariants occur for curves. The PI proposes numerous projects about the Newton polygon and p-torsion group scheme of Jacobians of curves.&lt;br/&gt;&lt;br/&gt;This award reflects NSF's statutory mission and has been deemed worthy of support through evaluation using the Foundation's intellectual merit and broader impacts review criteria.</AbstractNarration>
<MinAmdLetterDate>07/18/2019</MinAmdLetterDate>
<MaxAmdLetterDate>07/18/2019</MaxAmdLetterDate>
<ARRAAmount/>
<AwardID>1901819</AwardID>
<Investigator>
<FirstName>Rachel</FirstName>
<LastName>Pries</LastName>
<EmailAddress>pries@math.colostate.edu</EmailAddress>
<StartDate>07/18/2019</StartDate>
<EndDate/>
<RoleCode>Principal Investigator</RoleCode>
</Investigator>
<Institution>
<Name>Colorado State University</Name>
<CityName>Fort Collins</CityName>
<ZipCode>805232002</ZipCode>
<PhoneNumber>9704916355</PhoneNumber>
<StreetAddress>601 S Howes St</StreetAddress>
<CountryName>United States</CountryName>
<StateName>Colorado</StateName>
<StateCode>CO</StateCode>
</Institution>
<ProgramElement>
<Code>1264</Code>
<Text>ALGEBRA,NUMBER THEORY,AND COM</Text>
</ProgramElement>
<ProgramReference>
<Code>9251</Code>
<Text>REU SUPP-Res Exp for Ugrd Supp</Text>
</ProgramReference>
</Award>
</rootTag>
