<?xml version="1.0" encoding="UTF-8"?>
<rootTag>
<Award>
<AwardTitle>Unidata: Next-generation Data Services and Workflows to Advance Geoscience Research and Education</AwardTitle>
<AwardEffectiveDate>05/01/2019</AwardEffectiveDate>
<AwardExpirationDate>04/30/2024</AwardExpirationDate>
<AwardTotalIntnAmount>21500000.00</AwardTotalIntnAmount>
<AwardAmount>4300000</AwardAmount>
<AwardInstrument>
<Value>Continuing grant</Value>
</AwardInstrument>
<Organization>
<Code>06020300</Code>
<Directorate>
<Abbreviation>GEO</Abbreviation>
<LongName>Directorate For Geosciences</LongName>
</Directorate>
<Division>
<Abbreviation>AGS</Abbreviation>
<LongName>Div Atmospheric &amp; Geospace Sciences</LongName>
</Division>
</Organization>
<ProgramOfficer>
<SignBlockName>Bernard Grant</SignBlockName>
</ProgramOfficer>
<AbstractNarration>Unidata is a community data facility for the atmospheric and related sciences, established in 1984 by U.S. universities with sponsorship from the National Science Foundation.  Unidata's goal is to help transform the conduct of research and education in the atmospheric and related sciences by providing well integrated data services and tools that address the entire scientific data lifecycle, from locating and retrieving useful data, through the process of analyzing and visualizing data either locally or remotely, to curating and sharing the results.  Unidata serves more than five thousand of educational, government, and research institutions that rely on Unidata technologies worldwide.&lt;br/&gt;&lt;br/&gt;This award reflects NSF's statutory mission and has been deemed worthy of support through evaluation using the Foundation's intellectual merit and broader impacts review criteria.</AbstractNarration>
<MinAmdLetterDate>04/29/2019</MinAmdLetterDate>
<MaxAmdLetterDate>06/14/2019</MaxAmdLetterDate>
<ARRAAmount/>
<AwardID>1901712</AwardID>
<Investigator>
<FirstName>Mohan</FirstName>
<LastName>Ramamurthy</LastName>
<EmailAddress>mohan@ucar.edu</EmailAddress>
<StartDate>04/29/2019</StartDate>
<EndDate/>
<RoleCode>Principal Investigator</RoleCode>
</Investigator>
<Institution>
<Name>University Corporation For Atmospheric Res</Name>
<CityName>Boulder</CityName>
<ZipCode>803012252</ZipCode>
<PhoneNumber>3034971000</PhoneNumber>
<StreetAddress>3090 Center Green Drive</StreetAddress>
<CountryName>United States</CountryName>
<StateName>Colorado</StateName>
<StateCode>CO</StateCode>
</Institution>
<ProgramElement>
<Code>1520</Code>
<Text>COMPUTING FACILITIES</Text>
</ProgramElement>
</Award>
</rootTag>
