<?xml version="1.0" encoding="UTF-8"?>
<rootTag>
<Award>
<AwardTitle>SHF: Small: Measurable Program Analysis</AwardTitle>
<AwardEffectiveDate>08/11/2018</AwardEffectiveDate>
<AwardExpirationDate>06/30/2020</AwardExpirationDate>
<AwardTotalIntnAmount>219660.00</AwardTotalIntnAmount>
<AwardAmount>227579</AwardAmount>
<AwardInstrument>
<Value>Standard Grant</Value>
</AwardInstrument>
<Organization>
<Code>05010000</Code>
<Directorate>
<Abbreviation>CSE</Abbreviation>
<LongName>Direct For Computer &amp; Info Scie &amp; Enginr</LongName>
</Directorate>
<Division>
<Abbreviation>CCF</Abbreviation>
<LongName>Division of Computing and Communication Foundations</LongName>
</Division>
</Organization>
<ProgramOfficer>
<SignBlockName>Nina Amla</SignBlockName>
</ProgramOfficer>
<AbstractNarration>Software is everywhere and its correct operation plays an increasingly important role in the health, productivity, and safety of society and in the lives of individuals.  Consequently, there is a need for techniques that can cost-effectively measure software correctness to establish a well-founded basis for making judgments about whether software is ready for deployment and wide spread use.  The availability of such measures provides an evidentiary basis  for balancing the rewards of using a software system against the risks of its failure.  This type of evidence has the potential to transform the expectations of consumers of software and to enhance their understanding of software behavior and how to place their trust in that behavior.  Evidence of correctness has obvious value for safety critical software, but more broadly it will help shape how society views software as critical infrastructure and the professionalism that it expects of its manufacture.&lt;br/&gt;&lt;br/&gt;This project blends the outcomes of decades of work on abstraction-based program analysis and symbolic execution with recent results in quantifying the solution space of a logical formula.  The project explores novel combinations and staging of scalable non-quantitative analyses, to identify sub-spaces of program behavior that may be erroneous, followed by quantitative analyses focused on those sub-spaces.  This offers an approach to measurable program analysis (MPA) that promises scalability while yielding safe and accurate results.  The project produces theory and tools that realize a variety of MPA, empirically evaluates the cost and benefit of these analyses, and openly shares all results and artifacts with the research community.</AbstractNarration>
<MinAmdLetterDate>11/01/2018</MinAmdLetterDate>
<MaxAmdLetterDate>11/01/2018</MaxAmdLetterDate>
<ARRAAmount/>
<AwardID>1901769</AwardID>
<Investigator>
<FirstName>Matthew</FirstName>
<LastName>Dwyer</LastName>
<EmailAddress>md3cn@virginia.edu</EmailAddress>
<StartDate>11/01/2018</StartDate>
<EndDate/>
<RoleCode>Principal Investigator</RoleCode>
</Investigator>
<Institution>
<Name>University of Virginia Main Campus</Name>
<CityName>CHARLOTTESVILLE</CityName>
<ZipCode>229044195</ZipCode>
<PhoneNumber>4349244270</PhoneNumber>
<StreetAddress>P.O.  BOX 400195</StreetAddress>
<CountryName>United States</CountryName>
<StateName>Virginia</StateName>
<StateCode>VA</StateCode>
</Institution>
<ProgramElement>
<Code>7798</Code>
<Text>Software &amp; Hardware Foundation</Text>
</ProgramElement>
<ProgramReference>
<Code>7923</Code>
<Text>SMALL PROJECT</Text>
</ProgramReference>
<ProgramReference>
<Code>8206</Code>
<Text>Formal Methods and Verification</Text>
</ProgramReference>
<ProgramReference>
<Code>9150</Code>
<Text>EXP PROG TO STIM COMP RES</Text>
</ProgramReference>
<ProgramReference>
<Code>9251</Code>
<Text>REU SUPP-Res Exp for Ugrd Supp</Text>
</ProgramReference>
</Award>
</rootTag>
