<?xml version="1.0" encoding="UTF-8"?>
<rootTag>
<Award>
<AwardTitle>RAPID/Collaborative Research: Defining a Performance Measurement Framework for Spontaneous Volunteer Management Systems in Post-Disaster Relief</AwardTitle>
<AwardEffectiveDate>11/01/2018</AwardEffectiveDate>
<AwardExpirationDate>10/31/2020</AwardExpirationDate>
<AwardTotalIntnAmount>20792.00</AwardTotalIntnAmount>
<AwardAmount>20792</AwardAmount>
<AwardInstrument>
<Value>Standard Grant</Value>
</AwardInstrument>
<Organization>
<Code>07030000</Code>
<Directorate>
<Abbreviation>ENG</Abbreviation>
<LongName>Directorate For Engineering</LongName>
</Directorate>
<Division>
<Abbreviation>CMMI</Abbreviation>
<LongName>Div Of Civil, Mechanical, &amp; Manufact Inn</LongName>
</Division>
</Organization>
<ProgramOfficer>
<SignBlockName>Walter Peacock</SignBlockName>
</ProgramOfficer>
<AbstractNarration>Disasters such as Hurricane Florence attract lay citizens who quickly mobilize in search of opportunities to contribute to the relief efforts. Individuals who are not affiliated with relief agencies prior to the disaster have been label 'spontaneous volunteers'. Spontaneous volunteers represent a tremendous asset and make valuable contributions towards relief efforts; however, they may also represent a potential source of substantial risk and uncertainty. These volunteers interact with beneficiaries, trained and affiliated volunteers, emergency management officials, and nonprofit organizations.  While managing spontaneous volunteers is challenging, it is worth finding ways to effectively integrate them into the formal emergency management infrastructure.  To do this we must understand what it means to be successful in the response effort. This Rapid Response Research (RAPID) project develops appropriate performance indicators that can be used to evaluate the effectiveness of volunteer management systems currently in practice. The results will improve practical management principles aimed at successfully incorporating spontaneous volunteers into organized relief efforts. This project provides an opportunity for experiential learning for students in emergency management, operations management, and industrial engineering. This scientific research contribution thus supports NSF's mission to promote the progress of science and to advance our national welfare. In this case, the benefits will be insights to improve volunteer management post-disasters which can save lives and reduce economic losses. &lt;br/&gt;&lt;br/&gt;This RAPID project collects data from volunteers in two cities in North Carolina during the response and recovery phases associated with Hurricane Florence. The collected data will support: (1) the development of key performance indicators associated with volunteer management systems, (2) insights into how well organizations perform based on these metrics during the ongoing relief efforts, and (3) an analysis of the decision making process of volunteer managers and their impact on performance. The team will collect both primary and secondary data. Primary data include semi-structured interviews and observations. Semi-structured interviews will be carried out with spontaneous volunteers, volunteer managers or coordinators of both local agencies and large relief organizations, and beneficiaries. Secondary data refers to data collected by relief organizations in the aftermath of a disaster such as volunteer logs (arrival and departure times), times between customer arrivals (requests for help); and geographic, temporal, and modal variation in volunteer arrivals; documents and newspaper articles.&lt;br/&gt;&lt;br/&gt;This award reflects NSF's statutory mission and has been deemed worthy of support through evaluation using the Foundation's intellectual merit and broader impacts review criteria.</AbstractNarration>
<MinAmdLetterDate>10/29/2018</MinAmdLetterDate>
<MaxAmdLetterDate>10/29/2018</MaxAmdLetterDate>
<ARRAAmount/>
<AwardID>1901700</AwardID>
<Investigator>
<FirstName>Lucia</FirstName>
<LastName>Velotti</LastName>
<EmailAddress>lvelotti@jjay.cuny.edu</EmailAddress>
<StartDate>10/29/2018</StartDate>
<EndDate/>
<RoleCode>Principal Investigator</RoleCode>
</Investigator>
<Institution>
<Name>CUNY John Jay College of Criminal Justice</Name>
<CityName>New York</CityName>
<ZipCode>100191069</ZipCode>
<PhoneNumber>2122378447</PhoneNumber>
<StreetAddress>524 West 59th Street</StreetAddress>
<CountryName>United States</CountryName>
<StateName>New York</StateName>
<StateCode>NY</StateCode>
</Institution>
<ProgramElement>
<Code>1638</Code>
<Text>HDBE-Humans, Disasters, and th</Text>
</ProgramElement>
<ProgramReference>
<Code>041E</Code>
<Text>HAZARD AND DISASTER REDUCTION</Text>
</ProgramReference>
<ProgramReference>
<Code>042E</Code>
<Text>HAZARD AND DISASTER RESPONSE</Text>
</ProgramReference>
<ProgramReference>
<Code>080Z</Code>
<Text>Research related to Hurricane Florence</Text>
</ProgramReference>
<ProgramReference>
<Code>7914</Code>
<Text>RAPID</Text>
</ProgramReference>
<ProgramReference>
<Code>9102</Code>
<Text>WOMEN, MINORITY, DISABLED, NEC</Text>
</ProgramReference>
<ProgramReference>
<Code>9178</Code>
<Text>UNDERGRADUATE EDUCATION</Text>
</ProgramReference>
</Award>
</rootTag>
