<?xml version="1.0" encoding="UTF-8"?>
<rootTag>
<Award>
<AwardTitle>Research Initiation Award: Computational Inference of Mechanisms Underlying Double Minute Chromosome Formation</AwardTitle>
<AwardEffectiveDate>04/15/2019</AwardEffectiveDate>
<AwardExpirationDate>03/31/2022</AwardExpirationDate>
<AwardTotalIntnAmount>286925.00</AwardTotalIntnAmount>
<AwardAmount>286925</AwardAmount>
<AwardInstrument>
<Value>Standard Grant</Value>
</AwardInstrument>
<Organization>
<Code>11060000</Code>
<Directorate>
<Abbreviation>EHR</Abbreviation>
<LongName>Direct For Education and Human Resources</LongName>
</Directorate>
<Division>
<Abbreviation>HRD</Abbreviation>
<LongName>Division Of Human Resource Development</LongName>
</Division>
</Organization>
<ProgramOfficer>
<SignBlockName>Claudia Rankins</SignBlockName>
</ProgramOfficer>
<AbstractNarration>Research Initiation Awards provide support for junior and mid-career faculty at Historically Black Colleges and Universities who are building new research programs or redirecting and rebuilding existing research programs. It is expected that the award helps to further the faculty member's research capability and effectiveness, improves research and teaching at the home institution, and involves undergraduate students in research experiences. The award to Xavier University of Louisiana has potential broader impacts in a number of areas. The goal of this project is to advance scientific understanding of double minute chromosomes via the development of novel algorithms.  This work integrates education and research in an exemplary manner and thus promises to contribute to the newly established Bioinformatics track at the university.&lt;br/&gt;&lt;br/&gt;The goal of the project is to develop, implement, and evaluate algorithms to 1) accurately discover double minute chromosomes by integrating standard next-generation sequencing data (sNGS) and chromosome conformation capture (Hi-C) data, and 2) to predict the most likely cytogenetic mechanism behind the formation of double minutes. Double minute chromosomes (DM) are circular acentric fragments of extrachromosomal DNA that engender the malignancy of cancer by elevating the expression of the oncogenes and drug resistance genes of tumor cells. The goal will be achieved by developing a graph-based algorithm to integrate sNGS and Hi-C data to unambiguously determine the structure of DMs and algorithmically determining the mechanism that underlies the formation of each double minute. While previous studies to infer DM mechanisms have largely been performed at the bench, this project proposes the development of software that will infer these mechanisms automatically. This will provide essential information for aiding the development of effective cancer therapies.&lt;br/&gt;&lt;br/&gt;This award reflects NSF's statutory mission and has been deemed worthy of support through evaluation using the Foundation's intellectual merit and broader impacts review criteria.</AbstractNarration>
<MinAmdLetterDate>04/11/2019</MinAmdLetterDate>
<MaxAmdLetterDate>04/11/2019</MaxAmdLetterDate>
<ARRAAmount/>
<AwardID>1901258</AwardID>
<Investigator>
<FirstName>Matthew</FirstName>
<LastName>Hayes</LastName>
<EmailAddress>mhayes5@xula.edu</EmailAddress>
<StartDate>04/11/2019</StartDate>
<EndDate/>
<RoleCode>Principal Investigator</RoleCode>
</Investigator>
<Institution>
<Name>Xavier University of Louisiana</Name>
<CityName>new orleans</CityName>
<ZipCode>701251098</ZipCode>
<PhoneNumber>5045205440</PhoneNumber>
<StreetAddress>#1 Drexel Drive</StreetAddress>
<CountryName>United States</CountryName>
<StateName>Louisiana</StateName>
<StateCode>LA</StateCode>
</Institution>
<ProgramElement>
<Code>1594</Code>
<Text>HIST BLACK COLLEGES AND UNIV</Text>
</ProgramElement>
<ProgramReference>
<Code>9178</Code>
<Text>UNDERGRADUATE EDUCATION</Text>
</ProgramReference>
</Award>
</rootTag>
