<?xml version="1.0" encoding="UTF-8"?>
<rootTag>
<Award>
<AwardTitle>EAGER: Bio-inspired Assurance and Regression Testing to Secure Organic Programs</AwardTitle>
<AwardEffectiveDate>08/11/2018</AwardEffectiveDate>
<AwardExpirationDate>08/31/2020</AwardExpirationDate>
<AwardTotalIntnAmount>161899.00</AwardTotalIntnAmount>
<AwardAmount>177899</AwardAmount>
<AwardInstrument>
<Value>Standard Grant</Value>
</AwardInstrument>
<Organization>
<Code>05010000</Code>
<Directorate>
<Abbreviation>CSE</Abbreviation>
<LongName>Direct For Computer &amp; Info Scie &amp; Enginr</LongName>
</Directorate>
<Division>
<Abbreviation>CCF</Abbreviation>
<LongName>Division of Computing and Communication Foundations</LongName>
</Division>
</Organization>
<ProgramOfficer>
<SignBlockName>Sol Greenspan</SignBlockName>
</ProgramOfficer>
<AbstractNarration>Software Engineering needs to address an increasingly significant class of programs that are self-adaptive and self-healing. These programs sense changes to their environment and react by modifying configurations, libraries or program code. Furthermore, automated approaches for program repair and program transplantation change a program?s source code directly to fix, optimize or add new functionality. Together, self-modification provides continual availability in the presence of change and can harden a system against intruders. While this organic nature of self-modification is a powerful paradigm, the overall dependability and security of such programs is at risk. Prior test results or assurance cases developed to reason about their functionality, safety and security are invalid as soon as any adaptation occurs. Yet the time needed to run a full regression testing cycle, or to develop new evidence and arguments for an assurance case can take hours, days or weeks.&lt;br/&gt;&lt;br/&gt;This proposal explores the feasibility of reasoning dynamically and efficiently about the changes made to organic programs and their associated test suites and assurance cases during adaptation. Given that these programs mimic living systems, and many adaptations are already implemented with evolutionary algorithms, the proposed work draws inspiration from nature and uses bio-inspired techniques to achieve its goals. Both traditional functional faults as well as security vulnerabilities are targeted in this proposal, given the criticality of vulnerabilities in an online, unmonitored system. More specifically the proposal will first explore techniques to identify the evolution timeline for assurance, finding intervals at which re-validation must occur. Second, it will model interactions and test coverage in organic programs. Finally, it will use biologically inspired algorithms to select, order and generate tests for regression testing.&lt;br/&gt;&lt;br/&gt;The results of the research performed in this proposal will form the foundations for being able to validate the correctness and safety of organic programs over time.  The broader impacts include co-mentoring undergraduate, inter-disciplinary teams to compete in the International Genetically Engineered Machine (iGEM) competition, and to build assurance cases for reasoning about the safety of their projects.</AbstractNarration>
<MinAmdLetterDate>12/11/2018</MinAmdLetterDate>
<MaxAmdLetterDate>12/11/2018</MaxAmdLetterDate>
<ARRAAmount/>
<AwardID>1901543</AwardID>
<Investigator>
<FirstName>Myra</FirstName>
<LastName>Cohen</LastName>
<EmailAddress>mcohen@iastate.edu</EmailAddress>
<StartDate>12/11/2018</StartDate>
<EndDate/>
<RoleCode>Principal Investigator</RoleCode>
</Investigator>
<Institution>
<Name>Iowa State University</Name>
<CityName>AMES</CityName>
<ZipCode>500112207</ZipCode>
<PhoneNumber>5152945225</PhoneNumber>
<StreetAddress>1138 Pearson</StreetAddress>
<CountryName>United States</CountryName>
<StateName>Iowa</StateName>
<StateCode>IA</StateCode>
</Institution>
<ProgramElement>
<Code>7798</Code>
<Text>Software &amp; Hardware Foundation</Text>
</ProgramElement>
<ProgramReference>
<Code>7916</Code>
<Text>EAGER</Text>
</ProgramReference>
<ProgramReference>
<Code>7944</Code>
<Text>SOFTWARE ENG &amp; FORMAL METHODS</Text>
</ProgramReference>
<ProgramReference>
<Code>9102</Code>
<Text>WOMEN, MINORITY, DISABLED, NEC</Text>
</ProgramReference>
<ProgramReference>
<Code>9150</Code>
<Text>EXP PROG TO STIM COMP RES</Text>
</ProgramReference>
<ProgramReference>
<Code>9251</Code>
<Text>REU SUPP-Res Exp for Ugrd Supp</Text>
</ProgramReference>
</Award>
</rootTag>
