<?xml version="1.0" encoding="UTF-8"?>
<rootTag>
<Award>
<AwardTitle>SHF: Medium: Collaborative Research: HUGS: Human-Guided Software Testing and Analysis for Scalable Bug Detection and Repair</AwardTitle>
<AwardEffectiveDate>08/01/2019</AwardEffectiveDate>
<AwardExpirationDate>07/31/2023</AwardExpirationDate>
<AwardTotalIntnAmount>399999.00</AwardTotalIntnAmount>
<AwardAmount>194977</AwardAmount>
<AwardInstrument>
<Value>Continuing grant</Value>
</AwardInstrument>
<Organization>
<Code>05010000</Code>
<Directorate>
<Abbreviation>CSE</Abbreviation>
<LongName>Direct For Computer &amp; Info Scie &amp; Enginr</LongName>
</Directorate>
<Division>
<Abbreviation>CCF</Abbreviation>
<LongName>Division of Computing and Communication Foundations</LongName>
</Division>
</Organization>
<ProgramOfficer>
<SignBlockName>Sol Greenspan</SignBlockName>
</ProgramOfficer>
<AbstractNarration>As all aspects of human society increasingly rely on software systems, there is an urgent need for scalable techniques and tools that can detect and eliminate software bugs effectively. In the last decade, hybrid approaches that combine software analysis techniques of different strengths have resulted in powerful tools for automated software testing and repair. However, despite the significant progress that has been made so far, fully automated techniques often fail to scale in practice. The key strength of automated techniques is their ability to quickly analyze many program behaviors by performing repetitive, computational tasks at a rate far beyond the human attention span and computation speed.  However, they do not know how to intelligently navigate complex state spaces, which often requires contextual and common-sense reasoning that humans excel at. The goal of this project is to combine the strengths of human ingenuity and automated tools in order to achieve bug and vulnerability detection and repair at scale, while keeping the human intervention at a minimum. All the techniques developed within the context of this project will be transitionable to scalable software testing products by industry and government, leading to better software dependability in all application domains, including critical national infrastructures. The project will also seek to broaden participation in computing by training students from under-represented groups.&lt;br/&gt;&lt;br/&gt;The project will develop human-guided hybrid techniques that combine fuzz testing, symbolic execution, and search strategies that will aim to optimize the search towards efficient and scalable bug detection; annotations for controlling the search and for pruning the search space; input generation techniques and human-guided value generation; and automated and semi-automated synthesis of repairs. All these techniques will be integrated into open-source tools targeting multiple programming languages. To minimize the human effort, the framework will incorporate self-monitoring mechanisms to detect when the automatic analysis fails, which will provide detailed feedback to the developers to remedy the problem. This will result in an interactive testing and analysis process that leverages human input in a principled way to best guide the automated techniques, resulting in scalable bug detection and software repair.&lt;br/&gt;&lt;br/&gt;This award reflects NSF's statutory mission and has been deemed worthy of support through evaluation using the Foundation's intellectual merit and broader impacts review criteria.</AbstractNarration>
<MinAmdLetterDate>07/19/2019</MinAmdLetterDate>
<MaxAmdLetterDate>09/09/2019</MaxAmdLetterDate>
<ARRAAmount/>
<AwardID>1901136</AwardID>
<Investigator>
<FirstName>Corina</FirstName>
<LastName>Pasareanu</LastName>
<EmailAddress>corina.pasareanu@sv.cmu.edu</EmailAddress>
<StartDate>07/19/2019</StartDate>
<EndDate/>
<RoleCode>Principal Investigator</RoleCode>
</Investigator>
<Institution>
<Name>Carnegie-Mellon University</Name>
<CityName>PITTSBURGH</CityName>
<ZipCode>152133815</ZipCode>
<PhoneNumber>4122688746</PhoneNumber>
<StreetAddress>5000 Forbes Avenue</StreetAddress>
<CountryName>United States</CountryName>
<StateName>Pennsylvania</StateName>
<StateCode>PA</StateCode>
</Institution>
<ProgramElement>
<Code>2878</Code>
<Text>Special Projects - CCF</Text>
</ProgramElement>
<ProgramElement>
<Code>7798</Code>
<Text>Software &amp; Hardware Foundation</Text>
</ProgramElement>
<ProgramReference>
<Code>7924</Code>
<Text>MEDIUM PROJECT</Text>
</ProgramReference>
<ProgramReference>
<Code>7944</Code>
<Text>SOFTWARE ENG &amp; FORMAL METHODS</Text>
</ProgramReference>
<ProgramReference>
<Code>9102</Code>
<Text>WOMEN, MINORITY, DISABLED, NEC</Text>
</ProgramReference>
</Award>
</rootTag>
