<?xml version="1.0" encoding="UTF-8"?>
<rootTag>
<Award>
<AwardTitle>CNS Core: Medium: RF-Based Analytics with Intelligent Backscattering in Passive Tag-to-Tag Networks</AwardTitle>
<AwardEffectiveDate>10/01/2019</AwardEffectiveDate>
<AwardExpirationDate>09/30/2023</AwardExpirationDate>
<AwardTotalIntnAmount>949727.00</AwardTotalIntnAmount>
<AwardAmount>949727</AwardAmount>
<AwardInstrument>
<Value>Standard Grant</Value>
</AwardInstrument>
<Organization>
<Code>05050000</Code>
<Directorate>
<Abbreviation>CSE</Abbreviation>
<LongName>Direct For Computer &amp; Info Scie &amp; Enginr</LongName>
</Directorate>
<Division>
<Abbreviation>CNS</Abbreviation>
<LongName>Division Of Computer and Network Systems</LongName>
</Division>
</Organization>
<ProgramOfficer>
<SignBlockName>Monisha Ghosh</SignBlockName>
</ProgramOfficer>
<AbstractNarration>Radio Frequency Identification (RFID) tags have been used to identify tagged objects when they are interrogated by expensive devices known as RFID readers. An RFID reader sends an RF signal toward a tag, and by reflecting that signal the tag transmits information. In this project, the starting assumption is that RFID tags are enhanced and read the reflected RF signal from another transmitting tag. The signal reflected by the transmitting tag is either an ambient RF signal or signal generated by a dedicated inexpensive RF source. This eliminates the expensive RFID readers from the networks. Intelligence and collaboration are added to a network of such tags based on a novel method for estimation of tag-to-tag communication channels. This enables the network to localize and recognize dynamic events that take place in the proximity of the tags. The new capabilities of the tags to gather unique environmental data will unlock a large number of applications in the Internet-of-Things domain which in turn will bring benefits to society in various forms including improved safety, comfort, efficiency and better decision making. The team of researchers will contribute to enhancing the offerings of after-school activities for female high school students via Stony Brook's Women in Engineering and Science Honors Program. Further, the team will be engaged with the daily activities of high-school students through the engineering teaching laboratories in the Electrical and Computer Engineering department. &lt;br/&gt; &lt;br/&gt;The goal and scope of the proposed work include the development of autonomous networks of battery-less, RF-powered tags, which besides performing basic operations such as localization and tracking, carry out RF sensing and fingerprinting. This is accomplished by novel techniques for channel measurement based only on passive backscattering and by processing these measurements to recognize surrounding activities. The research on this project brings the following contributions: 1) novel battery-less RF tag architectures that operate with a few microwatts of available power and that are capable of passive channel estimation and necessary communication and processing abilities; 2) effective distributed algorithms for tag selection for channel measurements, information fusion and learning techniques to obtain the best possible estimates given various constraints; 3) novel collaborative backscattering techniques that exploit channel estimation; 4) building discrete and integrated circuit versions of the RF tags which will be used for creating a tag network in the lab and in more realistic smart home environments for evaluating the proposed techniques.&lt;br/&gt;&lt;br/&gt;This award reflects NSF's statutory mission and has been deemed worthy of support through evaluation using the Foundation's intellectual merit and broader impacts review criteria.</AbstractNarration>
<MinAmdLetterDate>09/03/2019</MinAmdLetterDate>
<MaxAmdLetterDate>09/03/2019</MaxAmdLetterDate>
<ARRAAmount/>
<AwardID>1901182</AwardID>
<Investigator>
<FirstName>Petar</FirstName>
<LastName>Djuric</LastName>
<EmailAddress>petar.djuric@stonybrook.edu</EmailAddress>
<StartDate>09/03/2019</StartDate>
<EndDate/>
<RoleCode>Co-Principal Investigator</RoleCode>
</Investigator>
<Investigator>
<FirstName>Samir</FirstName>
<LastName>Das</LastName>
<EmailAddress>samir@cs.stonybrook.edu</EmailAddress>
<StartDate>09/03/2019</StartDate>
<EndDate/>
<RoleCode>Co-Principal Investigator</RoleCode>
</Investigator>
<Investigator>
<FirstName>Milutin</FirstName>
<LastName>Stanacevic</LastName>
<EmailAddress>milutin.stanacevic@stonybrook.edu</EmailAddress>
<StartDate>09/03/2019</StartDate>
<EndDate/>
<RoleCode>Principal Investigator</RoleCode>
</Investigator>
<Investigator>
<FirstName>Akshay</FirstName>
<LastName>Athalye</LastName>
<EmailAddress>akshay.athalye@stonybrook.edu</EmailAddress>
<StartDate>09/03/2019</StartDate>
<EndDate/>
<RoleCode>Co-Principal Investigator</RoleCode>
</Investigator>
<Institution>
<Name>SUNY at Stony Brook</Name>
<CityName>Stony Brook</CityName>
<ZipCode>117940001</ZipCode>
<PhoneNumber>6316329949</PhoneNumber>
<StreetAddress>WEST 5510 FRK MEL LIB</StreetAddress>
<CountryName>United States</CountryName>
<StateName>New York</StateName>
<StateCode>NY</StateCode>
</Institution>
<ProgramElement>
<Code>7363</Code>
<Text>Networking Technology and Syst</Text>
</ProgramElement>
<ProgramReference>
<Code>7924</Code>
<Text>MEDIUM PROJECT</Text>
</ProgramReference>
</Award>
</rootTag>
