<?xml version="1.0" encoding="UTF-8"?>
<rootTag>
<Award>
<AwardTitle>Support for Workshop and Mentoring of Junior Researchers at the US National Combustion Meeting</AwardTitle>
<AwardEffectiveDate>01/01/2019</AwardEffectiveDate>
<AwardExpirationDate>12/31/2019</AwardExpirationDate>
<AwardTotalIntnAmount>27838.00</AwardTotalIntnAmount>
<AwardAmount>27838</AwardAmount>
<AwardInstrument>
<Value>Standard Grant</Value>
</AwardInstrument>
<Organization>
<Code>07020000</Code>
<Directorate>
<Abbreviation>ENG</Abbreviation>
<LongName>Directorate For Engineering</LongName>
</Directorate>
<Division>
<Abbreviation>CBET</Abbreviation>
<LongName>Div Of Chem, Bioeng, Env, &amp; Transp Sys</LongName>
</Division>
</Organization>
<ProgramOfficer>
<SignBlockName>Harsha Chelliah</SignBlockName>
</ProgramOfficer>
<AbstractNarration>This award is to support three outreach activities held during the US National Combustion Meeting, March 24-27, 2019. These activities include an Early Career Workshop for Combustion Researchers, a Mentoring Mixer, and a Women in Combustion Luncheon. The goal of these activities is to bring together a community of early-career combustion researchers and form action committees to encourage early-career participation in the combustion research community. In the U.S. nearly 70% of energy conversion is accomplished by combustion. Hence the advancement in combustion science is crucial to the society. The participants will further develop four high-priority items, including education and communities of practice, development of mentorship programs, cross-disciplinary collaboration and open-source sharing, and public outreach.&lt;br/&gt;&lt;br/&gt;Combustion is a key technology for power generation, and this will remain the same for decades to come. However, the combustion research community is facing various technical and non-technical challenges. The participants will identify challenges, educate the early-career researchers about these challenges, and discuss possible solutions. Discussion around technical issues will include brainstorming of novel, possibly cross-disciplinary research areas for future work. On the other hand, various non-technical issues will also be discussed, including mentoring of early-career faculty members and retention of talented researchers of diverse backgrounds. Results of the proposed outreach activities are expected to help build a more productive combustion research community.&lt;br/&gt;&lt;br/&gt;This award reflects NSF's statutory mission and has been deemed worthy of support through evaluation using the Foundation's intellectual merit and broader impacts review criteria.</AbstractNarration>
<MinAmdLetterDate>11/08/2018</MinAmdLetterDate>
<MaxAmdLetterDate>11/08/2018</MaxAmdLetterDate>
<ARRAAmount/>
<AwardID>1901570</AwardID>
<Investigator>
<FirstName>Richard</FirstName>
<LastName>West</LastName>
<EmailAddress>R.West@northeastern.edu</EmailAddress>
<StartDate>11/08/2018</StartDate>
<EndDate/>
<RoleCode>Co-Principal Investigator</RoleCode>
</Investigator>
<Investigator>
<FirstName>Jacqueline</FirstName>
<LastName>O'Connor</LastName>
<EmailAddress>jxo22@psu.edu</EmailAddress>
<StartDate>11/08/2018</StartDate>
<EndDate/>
<RoleCode>Principal Investigator</RoleCode>
</Investigator>
<Investigator>
<FirstName>Kyle</FirstName>
<LastName>Niemeyer</LastName>
<EmailAddress>kyle.niemeyer@oregonstate.edu</EmailAddress>
<StartDate>11/08/2018</StartDate>
<EndDate/>
<RoleCode>Co-Principal Investigator</RoleCode>
</Investigator>
<Investigator>
<FirstName>Nicole</FirstName>
<LastName>Labbe</LastName>
<EmailAddress>nicole.labbe@colorado.edu</EmailAddress>
<StartDate>11/08/2018</StartDate>
<EndDate/>
<RoleCode>Co-Principal Investigator</RoleCode>
</Investigator>
<Institution>
<Name>Pennsylvania State Univ University Park</Name>
<CityName>UNIVERSITY PARK</CityName>
<ZipCode>168027000</ZipCode>
<PhoneNumber>8148651372</PhoneNumber>
<StreetAddress>110 Technology Center Building</StreetAddress>
<CountryName>United States</CountryName>
<StateName>Pennsylvania</StateName>
<StateCode>PA</StateCode>
</Institution>
<ProgramElement>
<Code>1407</Code>
<Text>CFS-Combustion &amp; Fire Systems</Text>
</ProgramElement>
<ProgramReference>
<Code>7556</Code>
<Text>CONFERENCE AND WORKSHOPS</Text>
</ProgramReference>
</Award>
</rootTag>
