<?xml version="1.0" encoding="UTF-8"?>
<rootTag>
<Award>
<AwardTitle>Arithmetic and Algebraic Geometry</AwardTitle>
<AwardEffectiveDate>03/01/2019</AwardEffectiveDate>
<AwardExpirationDate>02/29/2020</AwardExpirationDate>
<AwardTotalIntnAmount>45000.00</AwardTotalIntnAmount>
<AwardAmount>45000</AwardAmount>
<AwardInstrument>
<Value>Standard Grant</Value>
</AwardInstrument>
<Organization>
<Code>03040000</Code>
<Directorate>
<Abbreviation>MPS</Abbreviation>
<LongName>Direct For Mathematical &amp; Physical Scien</LongName>
</Directorate>
<Division>
<Abbreviation>DMS</Abbreviation>
<LongName>Division Of Mathematical Sciences</LongName>
</Division>
</Organization>
<ProgramOfficer>
<SignBlockName>James Matthew Douglass</SignBlockName>
</ProgramOfficer>
<AbstractNarration>This award provides funding for a conference titled "Arithmetic and Algebraic Geometry" to be held at the University of Michigan, Ann Arbor, in the period August 5-9, 2019. It will feature talks by international experts known for their expository skills, encourage new collaborations, and serve as an excellent opportunity where junior participants can learn and meet experts in the field.&lt;br/&gt;&lt;br/&gt;The areas of arithmetic and algebraic geometry have traditionally attracted the interest of many young mathematicians because of the depth and beauty of the ideas they offer. The purpose of this conference is to bring together leaders of various subfields within this very broad subject to explain some of the latest developments. The topics represented at the conference will include complex geometry, algebraic cycles, motives, birational geometry, derived and higher categorical techniques, rational points, and arithmetic and geometry of K3 surfaces. This conference will provide opportunities for fruitful discussions and exchange of ideas across different areas of arithmetic and algebraic geometry. More information can be found at https://sites.google.com/view/aagaa/home.&lt;br/&gt;&lt;br/&gt;This award reflects NSF's statutory mission and has been deemed worthy of support through evaluation using the Foundation's intellectual merit and broader impacts review criteria.</AbstractNarration>
<MinAmdLetterDate>02/15/2019</MinAmdLetterDate>
<MaxAmdLetterDate>02/15/2019</MaxAmdLetterDate>
<ARRAAmount/>
<AwardID>1901286</AwardID>
<Investigator>
<FirstName>Bhargav</FirstName>
<LastName>Bhatt</LastName>
<EmailAddress>bhattb@umich.edu</EmailAddress>
<StartDate>02/15/2019</StartDate>
<EndDate/>
<RoleCode>Principal Investigator</RoleCode>
</Investigator>
<Investigator>
<FirstName>Evangelia</FirstName>
<LastName>Gazaki</LastName>
<EmailAddress>eg4va@virginia.edu</EmailAddress>
<StartDate>02/15/2019</StartDate>
<EndDate/>
<RoleCode>Co-Principal Investigator</RoleCode>
</Investigator>
<Institution>
<Name>University of Michigan Ann Arbor</Name>
<CityName>Ann Arbor</CityName>
<ZipCode>481091274</ZipCode>
<PhoneNumber>7347636438</PhoneNumber>
<StreetAddress>3003 South State St. Room 1062</StreetAddress>
<CountryName>United States</CountryName>
<StateName>Michigan</StateName>
<StateCode>MI</StateCode>
</Institution>
<ProgramElement>
<Code>1264</Code>
<Text>ALGEBRA,NUMBER THEORY,AND COM</Text>
</ProgramElement>
<ProgramReference>
<Code>7556</Code>
<Text>CONFERENCE AND WORKSHOPS</Text>
</ProgramReference>
</Award>
</rootTag>
