<?xml version="1.0" encoding="UTF-8"?>
<rootTag>
<Award>
<AwardTitle>Excellence in Research: Deep Learning based approaches for protein post-translational modification site prediction</AwardTitle>
<AwardEffectiveDate>07/01/2019</AwardEffectiveDate>
<AwardExpirationDate>06/30/2022</AwardExpirationDate>
<AwardTotalIntnAmount>489021.00</AwardTotalIntnAmount>
<AwardAmount>489021</AwardAmount>
<AwardInstrument>
<Value>Standard Grant</Value>
</AwardInstrument>
<Organization>
<Code>08080000</Code>
<Directorate>
<Abbreviation>BIO</Abbreviation>
<LongName>Direct For Biological Sciences</LongName>
</Directorate>
<Division>
<Abbreviation>DBI</Abbreviation>
<LongName>Div Of Biological Infrastructure</LongName>
</Division>
</Organization>
<ProgramOfficer>
<SignBlockName>Jean Gao</SignBlockName>
</ProgramOfficer>
<AbstractNarration>The complexity of eukaryotic cells cannot be explained by genes and proteins alone but, rather, by their complex regulation that involves interactions based on a number of mechanisms. One important aspect of this regulation is performed after translation of mRNA to protein, whereby cellular proteins undergo modification (post-translational modifications, PTMs). In all forms of life studied, these modifications affect both the structure of proteins and their functions, including their participation in regulatory mechanisms. Identifying where these PTM sites occur is essential to correctly elucidating structure-function relationships. While wet-lab methods can test individual protein modification and function, computational methods are a promising high-throughput alternative by which to characterize PTM sites; thus, development of accurate and reliable PTM site prediction methods has become an important area of research. The project fits well with the mission and goals of the institution, as indicated in NCA&amp;T's Preeminence 2020: "to make a strong commitment to education while working towards a much more-intensive research-intensive environment". This Excellence in Research (EiR) award will enable the project researchers to develop and establish an independent, high-quality research program that will impact the research experience and education of minority students at NCA&amp;T.&lt;br/&gt;&lt;br/&gt;This project aims to develop accurate Deep Learning (DL)-based predictors for the sites of three important post-translational protein modification events viz. phosphorylation, methylation sites and SUMOylation. This project aims to develop first an accurate DL approach for phosphorylation site prediction (one of the most widely studied PTMs) to tackle a host of key issues for adopting this method, including such factors as the required amount of training data, required complexity of the architecture among others; once the factors have been defined and trained on the phosphorylation data, the approach will be used to predict two other types of PTMs targeting lysine residues: methylation and SUMOylation. The project will provide insight into three important questions relevant to the use of DL architectures specific to applications in bioinformatics including: i) required number of training examples, ii) complexity of architecture vs. the performance, and iii) performance of hand-crafted features vs. simple features. In addition, the project aims to explore issues related to the use of simple features vs. more complex features that integrate biological observations, and best practices for the creation of negative datasets needed in computational experiments. The project will provide a novel and broadly applicable DL-based approach to predicting PTMs, producing more accurate and complete annotation that other researchers can then use to facilitate related biological studies.  New education and outreach opportunities will be created for enhancing educational offerings and skills development in students, particularly in DL methods and applications; student recruitment will focus on creating opportunities for  women and minority students at North Carolina A&amp;T State University, the nation's largest HBCU. In addition, the project will establish an international research experience program for students, to visit research labs in Japan. This project will also provide support to conduct the "SciPhD Bootcamp" for professional career preparation for students from NCA&amp;T and neighboring HBCUs. The developed resources will be accessible to the community at http://bcb.ncat.edu.&lt;br/&gt;&lt;br/&gt;This award reflects NSF's statutory mission and has been deemed worthy of support through evaluation using the Foundation's intellectual merit and broader impacts review criteria.</AbstractNarration>
<MinAmdLetterDate>06/17/2019</MinAmdLetterDate>
<MaxAmdLetterDate>06/17/2019</MaxAmdLetterDate>
<ARRAAmount/>
<AwardID>1901793</AwardID>
<Investigator>
<FirstName>Dukka</FirstName>
<LastName>KC</LastName>
<EmailAddress>dbkc@ncat.edu</EmailAddress>
<StartDate>06/17/2019</StartDate>
<EndDate/>
<RoleCode>Principal Investigator</RoleCode>
</Investigator>
<Institution>
<Name>North Carolina Agricultural &amp; Technical State University</Name>
<CityName>Greensboro</CityName>
<ZipCode>274110001</ZipCode>
<PhoneNumber>3363347995</PhoneNumber>
<StreetAddress>1601 E. Market Street</StreetAddress>
<CountryName>United States</CountryName>
<StateName>North Carolina</StateName>
<StateCode>NC</StateCode>
</Institution>
<ProgramElement>
<Code>070Y</Code>
<Text>HBCU-EiR - HBCU-Excellence in</Text>
</ProgramElement>
<ProgramReference>
<Code>1165</Code>
<Text>ADVANCES IN BIO INFORMATICS</Text>
</ProgramReference>
<ProgramReference>
<Code>1594</Code>
<Text>HIST BLACK COLLEGES AND UNIV</Text>
</ProgramReference>
</Award>
</rootTag>
