<?xml version="1.0" encoding="UTF-8"?>
<rootTag>
<Award>
<AwardTitle>Research Initiation Award: Stochastic and Deterministic Solutions to Unsteady Nanofluid Mixed Convection Problems</AwardTitle>
<AwardEffectiveDate>05/01/2019</AwardEffectiveDate>
<AwardExpirationDate>04/30/2022</AwardExpirationDate>
<AwardTotalIntnAmount>300000.00</AwardTotalIntnAmount>
<AwardAmount>300000</AwardAmount>
<AwardInstrument>
<Value>Standard Grant</Value>
</AwardInstrument>
<Organization>
<Code>11060000</Code>
<Directorate>
<Abbreviation>EHR</Abbreviation>
<LongName>Direct For Education and Human Resources</LongName>
</Directorate>
<Division>
<Abbreviation>HRD</Abbreviation>
<LongName>Division Of Human Resource Development</LongName>
</Division>
</Organization>
<ProgramOfficer>
<SignBlockName>Claudia Rankins</SignBlockName>
</ProgramOfficer>
<AbstractNarration>Research Initiation Awards provide support for junior and mid-career faculty at Historically Black Colleges and Universities who are building new research programs or redirecting and rebuilding existing research programs. It is expected that the award helps to further the faculty member's research capability and effectiveness, improves research and teaching at the home institution, and involves undergraduate students in research experiences. The award to Albany State University has potential broader impacts in a number of areas. The goal of this project is to develop mathematical modeling and analysis of nanofluid in axisymmetric and three-dimensional flows, and to enhance teaching and learning at the university by involving undergraduate students in mathematical modeling. &lt;br/&gt;&lt;br/&gt;The project will develop mathematical modeling and analysis of nonlinear coupled partial differential equations in axisymmetric and three-dimensional flows that arise in nanofluid flow in unsteady mixed convection. The specific goals of this project are to: (i) obtain deterministic solutions to the unsteady mixed convection nanofluid flow in axisymmetric bodies; (ii) develop stochastic solutions to unsteady mixed convection nanofluid flow over axisymmetric and three-dimensional bodies; and (iii) investigate the stability properties of the mixed convection flow over moving axisymmetric bodies. The success of this project will provide fundamental understanding of unsteady convective heat transfer phenomena in complex nanofluids. The results of such studies could be used to optimize fluid properties and for existing critical applications such as coolant for automobiles, air conditioning, and supercomputers, as well as emerging and novel applications. This project will be conducted in collaboration with the Mathematical Biosciences Institute at Ohio State University.&lt;br/&gt;&lt;br/&gt;This award reflects NSF's statutory mission and has been deemed worthy of support through evaluation using the Foundation's intellectual merit and broader impacts review criteria.</AbstractNarration>
<MinAmdLetterDate>04/05/2019</MinAmdLetterDate>
<MaxAmdLetterDate>04/05/2019</MaxAmdLetterDate>
<ARRAAmount/>
<AwardID>1901316</AwardID>
<Investigator>
<FirstName>Anilkumar</FirstName>
<LastName>Devarapu</LastName>
<EmailAddress>anilkumar.devarapu@asurams.edu</EmailAddress>
<StartDate>04/05/2019</StartDate>
<EndDate/>
<RoleCode>Principal Investigator</RoleCode>
</Investigator>
<Institution>
<Name>Albany State University</Name>
<CityName>Albany</CityName>
<ZipCode>317052796</ZipCode>
<PhoneNumber>2294302799</PhoneNumber>
<StreetAddress>504 College Drive</StreetAddress>
<CountryName>United States</CountryName>
<StateName>Georgia</StateName>
<StateCode>GA</StateCode>
</Institution>
<ProgramElement>
<Code>1594</Code>
<Text>HIST BLACK COLLEGES AND UNIV</Text>
</ProgramElement>
<ProgramReference>
<Code>9178</Code>
<Text>UNDERGRADUATE EDUCATION</Text>
</ProgramReference>
</Award>
</rootTag>
