<?xml version="1.0" encoding="UTF-8"?>
<rootTag>
<Award>
<AwardTitle>SBE-RCUK Lead Agency: The Cognitive Foundations of Human Reciprocity</AwardTitle>
<AwardEffectiveDate>01/15/2019</AwardEffectiveDate>
<AwardExpirationDate>12/31/2021</AwardExpirationDate>
<AwardTotalIntnAmount>323126.00</AwardTotalIntnAmount>
<AwardAmount>323126</AwardAmount>
<AwardInstrument>
<Value>Standard Grant</Value>
</AwardInstrument>
<Organization>
<Code>04040000</Code>
<Directorate>
<Abbreviation>SBE</Abbreviation>
<LongName>Direct For Social, Behav &amp; Economic Scie</LongName>
</Directorate>
<Division>
<Abbreviation>BCS</Abbreviation>
<LongName>Division Of Behavioral and Cognitive Sci</LongName>
</Division>
</Organization>
<ProgramOfficer>
<SignBlockName>Peter Vishton</SignBlockName>
</ProgramOfficer>
<AbstractNarration>Reciprocity is one of the major skills that enable humans to cooperate with others. When individuals take turns cooperating in a reciprocal fashion, they are better off in the long-term than individuals who care only about their own immediate benefit. However, little is known about the psychological skills needed. What features of the human mind enable us to engage in reciprocity? How can we explain when individuals are more or less cooperative? This project is focused on three psychological abilities that are hypothesized to be critical for reciprocity: The ability to plan for the future, to exercise patience, and to tolerate a level of risk. Measuring these abilities will facilitate understanding fundamental aspects of human cooperation and developing strategies needed to foster cooperation in daily social interactions, including the work environment. This project will examine reciprocity as it first emerges in development (by studying children), it will also examine reciprocity within the context of human evolution (by comparing human abilities to those of chimpanzees). To assess why some individuals are more cooperative than others, the project tests individual differences in reciprocal behavior across adults. An important aspect of this research project is to translate the insights about the basic skills for reciprocity into programs that foster cooperation in society-at-large. In business, practitioners have come to realize the need for more cooperative approaches and are in urgent need of guidelines to promote cooperative work in organizations; therefore, the researchers will partner with the Institute for Collaborative Working, an organization that develops executive training for collaborative working in industry.&lt;br/&gt;&lt;br/&gt;The project will use a battery of validated tests to determine the degree to which future planning, patience, and risk tolerance are the foundational skills required for reciprocity-based cooperation. The project will integrate three complementary lines of inquiry. One line will assess the evolutionary basis of the human capacity for reciprocity by studying chimpanzees as one of humans? closest primate relatives. This will test the hypothesis that chimpanzees reciprocate in limited ways because of differences in future planning, patience, and risk tolerance. A second line of inquiry will trace the emergence of reciprocity in children between 3 and 6 years of age. This will enable the researchers to test whether the emergence of reciprocity can be explained by developmental changes in the three component abilities. A third line involves experiments designed to examine individual differences among human adults in their tendency to engage in reciprocal cooperation -- measuring whether variability in reciprocity can be explained by differences in future planning, patience, and risk tolerance. Researchers will meet with key members of the Institute for Collaborative Working and international scholars to discuss the findings and their implications for fostering cooperative interactions in the work place.&lt;br/&gt;&lt;br/&gt;This award reflects NSF's statutory mission and has been deemed worthy of support through evaluation using the Foundation's intellectual merit and broader impacts review criteria.</AbstractNarration>
<MinAmdLetterDate>01/29/2019</MinAmdLetterDate>
<MaxAmdLetterDate>01/29/2019</MaxAmdLetterDate>
<ARRAAmount/>
<AwardID>1901661</AwardID>
<Investigator>
<FirstName>Felix</FirstName>
<LastName>Warneken</LastName>
<EmailAddress>warneken@umich.edu</EmailAddress>
<StartDate>01/29/2019</StartDate>
<EndDate/>
<RoleCode>Principal Investigator</RoleCode>
</Investigator>
<Institution>
<Name>University of Michigan Ann Arbor</Name>
<CityName>Ann Arbor</CityName>
<ZipCode>481091274</ZipCode>
<PhoneNumber>7347636438</PhoneNumber>
<StreetAddress>3003 South State St. Room 1062</StreetAddress>
<CountryName>United States</CountryName>
<StateName>Michigan</StateName>
<StateCode>MI</StateCode>
</Institution>
<ProgramElement>
<Code>1321</Code>
<Text>Decision, Risk &amp; Mgmt Sci</Text>
</ProgramElement>
<ProgramElement>
<Code>1332</Code>
<Text>Social Psychology</Text>
</ProgramElement>
<ProgramElement>
<Code>1392</Code>
<Text>Biological Anthropology</Text>
</ProgramElement>
<ProgramElement>
<Code>1698</Code>
<Text>DS - Developmental Sciences</Text>
</ProgramElement>
<ProgramElement>
<Code>7252</Code>
<Text>Perception, Action &amp; Cognition</Text>
</ProgramElement>
<ProgramReference>
<Code>003Z</Code>
<Text>SBE-RCUK MOU</Text>
</ProgramReference>
<ProgramReference>
<Code>1321</Code>
<Text>DECISION RISK &amp; MANAGEMENT SCI</Text>
</ProgramReference>
<ProgramReference>
<Code>1332</Code>
<Text>SOCIAL PSYCHOLOGY</Text>
</ProgramReference>
<ProgramReference>
<Code>1392</Code>
<Text>Biological Anthropology</Text>
</ProgramReference>
<ProgramReference>
<Code>1698</Code>
<Text>DEVELOP&amp; LEARNING SCIENCES/CRI</Text>
</ProgramReference>
<ProgramReference>
<Code>7252</Code>
<Text>Perception, Action and Cognition</Text>
</ProgramReference>
</Award>
</rootTag>
