<?xml version="1.0" encoding="UTF-8"?>
<rootTag>
<Award>
<AwardTitle>Catalyst Award: Plant and Rhizosphere Processes that Prevent Groundwater Contamination from Metals and Nitrates</AwardTitle>
<AwardEffectiveDate>06/01/2019</AwardEffectiveDate>
<AwardExpirationDate>05/31/2021</AwardExpirationDate>
<AwardTotalIntnAmount>149979.00</AwardTotalIntnAmount>
<AwardAmount>149979</AwardAmount>
<AwardInstrument>
<Value>Standard Grant</Value>
</AwardInstrument>
<Organization>
<Code>11060000</Code>
<Directorate>
<Abbreviation>EHR</Abbreviation>
<LongName>Direct For Education and Human Resources</LongName>
</Directorate>
<Division>
<Abbreviation>HRD</Abbreviation>
<LongName>Division Of Human Resource Development</LongName>
</Division>
</Organization>
<ProgramOfficer>
<SignBlockName>Claudia Rankins</SignBlockName>
</ProgramOfficer>
<AbstractNarration>Catalyst Projects provide support for Historically Black Colleges and Universities to work towards establishing research capacity of faculty to strengthen science, technology, engineering and mathematics undergraduate education and research. It is expected that the award will further the faculty member's research capability, improve research and teaching at the institution, and involve undergraduate students in research experiences. This project at North Carolina A&amp;T University will develop sustainable technological solutions to current and emerging agricultural and urban environmental problems to protect water resources and increase agricultural productivity. The project will actively engage underrepresented students in interdisciplinary research, while building a strong relationship with the local high school community.&lt;br/&gt;&lt;br/&gt;The intermittent application of carbon-rich food processing wastewater to soil for treatment can create saturated and anaerobic conditions or aerobic conditions and lead to mobilization of redox-sensitive soil native metals or nitrate. The goal of the project is to evaluate plant and rhizobial processes important to reduce mobilization of metal and nitrate to groundwater during land application of carbon-rich food processing wastewater. This project will use column studies to evaluate evapotranspiration, rhizostimulation, plant uptake, oxygenation and phytosequestration. It utilizes analysis of soil, water and plant samples, and measurement of soil oxidation-reduction potential, soil moisture and soil microbial communities. The research identifies the role of individual rhizobial and plant-processes towards nitrate and metal mobilization in laboratory scales. The research results are important for development of plant-based engineering solutions to reduce land treatment system problems.&lt;br/&gt;&lt;br/&gt;This award reflects NSF's statutory mission and has been deemed worthy of support through evaluation using the Foundation's intellectual merit and broader impacts review criteria.</AbstractNarration>
<MinAmdLetterDate>05/01/2019</MinAmdLetterDate>
<MaxAmdLetterDate>05/01/2019</MaxAmdLetterDate>
<ARRAAmount/>
<AwardID>1901350</AwardID>
<Investigator>
<FirstName>Niroj</FirstName>
<LastName>Aryal</LastName>
<EmailAddress>naryal@ncat.edu</EmailAddress>
<StartDate>05/01/2019</StartDate>
<EndDate/>
<RoleCode>Principal Investigator</RoleCode>
</Investigator>
<Institution>
<Name>North Carolina Agricultural &amp; Technical State University</Name>
<CityName>Greensboro</CityName>
<ZipCode>274110001</ZipCode>
<PhoneNumber>3363347995</PhoneNumber>
<StreetAddress>1601 E. Market Street</StreetAddress>
<CountryName>United States</CountryName>
<StateName>North Carolina</StateName>
<StateCode>NC</StateCode>
</Institution>
<ProgramElement>
<Code>1594</Code>
<Text>Hist Black Colleges and Univ</Text>
</ProgramElement>
<ProgramReference>
<Code>9178</Code>
<Text>UNDERGRADUATE EDUCATION</Text>
</ProgramReference>
</Award>
</rootTag>
