<?xml version="1.0" encoding="UTF-8"?>
<rootTag>
<Award>
<AwardTitle>Schrodinger Operators with Spectral Transitions</AwardTitle>
<AwardEffectiveDate>08/01/2019</AwardEffectiveDate>
<AwardExpirationDate>07/31/2022</AwardExpirationDate>
<AwardTotalIntnAmount>299999.00</AwardTotalIntnAmount>
<AwardAmount>299999</AwardAmount>
<AwardInstrument>
<Value>Standard Grant</Value>
</AwardInstrument>
<Organization>
<Code>03040000</Code>
<Directorate>
<Abbreviation>MPS</Abbreviation>
<LongName>Direct For Mathematical &amp; Physical Scien</LongName>
</Directorate>
<Division>
<Abbreviation>DMS</Abbreviation>
<LongName>Division Of Mathematical Sciences</LongName>
</Division>
</Organization>
<ProgramOfficer>
<SignBlockName>Marian Bocea</SignBlockName>
</ProgramOfficer>
<AbstractNarration>The project concerns the anomalous spectral and diffusive properties of quasiperiodic and other deterministic and random structures. This is research on the fundamental properties of disordered systems that serve as models of systems with impurities.  Quasiperiodic operators provide central or important models for integer quantum Hall effect, experimental quasicrystals and the quantum chaos theory.  The development of the rigorous theory is expected to contribute to the understanding of all the above phenomena, and in particular, may lead to finding new materials with desired physical properties.  Disordered systems are also used in modeling many other micro and macro effects: from quantum localization to earthquakes. The proposed topics include studying properties of both highly and weakly disordered systems of Quantum Mechanics that demonstrate certain anomalous behavior.  An integral part of the project concerns educating graduate students and other young researchers. &lt;br/&gt;&lt;br/&gt;The project consists of several parts.  One is to prove the extended states for multidimensional quasiperiodic operators. Another is to study the effects of interaction in tight-binding quasi-periodic models. One more is to develop a new, determinantal, approach to multidimensional Anderson localization.   Other important objectives are the study of issues related to certain models of quantum chaos. The project involves the continuing development of non-perturbative methods for the proofs of localization type effects both in Schrodinger operators and in quantum spin systems, percolation and contact processes in disordered environments, as well as for the study of absolutely continuous spectrum.&lt;br/&gt;&lt;br/&gt;This award reflects NSF's statutory mission and has been deemed worthy of support through evaluation using the Foundation's intellectual merit and broader impacts review criteria.</AbstractNarration>
<MinAmdLetterDate>07/24/2019</MinAmdLetterDate>
<MaxAmdLetterDate>07/24/2019</MaxAmdLetterDate>
<ARRAAmount/>
<AwardID>1901462</AwardID>
<Investigator>
<FirstName>Svetlana</FirstName>
<LastName>Jitomirskaya</LastName>
<EmailAddress>szhitomi@math.uci.edu</EmailAddress>
<StartDate>07/24/2019</StartDate>
<EndDate/>
<RoleCode>Principal Investigator</RoleCode>
</Investigator>
<Institution>
<Name>University of California-Irvine</Name>
<CityName>Irvine</CityName>
<ZipCode>926173213</ZipCode>
<PhoneNumber>9498247295</PhoneNumber>
<StreetAddress>141 Innovation Drive, Ste 250</StreetAddress>
<CountryName>United States</CountryName>
<StateName>California</StateName>
<StateCode>CA</StateCode>
</Institution>
<ProgramElement>
<Code>1281</Code>
<Text>ANALYSIS PROGRAM</Text>
</ProgramElement>
<ProgramReference>
<Code>7203</Code>
<Text>QUANTUM INFORMATION SCIENCE</Text>
</ProgramReference>
</Award>
</rootTag>
