<?xml version="1.0" encoding="UTF-8"?>
<rootTag>
<Award>
<AwardTitle>SaTC-EDU: EAGER: Peer Instruction for Cybersecurity Education</AwardTitle>
<AwardEffectiveDate>09/11/2018</AwardEffectiveDate>
<AwardExpirationDate>05/31/2019</AwardExpirationDate>
<AwardTotalIntnAmount>43831.00</AwardTotalIntnAmount>
<AwardAmount>43831</AwardAmount>
<AwardInstrument>
<Value>Standard Grant</Value>
</AwardInstrument>
<Organization>
<Code>11010001</Code>
<Directorate>
<Abbreviation>EHR</Abbreviation>
<LongName>Direct For Education and Human Resources</LongName>
</Directorate>
<Division>
<Abbreviation>DGE</Abbreviation>
<LongName>Division Of Graduate Education</LongName>
</Division>
</Organization>
<ProgramOfficer>
<SignBlockName>Victor Piotrowski</SignBlockName>
</ProgramOfficer>
<AbstractNarration>Engineering a secure IT system, in addition to technical skills, requires a particular mindset focused on using cybersecurity solutions effectively against sophisticated and stealthy cyber attacks. The traditional lecture-centric style of teaching has failed to deliver that mindset, which is the direct result of an over-emphasis on specific technical skills (with limited lifespan and insufficient technical depth), abstract rather than deeply technical examination of fundamental concepts, and an impatience in developing broader analytical skills. The vast majority of cybersecurity failures are the result of poor understanding of the security landscape and an inability to adapt to new threats. &lt;br/&gt;&lt;br/&gt;Peer instruction may be a solution to this challenge. This project evaluates the effectiveness of peer instruction methodology for cybersecurity education, and develops the peer instruction material for three cybersecurity courses offering an introduction to security concepts, a defensive view of cybersecurity, and an offensive view of cybersecurity. The two primary mechanisms are used for measuring impact of peer instruction, which are pre- and post-testing, and isomorphic questions.</AbstractNarration>
<MinAmdLetterDate>10/16/2018</MinAmdLetterDate>
<MaxAmdLetterDate>10/16/2018</MaxAmdLetterDate>
<ARRAAmount/>
<AwardID>1901733</AwardID>
<Investigator>
<FirstName>Irfan</FirstName>
<LastName>Ahmed</LastName>
<EmailAddress>iahmed3@vcu.edu</EmailAddress>
<StartDate>10/16/2018</StartDate>
<EndDate/>
<RoleCode>Principal Investigator</RoleCode>
</Investigator>
<Institution>
<Name>Virginia Commonwealth University</Name>
<CityName>RICHMOND</CityName>
<ZipCode>232980568</ZipCode>
<PhoneNumber>8048286772</PhoneNumber>
<StreetAddress>P.O. Box 980568</StreetAddress>
<CountryName>United States</CountryName>
<StateName>Virginia</StateName>
<StateCode>VA</StateCode>
</Institution>
<ProgramElement>
<Code>8060</Code>
<Text>Secure &amp;Trustworthy Cyberspace</Text>
</ProgramElement>
<ProgramReference>
<Code>7434</Code>
<Text>CNCI</Text>
</ProgramReference>
<ProgramReference>
<Code>7916</Code>
<Text>EAGER</Text>
</ProgramReference>
<ProgramReference>
<Code>8225</Code>
<Text>SaTC Special Projects</Text>
</ProgramReference>
<ProgramReference>
<Code>9150</Code>
<Text>EXP PROG TO STIM COMP RES</Text>
</ProgramReference>
<ProgramReference>
<Code>9179</Code>
<Text>GRADUATE INVOLVEMENT</Text>
</ProgramReference>
<ProgramReference>
<Code>SMET</Code>
<Text>SCIENCE, MATH, ENG &amp; TECH EDUCATION</Text>
</ProgramReference>
</Award>
</rootTag>
