<?xml version="1.0" encoding="UTF-8"?>
<rootTag>
<Award>
<AwardTitle>EAGER: Controlling Photochemistry via Spatially Selective Excitation</AwardTitle>
<AwardEffectiveDate>03/15/2019</AwardEffectiveDate>
<AwardExpirationDate>02/29/2020</AwardExpirationDate>
<AwardTotalIntnAmount>139878.00</AwardTotalIntnAmount>
<AwardAmount>139878</AwardAmount>
<AwardInstrument>
<Value>Standard Grant</Value>
</AwardInstrument>
<Organization>
<Code>03090000</Code>
<Directorate>
<Abbreviation>MPS</Abbreviation>
<LongName>Direct For Mathematical &amp; Physical Scien</LongName>
</Directorate>
<Division>
<Abbreviation>CHE</Abbreviation>
<LongName>Division Of Chemistry</LongName>
</Division>
</Organization>
<ProgramOfficer>
<SignBlockName>Richard Johnson</SignBlockName>
</ProgramOfficer>
<AbstractNarration>In this project funded by the Chemical Structure, Dynamics, and Mechanisms-B (CSDM-B) Program of the Chemistry Division, Professor Evgueni Nesterov of Northern Illinois University investigates a new general principle to control photochemical reactions through the use of liquid crystalline media and plane polarized light. Liquid crystals (LCs) have properties between those of conventional liquids (in that they can flow) and those of solid crystals (in that they are oriented in a very specific way). Liquid crystal displays are widely used - one example is in digital watch faces.  This research seeks to use liquid crystals in capturing light and specifically and uniformly redirecting the light's energy into specific chemical reactions. The project is high risk as such a concept has not yet been demonstrated in practice.  If successful, this research may establish a new paradigm for controlling photochemical reactions so that very specific chemical products are made. This can potentially lead to new environmentally benign chemical processes which rely on light as a source of energy for chemical transformations.  Students participating in this program benefit from multidisciplinary and collaborative training, which allows them to become highly competitive in the technical job market. They also contribute to society through participation in special hands-on activities targeting local K-12 education.&lt;br/&gt;&lt;br/&gt;The ultimate goal of this early-stage exploratory program is to develop and experimentally confirm a novel paradigm for controlling the course and selectivity of photochemical reactions through the uniform molecular alignment of photoreactive compounds in liquid crystalline (LC) media and spatially selective excitation of specific electronic transitions with plane-polarized light. In contrast to the conventional ways of controlling photochemical selectivity by imposing geometrical restrictions on the photoreactive molecule, this approach relies on selective excitation of the particular electronic transitions leading to a desired photochemical transformation. The research seeks to design and synthesize a series of photochemically reactive compounds with enhanced ability to align in nematic LC media, which can display excitation-selective photochemical reactivity.  The research group provides detailed experimental analysis and characterization of their LC-imposed alignment and transition dipole moment orientation using UV/vis polarization spectroscopy. This research program may establish a new paradigm for controlling and enhancing selectivity of photochemical reactions. This can potentially lead to new environmentally benign chemical processes which rely on light as a source of energy for chemical transformations. In addition to these practical benefits, the broader impacts of this work include  benefits to the society from multidisciplinary training of students in STEM disciplines, both through student involvement in advanced research and participation in special outreach activities developed with the goal of improving public awareness and appreciation of modern science and technology, particularly among younger generations.&lt;br/&gt;&lt;br/&gt;This award reflects NSF's statutory mission and has been deemed worthy of support through evaluation using the Foundation's intellectual merit and broader impacts review criteria.</AbstractNarration>
<MinAmdLetterDate>03/11/2019</MinAmdLetterDate>
<MaxAmdLetterDate>03/11/2019</MaxAmdLetterDate>
<ARRAAmount/>
<AwardID>1901671</AwardID>
<Investigator>
<FirstName>Evgueni</FirstName>
<LastName>Nesterov</LastName>
<EmailAddress>een@niu.edu</EmailAddress>
<StartDate>03/11/2019</StartDate>
<EndDate/>
<RoleCode>Principal Investigator</RoleCode>
</Investigator>
<Institution>
<Name>Northern Illinois University</Name>
<CityName>De Kalb</CityName>
<ZipCode>601152828</ZipCode>
<PhoneNumber>8157531581</PhoneNumber>
<StreetAddress>301 Lowden Hall</StreetAddress>
<CountryName>United States</CountryName>
<StateName>Illinois</StateName>
<StateCode>IL</StateCode>
</Institution>
<ProgramElement>
<Code>9102</Code>
<Text>Chem Struct,Dynmcs&amp;Mechansms B</Text>
</ProgramElement>
<ProgramReference>
<Code>7916</Code>
<Text>EAGER</Text>
</ProgramReference>
<ProgramReference>
<Code>8990</Code>
<Text>Optics and Photonics</Text>
</ProgramReference>
</Award>
</rootTag>
