<?xml version="1.0" encoding="UTF-8"?>
<rootTag>
<Award>
<AwardTitle>CPS: Synergy: Real-Time Cyber-Human-Vehicle Systems for Driving Safety Enhancement</AwardTitle>
<AwardEffectiveDate>09/08/2018</AwardEffectiveDate>
<AwardExpirationDate>09/30/2020</AwardExpirationDate>
<AwardTotalIntnAmount>509133.00</AwardTotalIntnAmount>
<AwardAmount>521133</AwardAmount>
<AwardInstrument>
<Value>Standard Grant</Value>
</AwardInstrument>
<Organization>
<Code>05050000</Code>
<Directorate>
<Abbreviation>CSE</Abbreviation>
<LongName>Direct For Computer &amp; Info Scie &amp; Enginr</LongName>
</Directorate>
<Division>
<Abbreviation>CNS</Abbreviation>
<LongName>Division Of Computer and Network Systems</LongName>
</Division>
</Organization>
<ProgramOfficer>
<SignBlockName>Ralph Wachter</SignBlockName>
</ProgramOfficer>
<AbstractNarration>Modern ground vehicles are complex cyber-physical systems (CPS) in which many functions are achieved by collaborative interactions between mechanical systems and electronic control units.  In addition, human drivers also play important roles on the vehicle driving. For such cyber-human-vehicle systems (CHVS), the synergistic collaborations and integrations among human drivers, vehicle active motion control, and onboard real-time computation and communication are critical for enhancing vehicle driving safety.  &lt;br/&gt;&lt;br/&gt;With the recent advances on vehicle onboard computation and communication technologies, this project aims to develop onboard-adaptable and personalizable human driver models, create driver-specific vehicle active motion control systems, design dynamic onboard real-time computation task scheduling methods that can effectively synthesize with the personalized vehicle motion control methods, and integrate the vehicle-to-vehicle communications for driver-specific, inter-vehicle motion control. The research, upon successful completion, can create methodologies for optimally synthesizing onboard computation and communications, individual human driving characteristics, and vehicle dynamics and active motion control to form a novel CHVS that can enhance the driving safety and increase the likelihood of collision-avoidance. The research objectives will be pursued through analytical, computational, and experimental studies. Driving simulator and real vehicle experiments together with high-fidelity simulations will assist the investigations.&lt;br/&gt;&lt;br/&gt;The research results from this project will be disseminated through usual academic publications, CPS meetings, and visits to relevant companies for industrial collaborations. Some of the research findings will be used to enrich several undergraduate and graduate courses in different disciplines. High-school summer camp and undergraduate student research opportunities will be generated through this project to attract students to engage in the research and to pursue higher education in science and engineering.</AbstractNarration>
<MinAmdLetterDate>11/15/2018</MinAmdLetterDate>
<MaxAmdLetterDate>11/15/2018</MaxAmdLetterDate>
<ARRAAmount/>
<AwardID>1901632</AwardID>
<Investigator>
<FirstName>Junmin</FirstName>
<LastName>Wang</LastName>
<EmailAddress>jwang@austin.utexas.edu</EmailAddress>
<StartDate>11/15/2018</StartDate>
<EndDate/>
<RoleCode>Principal Investigator</RoleCode>
</Investigator>
<Institution>
<Name>University of Texas at Austin</Name>
<CityName>Austin</CityName>
<ZipCode>787595316</ZipCode>
<PhoneNumber>5124716424</PhoneNumber>
<StreetAddress>3925 W Braker Lane, Ste 3.340</StreetAddress>
<CountryName>United States</CountryName>
<StateName>Texas</StateName>
<StateCode>TX</StateCode>
</Institution>
<ProgramElement>
<Code>1714</Code>
<Text>Special Projects - CNS</Text>
</ProgramElement>
<ProgramElement>
<Code>7918</Code>
<Text>CPS-Cyber-Physical Systems</Text>
</ProgramElement>
<ProgramReference>
<Code>1714</Code>
<Text>SPECIAL PROJECTS - CISE</Text>
</ProgramReference>
<ProgramReference>
<Code>7918</Code>
<Text>CYBER-PHYSICAL SYSTEMS (CPS)</Text>
</ProgramReference>
<ProgramReference>
<Code>9251</Code>
<Text>REU SUPP-Res Exp for Ugrd Supp</Text>
</ProgramReference>
</Award>
</rootTag>
