<?xml version="1.0" encoding="UTF-8"?>
<rootTag>
<Award>
<AwardTitle>Operator Algebras, Groups, and Applications to Quantum Information</AwardTitle>
<AwardEffectiveDate>03/01/2019</AwardEffectiveDate>
<AwardExpirationDate>02/29/2020</AwardExpirationDate>
<AwardTotalIntnAmount>36000.00</AwardTotalIntnAmount>
<AwardAmount>36000</AwardAmount>
<AwardInstrument>
<Value>Standard Grant</Value>
</AwardInstrument>
<Organization>
<Code>03040000</Code>
<Directorate>
<Abbreviation>MPS</Abbreviation>
<LongName>Direct For Mathematical &amp; Physical Scien</LongName>
</Directorate>
<Division>
<Abbreviation>DMS</Abbreviation>
<LongName>Division Of Mathematical Sciences</LongName>
</Division>
</Organization>
<ProgramOfficer>
<SignBlockName>Pamela Gorkin</SignBlockName>
</ProgramOfficer>
<AbstractNarration>This award provides funding for US participation in the thematic research program Operator Algebras, Groups, and Applications to Quantum Information that will be held from March 11 to June 29, 2019, at the research institute ICMAT in Madrid, Spain. The conference focuses on recent developments in the field of operator algebras (C*-algebras and von Neumann algebras) and its interactions with group theory and the relatively young subject of quantum information. The main activities of the program consist of two schools, two workshops, and an international conference, and the themes to be addressed include classification aspects of C*-algebras and von Neumann algebras, the dichotomy between amenability and paradoxicality in its various guises, and the Connes embedding problem in relation to quantum information.&lt;br/&gt;&lt;br/&gt;A number of distinguished mathematicians have agreed to attend and speak in the schools, workshops, and international conference. This award gives early career researchers, members of underrepresented groups, and researchers not funded by NSF an opportunity to participate in this program. The organizing committee will strive to make this funding opportunity known to target groups through a number of different activities.   &lt;br/&gt;More information is available at: &lt;br/&gt;&lt;br/&gt;https://www.icmat.es/RT/2019/OAGAQI/activities.php&lt;br/&gt;&lt;br/&gt;This award reflects NSF's statutory mission and has been deemed worthy of support through evaluation using the Foundation's intellectual merit and broader impacts review criteria.</AbstractNarration>
<MinAmdLetterDate>12/21/2018</MinAmdLetterDate>
<MaxAmdLetterDate>12/21/2018</MaxAmdLetterDate>
<ARRAAmount/>
<AwardID>1901290</AwardID>
<Investigator>
<FirstName>David</FirstName>
<LastName>Kerr</LastName>
<EmailAddress>kerr@math.tamu.edu</EmailAddress>
<StartDate>12/21/2018</StartDate>
<EndDate/>
<RoleCode>Principal Investigator</RoleCode>
</Investigator>
<Investigator>
<FirstName>Fernando</FirstName>
<LastName>Lledo</LastName>
<EmailAddress>flledo@math.uc3m.es</EmailAddress>
<StartDate>12/21/2018</StartDate>
<EndDate/>
<RoleCode>Co-Principal Investigator</RoleCode>
</Investigator>
<Institution>
<Name>Texas A&amp;M University Main Campus</Name>
<CityName>College Station</CityName>
<ZipCode>778454375</ZipCode>
<PhoneNumber>9798626777</PhoneNumber>
<StreetAddress>400 Harvey Mitchell Pkwy South</StreetAddress>
<CountryName>United States</CountryName>
<StateName>Texas</StateName>
<StateCode>TX</StateCode>
</Institution>
<ProgramElement>
<Code>1281</Code>
<Text>ANALYSIS PROGRAM</Text>
</ProgramElement>
<ProgramReference>
<Code>7203</Code>
<Text>QUANTUM INFORMATION SCIENCE</Text>
</ProgramReference>
<ProgramReference>
<Code>7556</Code>
<Text>CONFERENCE AND WORKSHOPS</Text>
</ProgramReference>
</Award>
</rootTag>
