<?xml version="1.0" encoding="UTF-8"?>
<rootTag>
<Award>
<AwardTitle>Excellence In Research : HBCU Collision Collaboration - J/psi Peripheral Collision Analysis and Detection</AwardTitle>
<AwardEffectiveDate>09/01/2019</AwardEffectiveDate>
<AwardExpirationDate>08/31/2022</AwardExpirationDate>
<AwardTotalIntnAmount>581000.00</AwardTotalIntnAmount>
<AwardAmount>581000</AwardAmount>
<AwardInstrument>
<Value>Standard Grant</Value>
</AwardInstrument>
<Organization>
<Code>03010000</Code>
<Directorate>
<Abbreviation>MPS</Abbreviation>
<LongName>Direct For Mathematical &amp; Physical Scien</LongName>
</Directorate>
<Division>
<Abbreviation>PHY</Abbreviation>
<LongName>Division Of Physics</LongName>
</Division>
</Organization>
<ProgramOfficer>
<SignBlockName>James Thomas</SignBlockName>
</ProgramOfficer>
<AbstractNarration>The HBCU COLLIDER Collaboration's goal is to provide resources for HBCU nuclear and particle physics faculty to further the broader goals of their collective institutional missions through research.    The members of the COLLIDER Collaboration are Florida A&amp;M University (FAMU), Howard University (HU), and Texas Southern University (TSU).   Each institution's mission has a core commitment to increasing opportunities for underserved populations.  Both FAMU and HU have graduate physics programs and, through this project, will lay a foundation for broader participation of HBCUs and their underserved communities in planned major national investments in experimental nuclear physics at the Relativistic Heavy Ion Collider (RHIC), Jefferson Lab and the proposed Electron Ion Collider (EIC). &lt;br/&gt;&lt;br/&gt;There are two related objectives for this project.   1) The proposed research project involves the measurement of Ultra-peripheral J/Psi cross sections in heavy ion collisions with the PHENIX detector at RHIC.  2)  In addition, the project seeks to build a cosmic ray test stand to test multi gap Resistive Plate Chambers, a technology that can be used for 10 picosecond level time of flight measurements in modern nuclear and particle physics experiments.  Such an advance will greatly enhance the particle identification capabilities of collider detectors, enabling more knowledge about the fundamental laws of physics to be extracted from these collisions.&lt;br/&gt;&lt;br/&gt;This award reflects NSF's statutory mission and has been deemed worthy of support through evaluation using the Foundation's intellectual merit and broader impacts review criteria.</AbstractNarration>
<MinAmdLetterDate>08/16/2019</MinAmdLetterDate>
<MaxAmdLetterDate>08/16/2019</MaxAmdLetterDate>
<ARRAAmount/>
<AwardID>1901420</AwardID>
<Investigator>
<FirstName>Marcus</FirstName>
<LastName>Alfred</LastName>
<EmailAddress>maralfred@howard.edu</EmailAddress>
<StartDate>08/16/2019</StartDate>
<EndDate/>
<RoleCode>Principal Investigator</RoleCode>
</Investigator>
<Investigator>
<FirstName>carol</FirstName>
<LastName>scarlett</LastName>
<EmailAddress>carol.scarlett@famu.edu</EmailAddress>
<StartDate>08/16/2019</StartDate>
<EndDate/>
<RoleCode>Co-Principal Investigator</RoleCode>
</Investigator>
<Investigator>
<FirstName>Mark</FirstName>
<LastName>Harvey</LastName>
<EmailAddress>harveymc@tsu.edu</EmailAddress>
<StartDate>08/16/2019</StartDate>
<EndDate/>
<RoleCode>Co-Principal Investigator</RoleCode>
</Investigator>
<Institution>
<Name>Howard University</Name>
<CityName>Washington</CityName>
<ZipCode>200599000</ZipCode>
<PhoneNumber>2028064759</PhoneNumber>
<StreetAddress>2400 Sixth Street N W</StreetAddress>
<CountryName>United States</CountryName>
<StateName>District of Columbia</StateName>
<StateCode>DC</StateCode>
</Institution>
<ProgramElement>
<Code>070Y</Code>
<Text>HBCU-EiR - HBCU-Excellence in</Text>
</ProgramElement>
<ProgramElement>
<Code>1232</Code>
<Text>Nuclear &amp; Hadron Quantum Chrom</Text>
</ProgramElement>
<ProgramElement>
<Code>1253</Code>
<Text>OFFICE OF MULTIDISCIPLINARY AC</Text>
</ProgramElement>
<ProgramElement>
<Code>1594</Code>
<Text>Hist Black Colleges and Univ</Text>
</ProgramElement>
<ProgramElement>
<Code>7621</Code>
<Text>PHYSICS-BROADEN PARTICIPATION</Text>
</ProgramElement>
<ProgramReference>
<Code>9178</Code>
<Text>UNDERGRADUATE EDUCATION</Text>
</ProgramReference>
<ProgramReference>
<Code>9251</Code>
<Text>REU SUPP-Res Exp for Ugrd Supp</Text>
</ProgramReference>
</Award>
</rootTag>
