<?xml version="1.0" encoding="UTF-8"?>
<rootTag>
<Award>
<AwardTitle>Collaborative Research: Linking sea ice and snow cover changes to Greenland mass balance through stratospheric and tropospheric pathways</AwardTitle>
<AwardEffectiveDate>09/01/2019</AwardEffectiveDate>
<AwardExpirationDate>08/31/2022</AwardExpirationDate>
<AwardTotalIntnAmount>299761.00</AwardTotalIntnAmount>
<AwardAmount>299761</AwardAmount>
<AwardInstrument>
<Value>Standard Grant</Value>
</AwardInstrument>
<Organization>
<Code>06090100</Code>
<Directorate>
<Abbreviation>GEO</Abbreviation>
<LongName>Directorate For Geosciences</LongName>
</Directorate>
<Division>
<Abbreviation>OPP</Abbreviation>
<LongName>Office of Polar Programs (OPP)</LongName>
</Division>
</Organization>
<ProgramOfficer>
<SignBlockName>Gregory Anderson</SignBlockName>
</ProgramOfficer>
<AbstractNarration>Melting of the Greenland ice sheet is already the largest single contributor to sea level rise, and the rate of melt is accelerating.  At the same time, the Arctic as a whole is experiencing unprecedented changes and setting new records, including the decline of Arctic sea ice cover, the decline and early snowmelt onset of Northern Hemisphere snow cover, and an overall warming at a rate more than double anywhere else on the planet.  Studying and understanding the mechanisms linking the different Arctic components (Greenland, snow cover, and sea ice in the case of this research) and how, in turn, their changes are related to and driven by the atmosphere is fundamental to capture the physical processes driving the changes. This is, indeed, one of the key aspects to considerably improve our skills in estimating the future evolution of the Arctic under different warming scenarios and in projecting future sea level rise.&lt;br/&gt;&lt;br/&gt;This research is quantifying the relationships between sea ice, snow cover, atmospheric circulation changes and mass changes over the Greenland ice sheet through a combination of observational and modeling tools. These include in situ observations of sea ice cover and snow extent as well as remote sensing products and estimates of atmospheric circulation changes and outputs from climate models. We also use artificial intelligence (e.g., neural networks) to examine relationships between climate, atmospheric patterns and Greenland changes. Ultimately, this research is testing the hypothesis that atmospheric circulation changes associated with sea ice and snow cover extent variability control the mass balance of the Greenland ice sheet by modulating snowfall and surface melting. This research is also providing new insights on the linkages between the Arctic and mid-latitudes and how sea ice and snow cover changes might affect weather patterns outside the Arctic, including the United States.&lt;br/&gt;&lt;br/&gt;This award reflects NSF's statutory mission and has been deemed worthy of support through evaluation using the Foundation's intellectual merit and broader impacts review criteria.</AbstractNarration>
<MinAmdLetterDate>06/30/2019</MinAmdLetterDate>
<MaxAmdLetterDate>06/30/2019</MaxAmdLetterDate>
<ARRAAmount/>
<AwardID>1901352</AwardID>
<Investigator>
<FirstName>Judah</FirstName>
<LastName>Cohen</LastName>
<EmailAddress>jcohen@aer.com</EmailAddress>
<StartDate>06/30/2019</StartDate>
<EndDate/>
<RoleCode>Principal Investigator</RoleCode>
</Investigator>
<Institution>
<Name>Atmospheric and Environmental Research Inc</Name>
<CityName>Lexington</CityName>
<ZipCode>024213126</ZipCode>
<PhoneNumber>7817612288</PhoneNumber>
<StreetAddress>131 Hartwell Avenue</StreetAddress>
<CountryName>United States</CountryName>
<StateName>Massachusetts</StateName>
<StateCode>MA</StateCode>
</Institution>
<ProgramElement>
<Code>5219</Code>
<Text>ARCSS-Arctic System Science</Text>
</ProgramElement>
<ProgramReference>
<Code>1079</Code>
<Text>ARCTIC RESEARCH</Text>
</ProgramReference>
</Award>
</rootTag>
