<?xml version="1.0" encoding="UTF-8"?>
<rootTag>
<Award>
<AwardTitle>Dynamical Systems: Connecting Theory to Applications</AwardTitle>
<AwardEffectiveDate>07/01/2019</AwardEffectiveDate>
<AwardExpirationDate>06/30/2024</AwardExpirationDate>
<AwardTotalIntnAmount>547410.00</AwardTotalIntnAmount>
<AwardAmount>291501</AwardAmount>
<AwardInstrument>
<Value>Continuing grant</Value>
</AwardInstrument>
<Organization>
<Code>03040000</Code>
<Directorate>
<Abbreviation>MPS</Abbreviation>
<LongName>Direct For Mathematical &amp; Physical Scien</LongName>
</Directorate>
<Division>
<Abbreviation>DMS</Abbreviation>
<LongName>Division Of Mathematical Sciences</LongName>
</Division>
</Organization>
<ProgramOfficer>
<SignBlockName>Marian Bocea</SignBlockName>
</ProgramOfficer>
<AbstractNarration>Dynamical systems, a branch of mathematics concerned with the analysis of time evolutions of processes, is widely recognized as a basic tool for science. The research here is aimed at connecting dynamical systems theory to its potential applications. It will lead to significant advances within the field, greatly expanding its scope. It will promote the cross-fertilization between mathematics and other scientific disciplines including the biological sciences, focusing in this research on the mathematics of epidemiology and neuroscience. The research projects will offer training opportunities for students and junior scientists, and the principal investigator, a female mathematician, will serve as role model and contribute to diversity within the scientific work force.&lt;br/&gt; &lt;br/&gt;The research seeks to connect dynamical systems theory to applications in two different ways. One is to improve the applicability of existing theory by incorporating ideas of relevance (such as random noise and finite-time effects) and by introducing spatial and temporal scales to classical concepts. The principal investigator will work toward increasing the pool of concrete examples to promote the usefulness of the field. The other is to use dynamical systems tools to tackle problems that arise in the biological sciences. There are two specific topics in this research. One concerns the timeliness of the response to epidemic outbreaks; the problem is cast in the framework of infinite dimensional dynamical systems defined by delay differential equations. Another project analyzes, as a paradigm of the competition ubiquitous in biology, the dynamical interaction between excitatory and inhibitory neurons in local circuits of the cerebral cortex.&lt;br/&gt;&lt;br/&gt;This award reflects NSF's statutory mission and has been deemed worthy of support through evaluation using the Foundation's intellectual merit and broader impacts review criteria.</AbstractNarration>
<MinAmdLetterDate>06/21/2019</MinAmdLetterDate>
<MaxAmdLetterDate>06/21/2019</MaxAmdLetterDate>
<ARRAAmount/>
<AwardID>1901009</AwardID>
<Investigator>
<FirstName>Lai-Sang</FirstName>
<LastName>Young</LastName>
<EmailAddress>lsy@cims.nyu.edu</EmailAddress>
<StartDate>06/21/2019</StartDate>
<EndDate/>
<RoleCode>Principal Investigator</RoleCode>
</Investigator>
<Institution>
<Name>New York University</Name>
<CityName>NEW YORK</CityName>
<ZipCode>100121019</ZipCode>
<PhoneNumber>2129982121</PhoneNumber>
<StreetAddress>70 WASHINGTON SQUARE S</StreetAddress>
<CountryName>United States</CountryName>
<StateName>New York</StateName>
<StateCode>NY</StateCode>
</Institution>
<ProgramElement>
<Code>1281</Code>
<Text>ANALYSIS PROGRAM</Text>
</ProgramElement>
<ProgramElement>
<Code>7454</Code>
<Text>MSPA-INTERDISCIPLINARY</Text>
</ProgramElement>
<ProgramReference>
<Code>068Z</Code>
<Text>URoL-Understanding Rules of Life</Text>
</ProgramReference>
<ProgramReference>
<Code>8091</Code>
<Text>BRAIN Initiative Res Support</Text>
</ProgramReference>
</Award>
</rootTag>
