<?xml version="1.0" encoding="UTF-8"?>
<rootTag>
<Award>
<AwardTitle>Research Initiation Award: Designing Efficient Access Control Schemes for Implantable Medical Devices</AwardTitle>
<AwardEffectiveDate>05/15/2019</AwardEffectiveDate>
<AwardExpirationDate>04/30/2022</AwardExpirationDate>
<AwardTotalIntnAmount>299942.00</AwardTotalIntnAmount>
<AwardAmount>299942</AwardAmount>
<AwardInstrument>
<Value>Standard Grant</Value>
</AwardInstrument>
<Organization>
<Code>11060000</Code>
<Directorate>
<Abbreviation>EHR</Abbreviation>
<LongName>Direct For Education and Human Resources</LongName>
</Directorate>
<Division>
<Abbreviation>HRD</Abbreviation>
<LongName>Division Of Human Resource Development</LongName>
</Division>
</Organization>
<ProgramOfficer>
<SignBlockName>Claudia Rankins</SignBlockName>
</ProgramOfficer>
<AbstractNarration>Research Initiation Awards provide support for junior and mid-career faculty at Historically Black Colleges and Universities who are building new research programs or redirecting and rebuilding existing research programs. It is expected that the award helps to further the faculty member's research capability and effectiveness, improves research and teaching at the home institution, and involves undergraduate students in research experiences. The award to Fayetteville State University has potential broader impacts in a number of areas. The goal of this project is to study access control schemes for implantable medical devices; as well as to enhance teaching and learning at the university by developing courses and involving undergraduate students in this research. &lt;br/&gt;&lt;br/&gt; This research project designs and implements novel lightweight and generalized access control schemes that can effectively secure implantable medical devices (IMDs) from unauthorized access in both regular and emergency situations. The smartphone is used as a proxy to delegate the complex cryptographic computations for access control. Additionally, to prolong the lifetime of the resource-constrained IMDs, a modified compressive sensing technique will be used to reduce both the communication overheads and the computational overheads for data encryption between the IMD and the proxy. The ciphertext-policy attribute-based encryption (CP-ABE) will be employed to provide fine-grained access control over the qualifications of IMD programmer operator, usually the physician. The proposed access control schemes are fully automated and no patient participation is required. Currently, there are no common security standards or specifications available for IMD products to follow. The results of this project will prompt and guide the IMD industry to develop standards and specifications on the cybersecurity issues for commercial IMD products. This project will be conducted in collaboration with Temple University.&lt;br/&gt;&lt;br/&gt;This award reflects NSF's statutory mission and has been deemed worthy of support through evaluation using the Foundation's intellectual merit and broader impacts review criteria.</AbstractNarration>
<MinAmdLetterDate>05/01/2019</MinAmdLetterDate>
<MaxAmdLetterDate>05/01/2019</MaxAmdLetterDate>
<ARRAAmount/>
<AwardID>1901010</AwardID>
<Investigator>
<FirstName>Longfei</FirstName>
<LastName>Wu</LastName>
<EmailAddress>lwu@uncfsu.edu</EmailAddress>
<StartDate>05/01/2019</StartDate>
<EndDate/>
<RoleCode>Principal Investigator</RoleCode>
</Investigator>
<Institution>
<Name>Fayetteville State University</Name>
<CityName>Fayetteville</CityName>
<ZipCode>283014252</ZipCode>
<PhoneNumber>9106721141</PhoneNumber>
<StreetAddress>1200 Murchison Road</StreetAddress>
<CountryName>United States</CountryName>
<StateName>North Carolina</StateName>
<StateCode>NC</StateCode>
</Institution>
<ProgramElement>
<Code>1594</Code>
<Text>Hist Black Colleges and Univ</Text>
</ProgramElement>
<ProgramReference>
<Code>9178</Code>
<Text>UNDERGRADUATE EDUCATION</Text>
</ProgramReference>
</Award>
</rootTag>
