<?xml version="1.0" encoding="UTF-8"?>
<rootTag>
<Award>
<AwardTitle>SHF: Medium: Collaborative Research: Verification of Differential Privacy Mechanisms</AwardTitle>
<AwardEffectiveDate>10/01/2019</AwardEffectiveDate>
<AwardExpirationDate>09/30/2023</AwardExpirationDate>
<AwardTotalIntnAmount>800000.00</AwardTotalIntnAmount>
<AwardAmount>800000</AwardAmount>
<AwardInstrument>
<Value>Standard Grant</Value>
</AwardInstrument>
<Organization>
<Code>05010000</Code>
<Directorate>
<Abbreviation>CSE</Abbreviation>
<LongName>Direct For Computer &amp; Info Scie &amp; Enginr</LongName>
</Directorate>
<Division>
<Abbreviation>CCF</Abbreviation>
<LongName>Division of Computing and Communication Foundations</LongName>
</Division>
</Organization>
<ProgramOfficer>
<SignBlockName>Nina Amla</SignBlockName>
</ProgramOfficer>
<AbstractNarration>Information extraction from data is integral to decision making in public policy, science, and business. Responsible information extraction demands respecting privacy of individual data. Differential privacy is a  precise, and popular notion that ensures data privacy while guaranteeing its usefulness for analysis. Schemes to preserve data privacy are difficult to design. Even well intentioned mechanisms may fail to respect privacy, because reasoning about privacy of an analysis is subtle. This project develops automated methods that determine if a data analysis method, preserves data privacy with respect to the notion of differential privacy. These techniques either certify that the given data analysis method is differentially private, or provide feedback to analyst when it falls short. The project includes educational activities like mentoring/training of graduate students, development of curricular materials for graduate, undergraduate, middle and high school students, and participation in outreach  activities targeting under represented minorities at the undergraduate, middle and high school levels. &lt;br/&gt;&lt;br/&gt;The project takes a model checking based approach to verifying differential privacy. Principal research thrusts include (a) identification of  decidable and undecidable cases by considering programs of varying complexity; (b) development of model checking techniques, for decidability cases, that combat state space explosion using abstraction, symmetry reduction, and symbolic approaches; (c) development of counterexample schemes and methods to generate them; and (d) development of tools  implementing the algorithms and evaluating them experimentally on example programs. Research successes in the project will advance  state of the art in  verification of security and differential privacy. The project develops games and special off-line coding exercises for middle and high school students to introduce them to some of the challenges and ideas in security and privacy.&lt;br/&gt;&lt;br/&gt;This award reflects NSF's statutory mission and has been deemed worthy of support through evaluation using the Foundation's intellectual merit and broader impacts review criteria.</AbstractNarration>
<MinAmdLetterDate>05/17/2019</MinAmdLetterDate>
<MaxAmdLetterDate>05/17/2019</MaxAmdLetterDate>
<ARRAAmount/>
<AwardID>1901069</AwardID>
<Investigator>
<FirstName>Aravinda</FirstName>
<LastName>Sistla</LastName>
<EmailAddress>sistla@cs.uic.edu</EmailAddress>
<StartDate>05/17/2019</StartDate>
<EndDate/>
<RoleCode>Principal Investigator</RoleCode>
</Investigator>
<Investigator>
<FirstName>Mahesh</FirstName>
<LastName>Viswanathan</LastName>
<EmailAddress>vmahesh@uiuc.edu</EmailAddress>
<StartDate>05/17/2019</StartDate>
<EndDate/>
<RoleCode>Co-Principal Investigator</RoleCode>
</Investigator>
<Institution>
<Name>University of Illinois at Chicago</Name>
<CityName>CHICAGO</CityName>
<ZipCode>606124305</ZipCode>
<PhoneNumber>3129962862</PhoneNumber>
<StreetAddress>809 S. Marshfield Avenue</StreetAddress>
<CountryName>United States</CountryName>
<StateName>Illinois</StateName>
<StateCode>IL</StateCode>
</Institution>
<ProgramElement>
<Code>7798</Code>
<Text>Software &amp; Hardware Foundation</Text>
</ProgramElement>
<ProgramElement>
<Code>8060</Code>
<Text>Secure &amp;Trustworthy Cyberspace</Text>
</ProgramElement>
<ProgramReference>
<Code>025Z</Code>
<Text>SaTC: Secure and Trustworthy Cyberspace</Text>
</ProgramReference>
<ProgramReference>
<Code>7434</Code>
<Text>CNCI</Text>
</ProgramReference>
<ProgramReference>
<Code>7924</Code>
<Text>MEDIUM PROJECT</Text>
</ProgramReference>
<ProgramReference>
<Code>8206</Code>
<Text>Formal Methods and Verification</Text>
</ProgramReference>
<ProgramReference>
<Code>9150</Code>
<Text>EXP PROG TO STIM COMP RES</Text>
</ProgramReference>
</Award>
</rootTag>
